pba_code,pba_label,cendiv,cendiv_label,pubclim,pubclim_label,sqft,floor_count,year_built_category,operating_hours,occupancy_pct,site_eui,weight
2,Office,5,South Atlantic,3,Mixed mild,210000,12,2,70,100.0,141.5579,2.17
2,Office,9,Pacific,4,Warm,28000,5,6,45,100.0,61.8091,312.77
8,Outpatient health care,5,South Atlantic,4,Warm,2100,1,6,48,100.0,24.9462,1218.03
5,Nonrefrigerated warehouse,7,West South Central,5,Hot or very hot,240000,1,9,55,,13.2741,69.6
5,Nonrefrigerated warehouse,2,Middle Atlantic,3,Mixed mild,295000,1,4,80,,15.8543,199.58
14,Education,5,South Atlantic,3,Mixed mild,94000,2,7,60,,41.8672,99.04
14,Education,8,Mountain,5,Hot or very hot,41000,2,8,50,,48.8135,324.59
5,Nonrefrigerated warehouse,3,East North Central,2,Cool,122000,2,4,168,,31.8957,15.06
25,Retail other than mall,8,Mountain,2,Cool,96000,1,8,95,,31.0623,245.01
14,Education,2,Middle Atlantic,2,Cool,220000,3,3,80,,110.3707,44.64
25,Retail other than mall,2,Middle Atlantic,3,Mixed mild,7500,1,5,64,,129.3677,14.9
7,Public order and safety,9,Pacific,7,Withheld for confidentiality,350000,5,5,54,,75.7828,17.76
2,Office,8,Mountain,3,Mixed mild,30500,3,7,50,43.0,71.7387,621.37
14,Education,7,West South Central,4,Warm,8000,1,8,35,,25.0174,4468.96
5,Nonrefrigerated warehouse,3,East North Central,2,Cool,3000,2,6,45,,64.8957,3075.23
25,Retail other than mall,8,Mountain,5,Hot or very hot,8500,1,8,98,,64.6259,2934.43
14,Education,5,South Atlantic,4,Warm,51000,1,3,60,,38.1352,431.11
5,Nonrefrigerated warehouse,9,Pacific,7,Withheld for confidentiality,2100000,4,9,154,,8.5791,70.08
2,Office,6,East South Central,4,Warm,184000,3,2,38,92.0,89.3427,7.59
2,Office,2,Middle Atlantic,7,Withheld for confidentiality,1500000,18,2,168,100.0,114.0877,58.26
2,Office,3,East North Central,3,Mixed mild,240000,4,8,80,85.0,71.5657,15.06
2,Office,9,Pacific,4,Warm,210000,12,2,168,91.0,52.1353,15.06
2,Office,1,New England,1,Cold or very cold,22000,3,6,168,75.0,76.9686,1195.68
5,Nonrefrigerated warehouse,9,Pacific,3,Mixed mild,116000,1,8,86,,49.7965,15.06
2,Office,5,South Atlantic,3,Mixed mild,230000,18,8,50,92.0,41.6831,14.9
2,Office,2,Middle Atlantic,3,Mixed mild,182000,12,6,56,90.0,58.2564,14.9
2,Office,3,East North Central,2,Cool,420000,12,6,56,96.0,40.5143,15.06
2,Office,5,South Atlantic,4,Warm,3250,1,9,40,100.0,32.0477,1218.03
8,Outpatient health care,6,East South Central,4,Warm,1000000,3,4,168,98.0,107.0819,7.59
2,Office,9,Pacific,4,Warm,190000,5,8,60,80.0,47.6158,59.79
25,Retail other than mall,6,East South Central,4,Warm,158000,1,8,168,,107.7573,161.63
12,Religious worship,5,South Atlantic,5,Hot or very hot,62000,2,4,50,,57.6071,14.9
26,Service,1,New England,2,Cool,9000,1,2,70,,140.2103,3356.48
26,Service,5,South Atlantic,3,Mixed mild,5400,1,7,45,,56.308,1214.38
25,Retail other than mall,5,South Atlantic,3,Mixed mild,4500,1,5,75,,108.4116,2990.63
23,Strip shopping center,8,Mountain,5,Hot or very hot,26500,2,8,55,13.0,48.422,2009.74
14,Education,7,West South Central,3,Mixed mild,50000,1,3,45,,33.0072,330.8
17,Nursing,2,Middle Atlantic,3,Mixed mild,100001,3,7,168,,227.7558,9.01
5,Nonrefrigerated warehouse,7,West South Central,5,Hot or very hot,15000,1,6,168,,39.6066,3420.76
13,Public assembly,4,West North Central,2,Cool,20750,2,3,35,,12.4481,502.9
8,Outpatient health care,8,Mountain,3,Mixed mild,220000,4,8,168,100.0,160.4938,8.76
2,Office,1,New England,2,Cool,360000,12,2,40,80.0,70.5532,8.74
14,Education,2,Middle Atlantic,3,Mixed mild,500001,4,2,80,,82.6673,8.84
12,Religious worship,5,South Atlantic,4,Warm,11250,2,8,35,,41.2124,2990.63
5,Nonrefrigerated warehouse,9,Pacific,4,Warm,62000,2,7,50,,21.7996,215.07
2,Office,3,East North Central,2,Cool,260000,7,5,168,100.0,72.6327,51.34
2,Office,7,West South Central,5,Hot or very hot,80000,1,7,168,100.0,65.2223,245.01
2,Office,4,West North Central,3,Mixed mild,124000,12,2,120,100.0,106.4258,137.69
5,Nonrefrigerated warehouse,8,Mountain,2,Cool,260000,1,8,168,,36.5823,31.35
14,Education,7,West South Central,3,Mixed mild,220000,2,8,50,,49.2839,46.68
12,Religious worship,3,East North Central,2,Cool,50000,1,6,85,,37.309,611.8
16,Inpatient health care,9,Pacific,7,Withheld for confidentiality,230000,6,8,168,,70.3974,9.01
26,Service,7,West South Central,4,Warm,25000,1,4,56,,16.6161,589.53
6,Food sales,3,East North Central,2,Cool,110000,1,6,168,,213.8718,24.95
25,Retail other than mall,8,Mountain,5,Hot or very hot,41000,1,6,60,,21.5471,621.34
25,Retail other than mall,5,South Atlantic,4,Warm,200001,1,7,168,,99.1439,84.24
25,Retail other than mall,5,South Atlantic,4,Warm,210000,1,8,168,,95.0599,14.9
5,Nonrefrigerated warehouse,2,Middle Atlantic,2,Cool,63000,1,3,50,,41.0779,552.0
15,Food service,3,East North Central,3,Mixed mild,8400,2,2,120,,118.3729,1195.14
23,Strip shopping center,7,West South Central,5,Hot or very hot,25000,3,7,75,100.0,142.917,10.71
2,Office,3,East North Central,7,Withheld for confidentiality,1800000,18,8,68,99.0,27.2901,15.06
26,Service,6,East South Central,4,Warm,12000,1,4,40,,19.3542,1489.41
5,Nonrefrigerated warehouse,7,West South Central,4,Warm,15250,1,5,48,,13.6981,2990.63
8,Outpatient health care,2,Middle Atlantic,2,Cool,31000,2,8,50,100.0,43.4448,1218.03
5,Nonrefrigerated warehouse,5,South Atlantic,3,Mixed mild,31000,3,7,40,,30.3201,1632.49
2,Office,7,West South Central,4,Warm,12250,1,7,40,100.0,52.8168,1413.09
2,Office,7,West South Central,5,Hot or very hot,200001,8,8,65,72.0,58.5709,14.9
15,Food service,7,West South Central,3,Mixed mild,8000,1,8,98,,177.0041,1218.03
26,Service,7,West South Central,3,Mixed mild,3300,1,7,30,,25.9839,2990.63
13,Public assembly,2,Middle Atlantic,3,Mixed mild,100000,3,5,100,,36.9326,220.83
23,Strip shopping center,7,West South Central,4,Warm,21000,1,3,48,100.0,67.1881,2822.81
14,Education,2,Middle Atlantic,7,Withheld for confidentiality,335000,9,2,112,,81.2141,5.89
2,Office,3,East North Central,2,Cool,8800,3,2,36,100.0,57.5212,3075.23
13,Public assembly,3,East North Central,2,Cool,24000,1,4,25,,75.2801,1531.55
14,Education,8,Mountain,2,Cool,1001,1,8,45,,19.5295,4468.96
5,Nonrefrigerated warehouse,9,Pacific,4,Warm,118000,2,5,60,,10.0778,70.08
8,Outpatient health care,3,East North Central,1,Cold or very cold,42500,3,9,36,100.0,86.1373,717.24
17,Nursing,7,West South Central,4,Warm,64000,2,8,168,,67.4224,8.7
2,Office,9,Pacific,3,Mixed mild,300000,3,4,60,100.0,58.4587,70.08
14,Education,2,Middle Atlantic,3,Mixed mild,285000,2,4,80,,92.2204,44.64
2,Office,2,Middle Atlantic,3,Mixed mild,43000,4,2,40,100.0,87.7156,7.84
18,Lodging,9,Pacific,4,Warm,85000,4,7,168,,37.7552,100.08
14,Education,2,Middle Atlantic,3,Mixed mild,320000,6,2,78,,89.3855,50.66
14,Education,9,Pacific,7,Withheld for confidentiality,45000,3,4,75,,48.3219,495.15
17,Nursing,3,East North Central,2,Cool,176000,4,3,168,,162.9219,15.06
14,Education,9,Pacific,4,Warm,65000,1,3,40,,33.0004,100.08
5,Nonrefrigerated warehouse,9,Pacific,4,Warm,430000,1,9,90,,2.6905,52.43
14,Education,8,Mountain,3,Mixed mild,19750,2,7,55,,68.7134,621.37
13,Public assembly,3,East North Central,3,Mixed mild,87000,4,5,60,,96.1069,489.02
15,Food service,3,East North Central,2,Cool,1200,1,4,80,,314.0467,1265.79
5,Nonrefrigerated warehouse,3,East North Central,1,Cold or very cold,25000,2,8,40,,17.214,3554.88
18,Lodging,8,Mountain,2,Cool,255000,7,4,168,,76.3287,7.45
14,Education,8,Mountain,2,Cool,52000,1,7,45,,36.9841,330.8
5,Nonrefrigerated warehouse,2,Middle Atlantic,2,Cool,158000,3,3,40,,9.2583,8.76
2,Office,3,East North Central,1,Cold or very cold,5000,2,8,40,100.0,40.9172,3075.23
2,Office,7,West South Central,5,Hot or very hot,2500,1,5,40,100.0,56.504,2990.63
4,Laboratory,6,East South Central,4,Warm,315000,4,4,168,,378.2654,3.85
25,Retail other than mall,6,East South Central,4,Warm,40000,1,4,55,,58.9237,591.56
5,Nonrefrigerated warehouse,5,South Atlantic,5,Hot or very hot,85000,1,7,60,,16.785,32.47
2,Office,2,Middle Atlantic,2,Cool,102000,4,2,54,75.0,63.2645,224.76
2,Office,5,South Atlantic,5,Hot or very hot,128000,6,7,55,76.0,64.2233,14.9
2,Office,5,South Atlantic,5,Hot or very hot,45500,4,6,72,93.0,141.0044,304.76
18,Lodging,5,South Atlantic,4,Warm,210000,9,4,168,,57.0656,15.29
26,Service,7,West South Central,5,Hot or very hot,55000,1,4,72,,67.8127,14.9
26,Service,9,Pacific,4,Warm,6700,1,8,43,,55.9782,1531.55
26,Service,9,Pacific,2,Cool,4000,2,3,55,,20.3195,1420.0
25,Retail other than mall,5,South Atlantic,4,Warm,100000,1,8,70,,33.7634,213.58
2,Office,3,East North Central,2,Cool,176000,7,5,65,30.0,57.0767,141.31
5,Nonrefrigerated warehouse,7,West South Central,4,Warm,215000,2,4,13,,29.9848,14.9
8,Outpatient health care,4,West North Central,1,Cold or very cold,94000,4,7,72,95.0,164.6622,53.61
17,Nursing,6,East South Central,4,Warm,58000,1,8,168,,92.4053,245.01
14,Education,8,Mountain,3,Mixed mild,1200,1,8,35,,44.1483,4468.96
25,Retail other than mall,3,East North Central,2,Cool,64000,1,8,85,,41.7054,215.07
18,Lodging,3,East North Central,7,Withheld for confidentiality,340000,12,6,168,,81.6391,10.62
15,Food service,9,Pacific,3,Mixed mild,5500,1,5,168,,493.1922,1265.79
2,Office,9,Pacific,2,Cool,330000,18,6,66,87.0,66.6062,15.06
2,Office,5,South Atlantic,3,Mixed mild,126000,6,7,70,80.0,136.4973,54.0
26,Service,3,East North Central,2,Cool,5001,1,7,45,,41.5551,3075.23
5,Nonrefrigerated warehouse,8,Mountain,3,Mixed mild,112000,2,5,60,,31.6361,247.57
5,Nonrefrigerated warehouse,3,East North Central,2,Cool,260000,1,7,60,,63.6254,15.06
18,Lodging,2,Middle Atlantic,3,Mixed mild,142000,12,5,168,,75.8077,97.52
25,Retail other than mall,3,East North Central,2,Cool,64000,1,7,96,,89.919,125.92
12,Religious worship,5,South Atlantic,4,Warm,22000,1,8,37,,21.0328,1413.09
12,Religious worship,6,East South Central,4,Warm,9600,2,8,15,,5.9521,2577.06
15,Food service,9,Pacific,3,Mixed mild,1800,1,2,95,,200.4622,1265.79
18,Lodging,3,East North Central,2,Cool,3200,2,8,168,,125.9369,12528.53
5,Nonrefrigerated warehouse,7,West South Central,5,Hot or very hot,900000,1,8,100,,100.6409,69.6
25,Retail other than mall,1,New England,2,Cool,124000,1,7,105,,77.2251,105.74
2,Office,2,Middle Atlantic,3,Mixed mild,5000,2,2,56,100.0,53.6186,10800.91
12,Religious worship,7,West South Central,5,Hot or very hot,11250,1,7,52,,47.8148,2990.63
14,Education,6,East South Central,4,Warm,69000,2,3,40,,36.2647,97.52
25,Retail other than mall,6,East South Central,4,Warm,70000,1,7,102,,73.421,125.04
5,Nonrefrigerated warehouse,3,East North Central,3,Mixed mild,500001,1,7,112,,40.5475,15.06
13,Public assembly,5,South Atlantic,5,Hot or very hot,60000,3,8,40,,50.4337,431.11
5,Nonrefrigerated warehouse,8,Mountain,5,Hot or very hot,5300,1,5,3,,6.7725,6534.79
16,Inpatient health care,7,West South Central,7,Withheld for confidentiality,1700000,7,4,168,,268.6875,8.78
14,Education,1,New England,2,Cool,310000,3,9,50,,75.1348,44.12
2,Office,5,South Atlantic,5,Hot or very hot,85000,4,7,45,100.0,85.7233,304.76
5,Nonrefrigerated warehouse,1,New England,2,Cool,102000,5,2,40,,17.4444,68.56
2,Office,7,West South Central,4,Warm,2500,1,2,40,100.0,62.8516,2990.63
15,Food service,8,Mountain,1,Cold or very cold,5000,1,3,80,,196.0014,1049.59
5,Nonrefrigerated warehouse,2,Middle Atlantic,3,Mixed mild,800000,2,5,60,,16.8119,31.35
2,Office,5,South Atlantic,5,Hot or very hot,480000,18,6,168,60.0,91.9014,14.9
18,Lodging,3,East North Central,7,Withheld for confidentiality,30000,2,6,168,,87.6699,495.15
2,Office,5,South Atlantic,4,Warm,800000,12,6,55,85.0,69.4193,14.9
25,Retail other than mall,9,Pacific,5,Hot or very hot,220000,1,8,126,,115.6328,15.06
16,Inpatient health care,5,South Atlantic,7,Withheld for confidentiality,130000,2,9,168,,158.526,92.78
24,Enclosed mall,9,Pacific,7,Withheld for confidentiality,800000,2,6,74,85.0,44.7759,15.08
14,Education,1,New England,1,Cold or very cold,58000,1,7,45,,70.8297,97.52
15,Food service,5,South Atlantic,4,Warm,7400,2,9,84,,285.987,1218.03
13,Public assembly,3,East North Central,2,Cool,1500,1,9,60,,31.8727,1472.45
16,Inpatient health care,5,South Atlantic,7,Withheld for confidentiality,1700000,12,4,168,,81.3759,3.91
14,Education,1,New England,7,Withheld for confidentiality,11250,1,9,60,,99.6029,677.21
18,Lodging,9,Pacific,4,Warm,84000,2,5,168,,64.6606,100.08
13,Public assembly,7,West South Central,3,Mixed mild,66000,2,9,84,,85.6901,117.32
2,Office,8,Mountain,2,Cool,10250,2,8,45,100.0,122.3223,8.84
5,Nonrefrigerated warehouse,9,Pacific,4,Warm,46000,1,5,60,,10.9124,611.8
2,Office,7,West South Central,3,Mixed mild,13250,3,9,168,75.0,13.275,2934.43
2,Office,8,Mountain,2,Cool,176000,4,6,65,85.0,60.7338,58.26
13,Public assembly,4,West North Central,2,Cool,144000,5,8,96,,155.1666,22.05
2,Office,5,South Atlantic,4,Warm,1200,1,5,40,50.0,75.2733,6659.94
14,Education,2,Middle Atlantic,3,Mixed mild,270000,5,2,40,,47.278,50.03
2,Office,3,East North Central,2,Cool,37000,3,5,70,100.0,17.817,648.9
2,Office,8,Mountain,2,Cool,20000,1,8,80,100.0,85.1478,1445.98
2,Office,5,South Atlantic,5,Hot or very hot,370000,8,7,168,95.0,33.2288,58.26
2,Office,5,South Atlantic,4,Warm,152000,4,7,55,90.0,73.8038,340.6
14,Education,5,South Atlantic,7,Withheld for confidentiality,82000,3,2,60,,106.6557,97.52
15,Food service,9,Pacific,5,Hot or very hot,2700,1,2,96,,43.3978,1029.87
14,Education,7,West South Central,5,Hot or very hot,260000,3,9,44,,22.0621,44.64
4,Laboratory,5,South Atlantic,4,Warm,365000,12,8,60,,252.6765,5.52
8,Outpatient health care,2,Middle Atlantic,2,Cool,78000,2,7,35,100.0,88.5023,51.49
12,Religious worship,2,Middle Atlantic,1,Cold or very cold,3600,1,2,8,,64.7514,2934.43
5,Nonrefrigerated warehouse,9,Pacific,4,Warm,300000,2,9,168,,29.5008,15.06
25,Retail other than mall,3,East North Central,2,Cool,176000,1,8,168,,132.1055,98.46
13,Public assembly,3,East North Central,2,Cool,7000,1,7,168,,39.4026,1399.59
15,Food service,3,East North Central,1,Cold or very cold,3300,1,8,91,,594.6764,1265.79
14,Education,1,New England,7,Withheld for confidentiality,138000,3,9,45,,69.5193,50.23
25,Retail other than mall,6,East South Central,4,Warm,128000,1,8,100,,80.3275,125.04
2,Office,2,Middle Atlantic,3,Mixed mild,28000,2,6,40,75.0,33.2915,589.53
23,Strip shopping center,8,Mountain,2,Cool,5200,2,6,25,83.0,75.3519,1930.83
14,Education,8,Mountain,2,Cool,50001,2,9,45,,67.8381,99.04
2,Office,2,Middle Atlantic,3,Mixed mild,250000,8,7,168,100.0,70.78,58.26
26,Service,3,East North Central,1,Cold or very cold,5500,1,8,40,,120.1975,3075.23
91,Other,2,Middle Atlantic,3,Mixed mild,15000,1,6,168,,980.2375,690.18
14,Education,2,Middle Atlantic,3,Mixed mild,128000,1,7,60,,75.7145,99.38
14,Education,7,West South Central,4,Warm,27500,1,6,50,,18.4598,1426.39
2,Office,7,West South Central,5,Hot or very hot,250000,4,9,130,100.0,55.8408,58.26
2,Office,4,West North Central,1,Cold or very cold,4150,2,5,45,100.0,51.7053,22.22
6,Food sales,3,East North Central,3,Mixed mild,1800,1,4,112,,210.5761,2934.43
12,Religious worship,6,East South Central,4,Warm,6100,1,3,8,,28.9762,2990.63
5,Nonrefrigerated warehouse,9,Pacific,4,Warm,130000,2,9,40,,6.2943,49.37
2,Office,4,West North Central,2,Cool,10000,2,8,168,100.0,63.9558,1745.76
23,Strip shopping center,7,West South Central,5,Hot or very hot,150000,1,5,75,93.0,146.0949,175.02
2,Office,9,Pacific,4,Warm,6200,2,9,40,100.0,8.9935,1265.79
2,Office,3,East North Central,2,Cool,2400,3,5,24,100.0,13.6812,1335.8
5,Nonrefrigerated warehouse,5,South Atlantic,4,Warm,370000,1,8,40,,53.6481,32.47
25,Retail other than mall,8,Mountain,1,Cold or very cold,7200,1,8,66,,158.7589,2990.63
14,Education,5,South Atlantic,7,Withheld for confidentiality,58000,1,7,81,,163.4582,288.37
17,Nursing,5,South Atlantic,4,Warm,53000,1,3,168,,169.6942,460.21
5,Nonrefrigerated warehouse,1,New England,1,Cold or very cold,1950,1,8,168,,2.54,6534.79
26,Service,9,Pacific,4,Warm,2150,2,8,79,,42.387,3075.23
14,Education,4,West North Central,1,Cold or very cold,30000,2,8,55,,60.9184,504.63
23,Strip shopping center,2,Middle Atlantic,3,Mixed mild,13000,2,4,75,100.0,100.2649,2009.74
26,Service,3,East North Central,2,Cool,1050,1,4,45,,7.8048,3075.23
2,Office,5,South Atlantic,3,Mixed mild,17750,2,5,40,100.0,105.1532,589.53
2,Office,5,South Atlantic,3,Mixed mild,275000,12,6,45,60.0,128.2069,81.37
2,Office,3,East North Central,2,Cool,800000,18,6,168,95.0,87.3907,15.06
2,Office,9,Pacific,4,Warm,13500,2,5,50,100.0,29.6078,1531.55
14,Education,2,Middle Atlantic,3,Mixed mild,35500,1,4,35,,72.181,288.37
14,Education,3,East North Central,3,Mixed mild,77000,2,8,68,,47.8879,100.08
14,Education,6,East South Central,4,Warm,8800,1,8,84,,99.7205,4468.96
2,Office,2,Middle Atlantic,3,Mixed mild,700000,5,5,168,92.0,117.6815,14.9
6,Food sales,5,South Atlantic,4,Warm,2400,3,3,40,,170.7571,1195.14
14,Education,3,East North Central,2,Cool,118000,3,2,100,,73.1386,100.08
5,Nonrefrigerated warehouse,5,South Atlantic,4,Warm,140000,1,2,84,,24.1544,32.47
91,Other,2,Middle Atlantic,3,Mixed mild,17000,4,3,24,,59.8643,1421.48
6,Food sales,8,Mountain,5,Hot or very hot,120000,1,7,168,,168.7666,14.67
26,Service,2,Middle Atlantic,2,Cool,6400,1,5,75,,38.9,6659.94
2,Office,5,South Atlantic,4,Warm,1500,1,8,45,100.0,12.5853,3320.27
5,Nonrefrigerated warehouse,7,West South Central,5,Hot or very hot,182000,1,3,50,,20.0089,69.6
25,Retail other than mall,5,South Atlantic,5,Hot or very hot,198000,1,7,168,,112.3714,14.9
14,Education,8,Mountain,4,Warm,51000,1,3,55,,23.5327,423.01
17,Nursing,2,Middle Atlantic,1,Cold or very cold,215000,4,5,168,,146.9776,11.64
17,Nursing,5,South Atlantic,4,Warm,35000,1,5,168,,161.6648,1218.58
14,Education,4,West North Central,1,Cold or very cold,39000,3,8,80,,40.1685,502.9
16,Inpatient health care,2,Middle Atlantic,7,Withheld for confidentiality,425000,8,5,168,,304.2619,10.07
2,Office,3,East North Central,2,Cool,230000,12,7,68,77.0,56.1698,15.06
5,Nonrefrigerated warehouse,3,East North Central,2,Cool,10250,3,4,43,,60.1974,1265.79
2,Office,7,West South Central,4,Warm,196000,2,4,60,100.0,9.8328,125.04
8,Outpatient health care,2,Middle Atlantic,3,Mixed mild,60000,12,2,50,100.0,53.4977,127.33
5,Nonrefrigerated warehouse,9,Pacific,5,Hot or very hot,26500,1,8,60,,25.5511,611.8
2,Office,5,South Atlantic,4,Warm,1700,1,8,45,100.0,46.9294,2990.63
2,Office,7,West South Central,3,Mixed mild,8000,1,5,45,100.0,44.6772,30.86
2,Office,7,West South Central,4,Warm,13000,1,6,40,100.0,51.4821,1413.09
6,Food sales,5,South Atlantic,4,Warm,1900,1,6,80,,270.5542,2990.63
13,Public assembly,2,Middle Atlantic,2,Cool,285000,4,6,47,,138.3155,14.9
2,Office,9,Pacific,4,Warm,245000,18,6,168,85.0,58.9767,15.06
13,Public assembly,1,New England,2,Cool,32500,4,7,168,,75.6528,1461.43
12,Religious worship,6,East South Central,4,Warm,50000,2,8,168,,27.9778,591.56
5,Nonrefrigerated warehouse,8,Mountain,3,Mixed mild,15000,1,6,45,,27.5671,1030.4
2,Office,2,Middle Atlantic,2,Cool,57000,1,7,50,24.0,64.8492,117.32
14,Education,2,Middle Atlantic,2,Cool,106000,1,3,55,,69.0053,117.32
16,Inpatient health care,3,East North Central,7,Withheld for confidentiality,400000,7,8,168,,302.3006,43.44
17,Nursing,3,East North Central,2,Cool,55000,1,6,168,,92.0739,290.39
2,Office,3,East North Central,2,Cool,270000,12,7,50,80.0,113.7793,31.68
5,Nonrefrigerated warehouse,2,Middle Atlantic,3,Mixed mild,400000,2,5,60,,46.9898,69.6
12,Religious worship,5,South Atlantic,3,Mixed mild,10000,1,8,4,,13.5657,2990.63
7,Public order and safety,9,Pacific,7,Withheld for confidentiality,72000,3,5,45,,86.2209,290.39
7,Public order and safety,6,East South Central,7,Withheld for confidentiality,410000,8,8,55,,59.9964,6.42
26,Service,3,East North Central,1,Cold or very cold,65000,2,8,40,,69.0027,290.39
14,Education,2,Middle Atlantic,2,Cool,138000,1,5,40,,62.4777,8.84
5,Nonrefrigerated warehouse,6,East South Central,4,Warm,210000,1,8,40,,0.6585,173.7
14,Education,7,West South Central,5,Hot or very hot,81000,1,5,55,,49.4578,330.8
5,Nonrefrigerated warehouse,5,South Atlantic,4,Warm,75000,1,6,40,,12.5778,570.75
14,Education,5,South Atlantic,3,Mixed mild,460000,3,8,126,,72.3767,17.7
14,Education,9,Pacific,4,Warm,49000,1,4,50,,94.3611,306.64
13,Public assembly,1,New England,2,Cool,8200,2,4,56,,101.0124,2934.43
25,Retail other than mall,5,South Atlantic,3,Mixed mild,31000,2,5,56,,29.8165,14.9
7,Public order and safety,8,Mountain,7,Withheld for confidentiality,136000,5,4,50,,39.4988,50.03
5,Nonrefrigerated warehouse,4,West North Central,1,Cold or very cold,495000,2,7,168,,37.6925,14.9
14,Education,7,West South Central,3,Mixed mild,5001,1,4,53,,122.9066,1426.39
16,Inpatient health care,2,Middle Atlantic,7,Withheld for confidentiality,430000,6,9,168,,290.5955,10.07
2,Office,3,East North Central,3,Mixed mild,21750,1,5,45,50.0,128.6366,15.06
26,Service,3,East North Central,2,Cool,12750,2,7,45,,96.0773,4375.84
18,Lodging,7,West South Central,7,Withheld for confidentiality,200000,12,5,168,,76.3784,9.01
13,Public assembly,5,South Atlantic,5,Hot or very hot,30000,2,3,40,,48.2737,621.37
6,Food sales,5,South Atlantic,3,Mixed mild,2400,1,8,74,,192.4108,3480.09
2,Office,5,South Atlantic,4,Warm,200000,3,3,60,100.0,91.2548,5.98
2,Office,4,West North Central,1,Cold or very cold,5600,1,8,50,100.0,55.4018,2990.63
18,Lodging,2,Middle Atlantic,7,Withheld for confidentiality,280000,18,2,168,,158.2119,9.01
2,Office,8,Mountain,3,Mixed mild,66000,1,4,50,100.0,109.6697,245.01
14,Education,3,East North Central,1,Cold or very cold,390000,3,4,50,,58.2564,10.55
13,Public assembly,7,West South Central,4,Warm,280000,1,9,48,,162.3514,52.07
26,Service,6,East South Central,3,Mixed mild,5200,2,8,45,,97.4871,2990.63
2,Office,9,Pacific,4,Warm,280000,2,5,71,100.0,29.2104,15.06
14,Education,3,East North Central,2,Cool,75000,3,5,60,,89.5776,306.64
16,Inpatient health care,1,New England,7,Withheld for confidentiality,126000,3,4,168,,215.0435,61.59
18,Lodging,7,West South Central,3,Mixed mild,64000,5,8,168,,82.3502,9.07
8,Outpatient health care,9,Pacific,3,Mixed mild,100000,6,2,40,100.0,57.5267,611.8
2,Office,5,South Atlantic,3,Mixed mild,430000,18,7,60,100.0,61.0839,14.9
12,Religious worship,7,West South Central,3,Mixed mild,20000,2,7,34,,77.2279,1241.41
18,Lodging,3,East North Central,7,Withheld for confidentiality,15000,2,6,168,,65.5691,1399.59
12,Religious worship,1,New England,2,Cool,18500,3,5,16,,24.3495,1461.43
14,Education,8,Mountain,2,Cool,240000,3,5,60,,43.841,8.84
14,Education,2,Middle Atlantic,3,Mixed mild,150000,4,8,122,,96.5778,110.84
14,Education,4,West North Central,3,Mixed mild,130000,1,8,40,,45.9301,99.38
14,Education,2,Middle Atlantic,2,Cool,280000,2,3,40,,91.62,8.84
14,Education,1,New England,2,Cool,59000,2,7,80,,17.6525,324.59
5,Nonrefrigerated warehouse,9,Pacific,4,Warm,27000,2,5,45,,1.6545,611.8
18,Lodging,5,South Atlantic,7,Withheld for confidentiality,210000,12,6,168,,60.0794,9.01
15,Food service,8,Mountain,5,Hot or very hot,5000,1,8,140,,387.8786,1195.14
13,Public assembly,9,Pacific,4,Warm,16000,1,8,36,,34.2631,1531.55
26,Service,8,Mountain,5,Hot or very hot,2200,1,3,55,,44.3195,2934.43
6,Food sales,7,West South Central,3,Mixed mild,2100,1,8,85,,180.6329,2990.63
18,Lodging,8,Mountain,7,Withheld for confidentiality,2100000,18,6,168,,37.9946,8.84
2,Office,4,West North Central,1,Cold or very cold,275000,5,7,168,100.0,464.943,14.9
13,Public assembly,2,Middle Atlantic,3,Mixed mild,400000,3,2,45,,120.3254,8.57
14,Education,2,Middle Atlantic,3,Mixed mild,82000,2,8,50,,102.0534,99.04
5,Nonrefrigerated warehouse,7,West South Central,5,Hot or very hot,70000,1,7,80,,25.9731,247.57
14,Education,2,Middle Atlantic,3,Mixed mild,164000,5,4,55,,121.6959,50.03
18,Lodging,9,Pacific,7,Withheld for confidentiality,250000,18,8,168,,49.7279,9.11
23,Strip shopping center,5,South Atlantic,4,Warm,35000,1,7,89,100.0,96.5444,841.34
16,Inpatient health care,7,West South Central,7,Withheld for confidentiality,1700000,18,9,168,,194.6799,8.78
2,Office,2,Middle Atlantic,3,Mixed mild,72000,18,6,85,100.0,92.7581,246.59
13,Public assembly,5,South Atlantic,5,Hot or very hot,180000,2,6,112,,129.9007,14.9
5,Nonrefrigerated warehouse,4,West North Central,3,Mixed mild,174000,1,3,120,,84.3863,55.13
14,Education,3,East North Central,2,Cool,450000,4,5,96,,37.9403,8.93
2,Office,2,Middle Atlantic,7,Withheld for confidentiality,1500000,18,7,168,90.0,111.5336,14.9
14,Education,8,Mountain,7,Withheld for confidentiality,225000,6,6,120,,82.3433,6.77
8,Outpatient health care,2,Middle Atlantic,3,Mixed mild,5800,3,3,86,100.0,40.5941,1195.14
18,Lodging,7,West South Central,7,Withheld for confidentiality,375000,6,6,168,,48.8561,9.01
5,Nonrefrigerated warehouse,9,Pacific,4,Warm,180000,2,6,40,,54.5379,15.06
25,Retail other than mall,7,West South Central,3,Mixed mild,102000,1,8,103,,88.707,125.04
15,Food service,7,West South Central,5,Hot or very hot,2450,1,3,65,,199.9788,2990.63
2,Office,7,West South Central,7,Withheld for confidentiality,1700000,4,7,72,75.0,35.1632,14.9
6,Food sales,9,Pacific,2,Cool,2350,1,4,140,,277.6894,3075.23
14,Education,3,East North Central,2,Cool,156000,3,7,50,,42.3304,100.08
2,Office,5,South Atlantic,3,Mixed mild,83000,3,4,54,85.0,52.1426,12.83
26,Service,3,East North Central,3,Mixed mild,8400,1,4,45,,43.294,1829.53
14,Education,6,East South Central,4,Warm,31000,3,2,78,,55.5092,611.8
25,Retail other than mall,7,West South Central,3,Mixed mild,220000,1,7,168,,103.9048,14.9
6,Food sales,2,Middle Atlantic,2,Cool,3000,1,4,70,,173.9503,1218.03
18,Lodging,1,New England,7,Withheld for confidentiality,110000,6,7,168,,66.7368,97.52
23,Strip shopping center,6,East South Central,4,Warm,48500,1,8,75,100.0,133.5565,395.28
2,Office,8,Mountain,2,Cool,43500,4,8,42,100.0,65.0897,9.01
15,Food service,3,East North Central,3,Mixed mild,1600,1,8,84,,226.8944,1265.79
2,Office,9,Pacific,4,Warm,40500,3,8,65,65.0,32.0244,312.77
5,Nonrefrigerated warehouse,7,West South Central,5,Hot or very hot,126000,1,8,50,,9.8817,31.35
5,Nonrefrigerated warehouse,5,South Atlantic,4,Warm,128000,1,7,168,,77.1094,66.03
23,Strip shopping center,7,West South Central,5,Hot or very hot,12000,1,4,75,87.0,90.4259,841.34
18,Lodging,3,East North Central,7,Withheld for confidentiality,162000,5,4,168,,106.7372,8.93
26,Service,8,Mountain,3,Mixed mild,1300,2,7,50,,105.6362,2990.63
15,Food service,3,East North Central,2,Cool,1200,1,4,50,,261.045,3816.56
5,Nonrefrigerated warehouse,9,Pacific,4,Warm,240000,2,6,126,,32.6498,32.81
5,Nonrefrigerated warehouse,5,South Atlantic,4,Warm,250000,1,8,60,,23.0436,32.47
14,Education,3,East North Central,2,Cool,90000,2,6,90,,55.5773,282.95
13,Public assembly,7,West South Central,4,Warm,255000,4,3,112,,85.356,8.44
14,Education,6,East South Central,4,Warm,7500,1,4,50,,74.7521,4468.96
18,Lodging,5,South Atlantic,7,Withheld for confidentiality,375000,12,7,168,,76.5585,8.84
5,Nonrefrigerated warehouse,3,East North Central,3,Mixed mild,20000,5,2,0,,38.8022,946.18
2,Office,3,East North Central,2,Cool,5000,1,2,50,100.0,33.5598,3075.23
2,Office,2,Middle Atlantic,2,Cool,2300,3,2,45,100.0,68.2087,1218.03
5,Nonrefrigerated warehouse,5,South Atlantic,4,Warm,250000,1,3,50,,18.8842,28.53
5,Nonrefrigerated warehouse,7,West South Central,3,Mixed mild,7800,1,5,40,,2.8097,2934.43
14,Education,3,East North Central,1,Cold or very cold,152000,2,3,80,,45.4769,290.39
13,Public assembly,8,Mountain,2,Cool,180000,2,7,96,,169.5499,8.57
2,Office,4,West North Central,3,Mixed mild,124000,3,8,55,100.0,52.2965,27.6
15,Food service,7,West South Central,5,Hot or very hot,3300,1,8,98,,243.7639,1218.03
17,Nursing,2,Middle Atlantic,3,Mixed mild,106000,3,8,168,,150.177,54.94
14,Education,9,Pacific,2,Cool,2700,2,2,40,,170.7378,4384.99
5,Nonrefrigerated warehouse,3,East North Central,2,Cool,6300,1,2,48,,78.3919,3709.28
13,Public assembly,7,West South Central,5,Hot or very hot,64000,4,8,14,,98.3695,14.9
11,Refrigerated warehouse,1,New England,2,Cool,66000,2,4,168,,146.8512,105.74
2,Office,2,Middle Atlantic,3,Mixed mild,700000,18,2,168,75.0,46.431,8.76
14,Education,7,West South Central,4,Warm,280000,3,3,40,,63.4801,44.64
14,Education,8,Mountain,2,Cool,49000,1,9,60,,48.7997,99.04
13,Public assembly,4,West North Central,3,Mixed mild,26500,2,7,56,,54.6796,747.01
2,Office,8,Mountain,2,Cool,91000,4,6,50,100.0,38.5961,14.9
2,Office,6,East South Central,3,Mixed mild,6000,1,7,60,100.0,58.9597,1218.03
18,Lodging,3,East North Central,7,Withheld for confidentiality,80000,6,7,168,,114.298,100.08
25,Retail other than mall,5,South Atlantic,4,Warm,35000,1,7,50,,50.4757,591.56
2,Office,5,South Atlantic,3,Mixed mild,700000,18,7,50,85.0,21.3016,14.9
2,Office,4,West North Central,3,Mixed mild,800000,8,6,11,95.0,44.8818,14.9
13,Public assembly,8,Mountain,2,Cool,270000,3,5,168,,75.2715,8.6
13,Public assembly,4,West North Central,1,Cold or very cold,1001,1,2,12,,62.3626,2990.63
13,Public assembly,7,West South Central,5,Hot or very hot,5500,1,7,40,,27.2978,4468.96
14,Education,5,South Atlantic,3,Mixed mild,63000,1,7,47,,68.6393,288.37
5,Nonrefrigerated warehouse,6,East South Central,4,Warm,350000,2,6,100,,27.8807,27.17
25,Retail other than mall,7,West South Central,5,Hot or very hot,205000,1,8,133,,103.9437,14.9
14,Education,6,East South Central,3,Mixed mild,182000,1,8,65,,26.7845,145.49
91,Other,2,Middle Atlantic,3,Mixed mild,420000,3,8,168,,490.6579,48.85
2,Office,5,South Atlantic,4,Warm,120000,3,8,15,60.0,51.0204,9.07
26,Service,2,Middle Atlantic,2,Cool,26500,2,8,40,,43.0378,1489.41
16,Inpatient health care,6,East South Central,7,Withheld for confidentiality,800000,6,4,168,,155.412,8.78
23,Strip shopping center,5,South Atlantic,4,Warm,265000,1,7,168,100.0,210.2973,10.71
25,Retail other than mall,5,South Atlantic,4,Warm,5300,1,5,100,,62.5598,5337.59
5,Nonrefrigerated warehouse,8,Mountain,7,Withheld for confidentiality,2100000,2,7,75,,19.1585,14.9
2,Office,4,West North Central,2,Cool,12250,1,9,40,50.0,25.6301,1662.63
2,Office,1,New England,2,Cool,900000,18,7,168,98.0,80.1555,14.73
8,Outpatient health care,9,Pacific,4,Warm,225000,3,6,80,99.0,142.4105,9.16
5,Nonrefrigerated warehouse,6,East South Central,4,Warm,355000,1,4,43,,11.0389,69.6
25,Retail other than mall,8,Mountain,5,Hot or very hot,205000,1,7,168,,118.0587,14.67
14,Education,2,Middle Atlantic,1,Cold or very cold,108000,1,7,40,,64.4083,44.64
26,Service,5,South Atlantic,5,Hot or very hot,1200,1,6,50,,16.0725,2990.63
2,Office,5,South Atlantic,4,Warm,138000,6,7,168,89.0,38.4656,149.25
2,Office,3,East North Central,1,Cold or very cold,24000,2,8,40,100.0,57.8253,611.8
16,Inpatient health care,2,Middle Atlantic,7,Withheld for confidentiality,450000,12,4,168,,339.0933,8.78
14,Education,3,East North Central,1,Cold or very cold,270000,2,7,96,,63.188,43.95
16,Inpatient health care,4,West North Central,7,Withheld for confidentiality,265000,4,6,168,,181.6808,10.07
6,Food sales,2,Middle Atlantic,3,Mixed mild,1900,1,4,80,,212.9795,1779.2
14,Education,3,East North Central,7,Withheld for confidentiality,69000,2,7,80,,93.9302,221.3
2,Office,5,South Atlantic,4,Warm,110000,1,7,92,100.0,50.1311,125.04
15,Food service,3,East North Central,3,Mixed mild,1650,1,4,91,,553.8091,1195.14
14,Education,9,Pacific,4,Warm,24500,1,9,35,,23.446,4384.99
13,Public assembly,7,West South Central,5,Hot or very hot,144000,7,8,76,,104.2395,137.69
2,Office,8,Mountain,2,Cool,7000,2,4,45,100.0,39.6663,2990.63
14,Education,3,East North Central,2,Cool,67000,3,3,60,,86.1083,100.08
14,Education,3,East North Central,7,Withheld for confidentiality,21000,3,2,60,,99.865,1399.59
23,Strip shopping center,8,Mountain,5,Hot or very hot,37500,1,4,55,85.0,74.8593,841.34
16,Inpatient health care,3,East North Central,7,Withheld for confidentiality,900000,6,8,168,,148.1583,57.33
18,Lodging,2,Middle Atlantic,7,Withheld for confidentiality,205000,9,6,168,,89.7076,8.84
17,Nursing,9,Pacific,3,Mixed mild,400000,3,5,168,,29.8666,12.46
4,Laboratory,6,East South Central,4,Warm,85000,1,5,43,,17.3444,633.24
2,Office,5,South Atlantic,4,Warm,55000,3,8,44,85.0,27.4245,224.76
17,Nursing,3,East North Central,3,Mixed mild,176000,9,5,168,,76.3339,110.84
18,Lodging,9,Pacific,7,Withheld for confidentiality,255000,12,6,168,,70.526,15.06
2,Office,5,South Atlantic,3,Mixed mild,84000,3,3,44,90.0,82.8041,288.37
8,Outpatient health care,5,South Atlantic,4,Warm,42500,2,9,60,100.0,104.6213,687.8
2,Office,5,South Atlantic,3,Mixed mild,365000,12,5,70,100.0,47.452,9.07
2,Office,1,New England,3,Mixed mild,285000,9,6,60,75.0,80.1725,14.73
14,Education,8,Mountain,5,Hot or very hot,3600,1,3,60,,36.9908,4384.99
13,Public assembly,3,East North Central,2,Cool,7000,1,5,49,,123.791,3075.23
2,Office,4,West North Central,3,Mixed mild,44500,1,8,45,100.0,52.4972,48.85
2,Office,5,South Atlantic,7,Withheld for confidentiality,1700000,8,2,84,90.0,72.6629,12.54
26,Service,5,South Atlantic,5,Hot or very hot,8000,1,5,60,,81.3848,1489.41
14,Education,7,West South Central,5,Hot or very hot,110000,2,2,10,,17.8622,99.04
2,Office,5,South Atlantic,5,Hot or very hot,215000,7,8,60,85.0,48.877,14.9
91,Other,5,South Atlantic,4,Warm,20000,3,9,40,,66.1734,589.53
14,Education,8,Mountain,7,Withheld for confidentiality,87000,3,8,112,,86.593,97.52
18,Lodging,7,West South Central,7,Withheld for confidentiality,73000,4,8,168,,59.5252,324.59
14,Education,9,Pacific,3,Mixed mild,76000,3,8,65,,21.7101,100.08
5,Nonrefrigerated warehouse,3,East North Central,1,Cold or very cold,6000,1,3,168,,3.3722,6921.06
2,Office,5,South Atlantic,5,Hot or very hot,2500,1,5,60,100.0,67.8304,1218.03
8,Outpatient health care,6,East South Central,4,Warm,5700,1,8,54,97.0,143.4351,1218.03
14,Education,4,West North Central,1,Cold or very cold,140000,2,5,66,,53.9112,99.04
14,Education,3,East North Central,2,Cool,63000,2,2,50,,103.9221,100.08
7,Public order and safety,9,Pacific,7,Withheld for confidentiality,460000,7,2,52,,33.3704,6.59
4,Laboratory,2,Middle Atlantic,3,Mixed mild,400000,12,8,168,,186.9529,9.88
8,Outpatient health care,3,East North Central,2,Cool,86000,2,7,37,100.0,132.9053,74.25
14,Education,8,Mountain,2,Cool,65000,1,7,45,,42.0591,383.99
18,Lodging,2,Middle Atlantic,3,Mixed mild,315000,18,2,168,,36.9217,8.76
2,Office,5,South Atlantic,4,Warm,3050,1,6,40,100.0,13.5797,3320.27
2,Office,8,Mountain,3,Mixed mild,13500,1,7,70,85.0,40.3037,1489.41
14,Education,5,South Atlantic,4,Warm,54000,3,8,45,,40.6328,431.11
12,Religious worship,8,Mountain,2,Cool,21000,1,9,20,,40.7639,774.84
2,Office,2,Middle Atlantic,3,Mixed mild,134000,5,8,50,100.0,43.8479,14.9
23,Strip shopping center,4,West North Central,1,Cold or very cold,98000,1,8,168,98.0,187.1675,175.02
8,Outpatient health care,1,New England,1,Cold or very cold,2650,1,6,70,100.0,82.9155,1195.14
14,Education,2,Middle Atlantic,3,Mixed mild,67000,2,4,40,,95.1296,303.46
18,Lodging,9,Pacific,7,Withheld for confidentiality,345000,12,6,168,,108.9901,9.11
6,Food sales,3,East North Central,1,Cold or very cold,54000,2,7,168,,417.5625,215.07
13,Public assembly,5,South Atlantic,4,Warm,2900,1,8,98,,243.4279,2800.45
5,Nonrefrigerated warehouse,7,West South Central,5,Hot or very hot,4000,1,6,60,,2.024,6659.94
14,Education,3,East North Central,2,Cool,67000,1,8,42,,84.2346,290.39
26,Service,7,West South Central,5,Hot or very hot,10000,1,4,85,,23.1805,2990.63
5,Nonrefrigerated warehouse,9,Pacific,4,Warm,56000,2,6,40,,12.7347,118.55
2,Office,5,South Atlantic,4,Warm,415000,18,4,40,75.0,63.6414,14.9
2,Office,3,East North Central,7,Withheld for confidentiality,1800000,18,2,55,72.0,92.9677,59.79
15,Food service,8,Mountain,2,Cool,9400,1,6,84,,225.6594,4468.96
14,Education,3,East North Central,2,Cool,215000,3,5,50,,91.1661,100.08
14,Education,9,Pacific,7,Withheld for confidentiality,57000,5,4,60,,103.3095,227.11
2,Office,9,Pacific,4,Warm,11000,3,6,60,100.0,38.0465,611.8
25,Retail other than mall,5,South Atlantic,4,Warm,95000,1,8,156,,76.0915,125.04
2,Office,8,Mountain,2,Cool,485000,6,7,50,100.0,41.244,58.26
5,Nonrefrigerated warehouse,5,South Atlantic,4,Warm,3000,1,6,20,,57.481,2990.63
14,Education,5,South Atlantic,3,Mixed mild,126000,3,2,35,,95.4474,99.04
26,Service,6,East South Central,4,Warm,10000,2,3,45,,23.4982,27.17
17,Nursing,7,West South Central,4,Warm,83000,3,7,168,,42.9775,99.04
2,Office,3,East North Central,2,Cool,13000,2,4,20,40.0,201.5392,4375.84
12,Religious worship,3,East North Central,2,Cool,30000,2,7,40,,20.4098,4375.84
2,Office,5,South Atlantic,5,Hot or very hot,225000,8,8,168,100.0,62.6554,58.26
2,Office,4,West North Central,1,Cold or very cold,285000,12,6,66,78.0,82.4652,14.9
2,Office,9,Pacific,4,Warm,77000,3,6,65,95.0,43.2051,227.11
25,Retail other than mall,5,South Atlantic,4,Warm,102000,2,6,65,,19.5268,125.04
25,Retail other than mall,3,East North Central,2,Cool,176000,4,8,168,,159.2661,15.06
23,Strip shopping center,3,East North Central,2,Cool,30000,1,5,57,91.0,145.0387,395.28
6,Food sales,2,Middle Atlantic,2,Cool,120000,2,7,168,,249.9846,97.78
8,Outpatient health care,5,South Atlantic,4,Warm,7000,2,8,40,100.0,65.3671,687.8
25,Retail other than mall,4,West North Central,2,Cool,12500,3,3,44,,33.7111,2934.43
5,Nonrefrigerated warehouse,7,West South Central,5,Hot or very hot,37000,2,6,50,,31.8776,1026.85
2,Office,6,East South Central,4,Warm,800000,18,5,11,90.0,61.9037,14.67
26,Service,7,West South Central,4,Warm,5000,1,3,45,,18.404,1218.03
5,Nonrefrigerated warehouse,9,Pacific,3,Mixed mild,55000,2,5,55,,17.7967,808.37
14,Education,8,Mountain,4,Warm,1200,1,7,49,,88.1167,3778.59
25,Retail other than mall,7,West South Central,5,Hot or very hot,2100,2,7,50,,66.4248,2990.63
5,Nonrefrigerated warehouse,2,Middle Atlantic,3,Mixed mild,142000,1,3,40,,42.1624,246.72
16,Inpatient health care,3,East North Central,7,Withheld for confidentiality,162000,3,6,168,,130.4074,111.06
2,Office,4,West North Central,2,Cool,1001,1,5,35,100.0,14.6953,6659.94
14,Education,6,East South Central,4,Warm,20750,3,3,50,,72.9203,1461.43
2,Office,5,South Atlantic,3,Mixed mild,210000,12,5,168,90.0,171.3909,8.84
5,Nonrefrigerated warehouse,3,East North Central,2,Cool,200000,3,3,45,,29.4995,15.06
2,Office,5,South Atlantic,3,Mixed mild,355000,12,8,72,95.0,59.0776,14.9
2,Office,3,East North Central,7,Withheld for confidentiality,1800000,18,6,55,95.0,34.1174,15.06
5,Nonrefrigerated warehouse,2,Middle Atlantic,3,Mixed mild,255000,1,7,70,,29.1819,14.9
15,Food service,7,West South Central,4,Warm,1500,1,5,60,,270.6907,1218.03
14,Education,7,West South Central,3,Mixed mild,375000,2,9,70,,76.3915,57.95
2,Office,4,West North Central,3,Mixed mild,4500,3,2,42,33.0,33.5978,2934.43
2,Office,9,Pacific,4,Warm,110000,4,9,55,100.0,45.412,141.31
7,Public order and safety,6,East South Central,4,Warm,3000,1,5,168,,117.3187,6659.94
16,Inpatient health care,1,New England,7,Withheld for confidentiality,136000,5,5,168,,262.4745,7.62
23,Strip shopping center,6,East South Central,3,Mixed mild,305000,1,7,168,96.0,260.3166,75.35
26,Service,7,West South Central,5,Hot or very hot,1800,1,5,48,,27.1472,2990.63
17,Nursing,4,West North Central,2,Cool,67000,1,9,168,,114.6135,330.8
15,Food service,3,East North Central,1,Cold or very cold,4500,4,6,105,,126.6047,1265.79
6,Food sales,9,Pacific,1,Cold or very cold,180000,2,9,168,,157.4529,125.92
14,Education,5,South Atlantic,3,Mixed mild,285000,2,8,55,,71.4084,99.04
14,Education,3,East North Central,1,Cold or very cold,152000,1,7,60,,61.8067,48.01
23,Strip shopping center,3,East North Central,2,Cool,6500,1,5,55,64.0,145.828,4740.75
14,Education,5,South Atlantic,4,Warm,102000,2,5,60,,76.6349,44.64
13,Public assembly,2,Middle Atlantic,2,Cool,800000,7,7,168,,119.8569,48.85
13,Public assembly,8,Mountain,3,Mixed mild,16250,2,8,25,,26.048,621.37
26,Service,3,East North Central,2,Cool,260000,1,4,40,,18.7976,14.93
15,Food service,9,Pacific,5,Hot or very hot,1300,1,7,56,,112.9523,3075.23
25,Retail other than mall,4,West North Central,2,Cool,80000,1,5,90,,45.5781,352.17
15,Food service,9,Pacific,4,Warm,1800,1,2,84,,151.7422,1265.79
8,Outpatient health care,8,Mountain,2,Cool,51000,4,8,96,95.0,150.9843,126.08
18,Lodging,8,Mountain,3,Mixed mild,194000,9,8,168,,110.8047,6.63
2,Office,2,Middle Atlantic,3,Mixed mild,300000,8,8,54,100.0,50.4675,58.26
23,Strip shopping center,7,West South Central,5,Hot or very hot,255000,1,6,42,93.0,106.7954,98.04
2,Office,5,South Atlantic,3,Mixed mild,600000,18,8,60,90.0,38.2009,6.52
2,Office,4,West North Central,1,Cold or very cold,106000,2,6,60,80.0,68.73,139.58
13,Public assembly,2,Middle Atlantic,3,Mixed mild,25000,1,4,86,,131.3093,14.9
91,Other,2,Middle Atlantic,2,Cool,10000,1,6,84,,5.7128,1218.03
25,Retail other than mall,7,West South Central,4,Warm,5500,1,6,40,,12.4489,2990.63
5,Nonrefrigerated warehouse,9,Pacific,4,Warm,116000,1,7,12,,14.8316,70.08
13,Public assembly,2,Middle Atlantic,3,Mixed mild,5200,2,4,10,,112.1888,1779.2
26,Service,9,Pacific,4,Warm,1600,2,3,50,,72.5425,3075.23
16,Inpatient health care,5,South Atlantic,7,Withheld for confidentiality,260000,5,3,168,,240.2346,10.07
91,Other,2,Middle Atlantic,3,Mixed mild,6000,3,5,24,,109.0932,1408.23
17,Nursing,2,Middle Atlantic,2,Cool,290000,4,6,168,,151.5601,8.84
5,Nonrefrigerated warehouse,5,South Atlantic,4,Warm,450000,2,6,168,,4.1384,14.9
8,Outpatient health care,4,West North Central,2,Cool,118000,4,7,59,100.0,159.9319,17.78
16,Inpatient health care,5,South Atlantic,7,Withheld for confidentiality,23500,1,4,168,,171.0463,195.61
8,Outpatient health care,5,South Atlantic,4,Warm,10000,2,4,50,90.0,45.3101,1218.03
25,Retail other than mall,9,Pacific,3,Mixed mild,2350,1,8,85,,32.2128,3872.84
14,Education,7,West South Central,7,Withheld for confidentiality,8000,2,4,70,,77.2148,1426.39
5,Nonrefrigerated warehouse,3,East North Central,2,Cool,340000,1,7,120,,53.9464,15.06
26,Service,9,Pacific,4,Warm,60000,1,5,60,,23.1944,215.07
2,Office,6,East South Central,4,Warm,205000,12,7,60,100.0,65.2095,14.67
26,Service,4,West North Central,3,Mixed mild,4000,1,8,25,,16.7013,2990.63
16,Inpatient health care,2,Middle Atlantic,7,Withheld for confidentiality,415000,4,7,168,,222.4406,50.87
5,Nonrefrigerated warehouse,7,West South Central,5,Hot or very hot,34000,1,7,20,,1.8659,1030.4
5,Nonrefrigerated warehouse,1,New England,1,Cold or very cold,33500,1,6,40,,10.1499,27.28
12,Religious worship,9,Pacific,5,Hot or very hot,2000,1,5,30,,36.2965,3075.23
13,Public assembly,5,South Atlantic,5,Hot or very hot,2600,1,8,84,,174.9885,2990.63
13,Public assembly,1,New England,2,Cool,12000,2,4,168,,6.402,1195.14
8,Outpatient health care,2,Middle Atlantic,2,Cool,75000,4,7,50,100.0,77.5591,127.33
5,Nonrefrigerated warehouse,7,West South Central,5,Hot or very hot,75000,1,8,60,,56.7052,247.57
5,Nonrefrigerated warehouse,5,South Atlantic,4,Warm,425000,2,5,70,,10.1673,32.47
18,Lodging,9,Pacific,4,Warm,174000,2,6,168,,36.4693,15.06
18,Lodging,2,Middle Atlantic,3,Mixed mild,190000,5,8,168,,97.8563,6.63
13,Public assembly,5,South Atlantic,4,Warm,130000,3,8,168,,128.6275,117.32
2,Office,9,Pacific,4,Warm,60000,2,5,50,100.0,51.7318,141.31
2,Office,5,South Atlantic,3,Mixed mild,150000,3,2,60,100.0,22.5623,8.84
23,Strip shopping center,5,South Atlantic,5,Hot or very hot,10250,1,6,55,65.0,125.1599,4740.75
91,Other,5,South Atlantic,3,Mixed mild,230000,1,8,168,,923.3154,20.9
5,Nonrefrigerated warehouse,9,Pacific,4,Warm,600000,2,6,40,,21.0206,70.08
5,Nonrefrigerated warehouse,2,Middle Atlantic,3,Mixed mild,150000,2,7,168,,31.59,14.9
17,Nursing,2,Middle Atlantic,3,Mixed mild,58000,1,6,168,,237.976,8.84
2,Office,2,Middle Atlantic,3,Mixed mild,900000,18,5,168,85.0,209.2802,58.26
14,Education,3,East North Central,2,Cool,62000,3,2,55,,26.4443,306.64
5,Nonrefrigerated warehouse,9,Pacific,3,Mixed mild,132000,2,7,50,,27.0153,338.72
2,Office,9,Pacific,5,Hot or very hot,4000,2,6,40,100.0,5.2408,677.49
23,Strip shopping center,2,Middle Atlantic,2,Cool,37500,1,7,55,59.0,78.4081,841.34
25,Retail other than mall,8,Mountain,1,Cold or very cold,205000,1,7,168,,108.498,44.87
5,Nonrefrigerated warehouse,7,West South Central,5,Hot or very hot,8100,1,6,40,,10.0227,3420.76
18,Lodging,8,Mountain,7,Withheld for confidentiality,200000,5,6,168,,70.113,8.87
2,Office,2,Middle Atlantic,3,Mixed mild,245000,18,6,66,80.0,58.9925,14.9
18,Lodging,9,Pacific,4,Warm,96000,1,3,168,,76.3238,100.08
23,Strip shopping center,3,East North Central,2,Cool,420000,1,6,75,86.0,148.2874,78.48
25,Retail other than mall,7,West South Central,4,Warm,100000,1,7,102,,79.1742,125.04
2,Office,5,South Atlantic,3,Mixed mild,305000,6,6,60,92.0,23.9725,63.15
13,Public assembly,5,South Atlantic,3,Mixed mild,4000,3,7,40,,41.361,1745.76
14,Education,3,East North Central,2,Cool,48500,1,3,40,,49.8237,292.55
2,Office,9,Pacific,3,Mixed mild,700000,18,8,50,100.0,54.331,6.59
12,Religious worship,7,West South Central,5,Hot or very hot,41000,1,8,48,,24.5822,244.16
25,Retail other than mall,9,Pacific,3,Mixed mild,65000,1,7,80,,70.5166,125.92
26,Service,5,South Atlantic,4,Warm,20250,1,7,38,,89.5676,591.56
2,Office,9,Pacific,4,Warm,27000,2,5,66,100.0,97.1789,312.77
2,Office,5,South Atlantic,5,Hot or very hot,62000,3,8,54,91.0,79.1395,309.52
18,Lodging,7,West South Central,3,Mixed mild,2500,1,5,168,,109.59,1195.14
5,Nonrefrigerated warehouse,2,Middle Atlantic,3,Mixed mild,500001,2,9,45,,31.4612,69.36
18,Lodging,3,East North Central,3,Mixed mild,235000,8,4,168,,103.2568,50.03
23,Strip shopping center,5,South Atlantic,4,Warm,215000,1,7,75,100.0,151.9539,10.71
25,Retail other than mall,7,West South Central,5,Hot or very hot,186000,1,7,168,,44.2673,125.04
18,Lodging,6,East South Central,4,Warm,30000,2,4,168,,90.1943,495.15
14,Education,5,South Atlantic,3,Mixed mild,62000,3,7,50,,40.3968,429.63
23,Strip shopping center,9,Pacific,4,Warm,14000,1,8,84,100.0,135.9515,2009.74
12,Religious worship,5,South Atlantic,5,Hot or very hot,50000,2,6,105,,11.6829,1489.41
2,Office,8,Mountain,2,Cool,390000,5,7,50,100.0,44.2109,14.9
5,Nonrefrigerated warehouse,5,South Atlantic,4,Warm,15250,1,7,60,,20.4372,3420.76
14,Education,4,West North Central,1,Cold or very cold,86000,1,3,60,,38.9605,945.16
25,Retail other than mall,8,Mountain,4,Warm,8500,1,5,50,,14.7688,1461.43
2,Office,6,East South Central,3,Mixed mild,6200,1,5,50,100.0,59.7071,2990.63
14,Education,1,New England,2,Cool,124000,3,4,86,,71.5811,97.52
25,Retail other than mall,8,Mountain,5,Hot or very hot,39500,1,8,126,,181.5731,14.67
5,Nonrefrigerated warehouse,7,West South Central,4,Warm,100000,1,6,168,,79.8432,245.01
2,Office,9,Pacific,3,Mixed mild,8500,2,7,40,100.0,18.4035,3075.23
16,Inpatient health care,7,West South Central,7,Withheld for confidentiality,220000,4,8,168,,155.512,10.07
14,Education,2,Middle Atlantic,2,Cool,84000,1,6,9,,79.5381,288.37
23,Strip shopping center,9,Pacific,3,Mixed mild,17500,1,7,56,78.0,148.6222,2009.74
25,Retail other than mall,3,East North Central,2,Cool,99000,1,8,126,,129.4969,216.68
2,Office,3,East North Central,2,Cool,2200,3,2,40,100.0,64.0705,3075.23
12,Religious worship,2,Middle Atlantic,3,Mixed mild,15000,3,2,72,,103.8639,1484.29
2,Office,8,Mountain,2,Cool,142000,5,9,60,60.0,53.2455,589.62
23,Strip shopping center,7,West South Central,4,Warm,75000,1,6,55,42.0,82.2418,395.28
5,Nonrefrigerated warehouse,2,Middle Atlantic,2,Cool,14000,1,7,60,,75.2001,623.52
23,Strip shopping center,7,West South Central,4,Warm,30000,1,5,52,78.0,83.9317,841.34
13,Public assembly,1,New England,2,Cool,2600,1,6,84,,31.5642,4084.96
5,Nonrefrigerated warehouse,6,East South Central,3,Mixed mild,460000,1,4,168,,38.4039,69.6
14,Education,8,Mountain,2,Cool,162000,3,3,60,,86.4197,99.38
13,Public assembly,4,West North Central,2,Cool,32000,1,8,89,,26.8427,749.58
12,Religious worship,3,East North Central,3,Mixed mild,270000,4,8,168,,87.1502,15.06
15,Food service,7,West South Central,5,Hot or very hot,2100,1,7,75,,59.8071,1218.03
14,Education,7,West South Central,7,Withheld for confidentiality,108000,8,4,80,,157.6254,97.52
14,Education,3,East North Central,3,Mixed mild,144000,2,5,40,,80.0572,174.24
2,Office,8,Mountain,4,Warm,3100,1,6,50,90.0,97.969,2934.43
26,Service,4,West North Central,3,Mixed mild,6500,1,3,98,,10.2246,1218.03
12,Religious worship,6,East South Central,3,Mixed mild,1250,1,5,8,,25.5472,1500.65
5,Nonrefrigerated warehouse,8,Mountain,2,Cool,5000,1,9,48,,80.5776,6659.94
18,Lodging,2,Middle Atlantic,7,Withheld for confidentiality,250000,4,4,168,,19.0208,50.03
18,Lodging,9,Pacific,7,Withheld for confidentiality,77000,1,8,168,,66.2335,59.79
2,Office,5,South Atlantic,3,Mixed mild,136000,5,6,60,74.0,76.2841,14.9
18,Lodging,5,South Atlantic,3,Mixed mild,250000,5,4,168,,99.9453,8.84
18,Lodging,5,South Atlantic,4,Warm,20000,2,4,168,,75.1288,1413.09
2,Office,5,South Atlantic,3,Mixed mild,49500,1,7,33,90.0,48.3562,683.41
8,Outpatient health care,2,Middle Atlantic,3,Mixed mild,4650,3,6,50,100.0,47.4594,687.8
18,Lodging,1,New England,1,Cold or very cold,56000,4,4,168,,86.0833,423.01
2,Office,5,South Atlantic,3,Mixed mild,290000,12,8,76,94.0,58.4434,14.9
26,Service,3,East North Central,2,Cool,63000,2,7,45,,47.9359,215.07
5,Nonrefrigerated warehouse,8,Mountain,5,Hot or very hot,120000,2,4,60,,54.3031,242.92
26,Service,2,Middle Atlantic,2,Cool,4000,1,7,60,,12.2275,2990.63
15,Food service,1,New England,2,Cool,5100,1,6,70,,596.9359,1195.14
25,Retail other than mall,3,East North Central,2,Cool,150000,1,8,116,,99.2169,52.43
25,Retail other than mall,4,West North Central,1,Cold or very cold,205000,1,7,168,,143.6782,52.07
18,Lodging,7,West South Central,7,Withheld for confidentiality,210000,6,6,168,,88.6169,14.67
16,Inpatient health care,6,East South Central,7,Withheld for confidentiality,500000,5,8,168,,225.7428,9.91
2,Office,5,South Atlantic,5,Hot or very hot,146000,4,6,50,90.0,106.2565,137.69
14,Education,2,Middle Atlantic,2,Cool,74000,1,4,40,,76.3953,288.37
8,Outpatient health care,8,Mountain,2,Cool,8200,2,8,38,100.0,88.6473,1391.33
14,Education,2,Middle Atlantic,3,Mixed mild,98000,5,2,50,,51.9955,97.52
2,Office,8,Mountain,2,Cool,106000,4,7,45,100.0,62.8572,137.69
6,Food sales,3,East North Central,3,Mixed mild,2400,1,8,112,,160.6508,3075.23
2,Office,5,South Atlantic,5,Hot or very hot,182000,18,4,168,75.0,41.3939,14.9
2,Office,5,South Atlantic,5,Hot or very hot,148000,9,6,65,85.0,54.9242,14.9
13,Public assembly,5,South Atlantic,5,Hot or very hot,76000,3,9,110,,130.7226,137.69
14,Education,2,Middle Atlantic,1,Cold or very cold,200001,2,3,80,,83.61,44.64
18,Lodging,3,East North Central,7,Withheld for confidentiality,900000,18,8,168,,86.7007,9.11
26,Service,4,West North Central,1,Cold or very cold,1050,1,5,168,,25.0076,8544.65
5,Nonrefrigerated warehouse,6,East South Central,4,Warm,10000,2,2,50,,14.811,1413.09
5,Nonrefrigerated warehouse,8,Mountain,2,Cool,210000,1,5,40,,37.9091,59.85
13,Public assembly,1,New England,3,Mixed mild,25000,2,8,168,,93.4892,611.8
26,Service,7,West South Central,4,Warm,25000,1,6,61,,19.9155,2990.63
13,Public assembly,5,South Atlantic,4,Warm,5001,1,4,15,,70.9986,1413.09
15,Food service,3,East North Central,3,Mixed mild,3000,1,4,70,,215.434,1195.14
7,Public order and safety,6,East South Central,7,Withheld for confidentiality,13250,3,2,40,,58.5869,1386.54
26,Service,5,South Atlantic,4,Warm,25500,1,7,55,,90.4131,591.56
16,Inpatient health care,7,West South Central,7,Withheld for confidentiality,205000,3,8,168,,217.8645,116.61
2,Office,6,East South Central,3,Mixed mild,5500,1,5,46,100.0,55.7753,2990.63
14,Education,7,West South Central,4,Warm,35500,3,4,45,,46.2066,422.54
91,Other,4,West North Central,2,Cool,36000,2,7,45,,85.8139,623.52
2,Office,7,West South Central,5,Hot or very hot,380000,18,5,80,100.0,115.3317,14.9
26,Service,2,Middle Atlantic,2,Cool,28000,1,4,120,,93.7164,504.63
14,Education,9,Pacific,1,Cold or very cold,8000,1,5,35,,37.7828,3825.74
25,Retail other than mall,7,West South Central,5,Hot or very hot,142000,1,7,96,,63.279,125.04
18,Lodging,3,East North Central,7,Withheld for confidentiality,50000,3,8,168,,35.2029,495.15
13,Public assembly,5,South Atlantic,3,Mixed mild,23000,1,6,66,,42.1975,1413.09
16,Inpatient health care,5,South Atlantic,7,Withheld for confidentiality,800000,8,5,168,,144.422,8.92
18,Lodging,2,Middle Atlantic,3,Mixed mild,146000,18,6,168,,49.617,50.03
18,Lodging,5,South Atlantic,7,Withheld for confidentiality,30000,3,7,168,,127.4412,303.46
18,Lodging,5,South Atlantic,5,Hot or very hot,170000,6,9,168,,34.7544,5.52
2,Office,5,South Atlantic,3,Mixed mild,11250,1,7,80,100.0,66.2564,1413.09
25,Retail other than mall,6,East South Central,4,Warm,1600,1,2,50,,62.0869,2990.63
2,Office,5,South Atlantic,4,Warm,350000,12,7,50,100.0,131.8439,14.9
13,Public assembly,7,West South Central,4,Warm,29000,1,3,24,,55.4706,591.56
26,Service,5,South Atlantic,5,Hot or very hot,50000,2,8,70,,40.1845,623.52
18,Lodging,7,West South Central,4,Warm,205000,8,4,168,,63.4257,5.89
12,Religious worship,8,Mountain,4,Warm,140000,3,2,55,,12.3113,115.51
5,Nonrefrigerated warehouse,3,East North Central,1,Cold or very cold,290000,1,8,50,,14.0569,66.72
13,Public assembly,3,East North Central,2,Cool,255000,3,7,60,,74.404,15.06
23,Strip shopping center,7,West South Central,5,Hot or very hot,5000,1,7,51,100.0,93.2334,4740.75
15,Food service,6,East South Central,3,Mixed mild,8600,1,7,70,,126.0319,2990.63
26,Service,3,East North Central,1,Cold or very cold,17000,1,5,50,,67.2134,1531.55
5,Nonrefrigerated warehouse,9,Pacific,3,Mixed mild,3200,1,4,60,,63.8181,3075.23
25,Retail other than mall,7,West South Central,3,Mixed mild,220000,1,8,168,,117.2816,52.07
18,Lodging,5,South Atlantic,7,Withheld for confidentiality,340000,18,8,168,,57.656,17.7
26,Service,5,South Atlantic,4,Warm,164000,4,4,168,,103.1774,14.9
14,Education,4,West North Central,1,Cold or very cold,190000,2,7,70,,39.1566,22.22
25,Retail other than mall,2,Middle Atlantic,3,Mixed mild,148000,1,9,133,,116.7228,107.76
2,Office,5,South Atlantic,3,Mixed mild,120000,3,8,168,82.0,53.6381,116.06
2,Office,5,South Atlantic,3,Mixed mild,900000,12,5,60,50.0,87.7383,14.9
13,Public assembly,6,East South Central,4,Warm,140000,3,8,50,,81.5766,83.86
15,Food service,5,South Atlantic,4,Warm,58000,2,8,65,,249.0866,460.21
2,Office,2,Middle Atlantic,3,Mixed mild,305000,3,3,168,100.0,159.6577,14.9
2,Office,9,Pacific,4,Warm,26000,2,4,168,95.0,17.5161,611.8
2,Office,4,West North Central,3,Mixed mild,60000,2,6,50,82.0,48.0685,126.08
91,Other,5,South Atlantic,3,Mixed mild,38500,2,3,50,,168.6487,1122.76
15,Food service,8,Mountain,5,Hot or very hot,8000,1,6,84,,281.782,1195.14
12,Religious worship,3,East North Central,2,Cool,10000,1,7,35,,4.6812,1531.55
24,Enclosed mall,3,East North Central,7,Withheld for confidentiality,1800000,2,5,77,98.0,38.9158,15.06
2,Office,3,East North Central,2,Cool,138000,4,6,55,83.0,64.2137,59.79
26,Service,9,Pacific,2,Cool,3900,1,6,98,,141.4041,1486.89
16,Inpatient health care,3,East North Central,7,Withheld for confidentiality,800000,12,5,168,,197.0574,28.37
8,Outpatient health care,5,South Atlantic,3,Mixed mild,29000,3,8,86,90.0,84.9975,681.06
7,Public order and safety,2,Middle Atlantic,3,Mixed mild,350000,12,7,168,,159.2555,2.06
26,Service,7,West South Central,4,Warm,24750,1,8,50,,93.6822,1030.4
13,Public assembly,1,New England,2,Cool,30000,2,6,42,,63.7695,240.4
2,Office,8,Mountain,2,Cool,110000,7,7,62,90.0,52.4533,14.9
14,Education,5,South Atlantic,3,Mixed mild,65000,2,5,50,,54.9099,303.46
13,Public assembly,5,South Atlantic,5,Hot or very hot,60000,4,2,150,,119.0626,309.52
26,Service,3,East North Central,2,Cool,5000,1,4,40,,58.156,3075.23
14,Education,9,Pacific,1,Cold or very cold,4000,2,5,10,,6.1788,3414.19
15,Food service,1,New England,2,Cool,2600,1,6,168,,308.2242,1195.14
8,Outpatient health care,5,South Atlantic,3,Mixed mild,44500,4,8,51,96.0,91.0889,116.06
25,Retail other than mall,2,Middle Atlantic,3,Mixed mild,128000,2,6,66,,58.1691,14.9
24,Enclosed mall,4,West North Central,7,Withheld for confidentiality,1800000,3,5,70,98.0,40.9244,64.71
14,Education,7,West South Central,7,Withheld for confidentiality,31000,2,7,60,,39.762,1426.39
26,Service,9,Pacific,1,Cold or very cold,1600,1,6,1,,74.3119,991.58
12,Religious worship,4,West North Central,2,Cool,20000,1,5,38,,41.4317,4255.47
13,Public assembly,2,Middle Atlantic,3,Mixed mild,6000,2,4,52,,113.426,2990.63
13,Public assembly,4,West North Central,3,Mixed mild,5001,2,7,168,,69.6545,1408.23
14,Education,9,Pacific,4,Warm,154000,4,9,60,,80.1513,45.1
2,Office,3,East North Central,2,Cool,8000,1,3,45,100.0,56.3272,3075.23
23,Strip shopping center,5,South Atlantic,4,Warm,96000,2,8,66,94.0,70.1203,395.28
13,Public assembly,5,South Atlantic,3,Mixed mild,34000,2,2,61,,165.6846,14.9
25,Retail other than mall,3,East North Central,2,Cool,3450,3,4,54,,33.4745,3075.23
13,Public assembly,3,East North Central,3,Mixed mild,10000,2,2,0,,25.0941,1386.54
14,Education,3,East North Central,2,Cool,49500,1,6,45,,77.9736,456.48
2,Office,9,Pacific,3,Mixed mild,56000,2,8,45,100.0,47.4592,312.77
18,Lodging,5,South Atlantic,7,Withheld for confidentiality,440000,18,7,168,,98.9951,9.01
14,Education,2,Middle Atlantic,2,Cool,365000,2,8,60,,138.8238,44.64
2,Office,7,West South Central,3,Mixed mild,59000,4,9,80,75.0,130.0749,244.16
17,Nursing,3,East North Central,1,Cold or very cold,27500,1,5,168,,193.4725,451.56
2,Office,2,Middle Atlantic,3,Mixed mild,166000,18,8,60,90.0,81.328,137.69
14,Education,8,Mountain,2,Cool,61000,2,8,60,,85.7423,330.8
18,Lodging,3,East North Central,7,Withheld for confidentiality,94000,5,8,168,,138.5983,100.08
13,Public assembly,5,South Atlantic,4,Warm,12000,1,2,6,,61.1442,2990.63
14,Education,2,Middle Atlantic,3,Mixed mild,325000,2,7,100,,102.2129,44.64
5,Nonrefrigerated warehouse,2,Middle Atlantic,2,Cool,150000,1,5,50,,36.9241,31.35
7,Public order and safety,9,Pacific,7,Withheld for confidentiality,900000,18,2,50,,24.9265,6.59
91,Other,7,West South Central,4,Warm,10000,1,5,45,,61.3355,1413.09
5,Nonrefrigerated warehouse,5,South Atlantic,4,Warm,80000,1,4,70,,52.7282,213.58
14,Education,5,South Atlantic,3,Mixed mild,21000,1,4,72,,102.236,1218.58
2,Office,7,West South Central,5,Hot or very hot,44000,2,6,45,88.0,27.2075,244.16
5,Nonrefrigerated warehouse,2,Middle Atlantic,3,Mixed mild,20000,1,3,50,,45.8622,6659.94
18,Lodging,3,East North Central,2,Cool,27000,1,8,168,,107.4989,227.11
25,Retail other than mall,5,South Atlantic,4,Warm,1500,1,9,55,,27.4933,21.45
14,Education,7,West South Central,5,Hot or very hot,90000,2,8,40,,37.0103,99.04
25,Retail other than mall,4,West North Central,3,Mixed mild,4500,1,3,72,,60.3531,8544.65
23,Strip shopping center,8,Mountain,2,Cool,83000,1,6,133,97.0,187.7492,190.79
15,Food service,7,West South Central,4,Warm,4650,1,8,67,,626.7912,1218.03
5,Nonrefrigerated warehouse,3,East North Central,2,Cool,55000,1,7,40,,54.6764,1011.03
8,Outpatient health care,7,West South Central,5,Hot or very hot,1950,1,5,61,100.0,68.3251,1218.03
15,Food service,3,East North Central,2,Cool,2000,1,4,54,,308.438,1265.79
14,Education,4,West North Central,1,Cold or very cold,168000,3,5,85,,49.5519,51.3
2,Office,7,West South Central,4,Warm,66000,5,2,35,75.0,39.8342,14.9
14,Education,6,East South Central,4,Warm,68000,3,7,50,,42.3222,330.8
26,Service,4,West North Central,1,Cold or very cold,63000,2,9,40,,58.018,99.04
17,Nursing,5,South Atlantic,5,Hot or very hot,400000,7,6,168,,27.4114,9.01
14,Education,1,New England,2,Cool,92000,2,8,50,,82.8511,324.59
8,Outpatient health care,7,West South Central,4,Warm,186000,5,7,55,85.0,64.2037,8.78
26,Service,4,West North Central,2,Cool,1450,1,2,20,,60.9366,2990.63
2,Office,3,East North Central,2,Cool,49000,4,7,70,100.0,99.9892,253.07
2,Office,5,South Atlantic,7,Withheld for confidentiality,1700000,18,6,60,90.0,45.8533,14.9
25,Retail other than mall,6,East South Central,4,Warm,200001,1,7,168,,82.5195,18.35
5,Nonrefrigerated warehouse,4,West North Central,1,Cold or very cold,5600,1,7,40,,1.2914,2990.63
5,Nonrefrigerated warehouse,4,West North Central,3,Mixed mild,700000,3,5,168,,133.9456,58.26
15,Food service,4,West North Central,1,Cold or very cold,2500,2,3,72,,80.7016,1218.03
23,Strip shopping center,7,West South Central,4,Warm,136000,1,8,75,100.0,158.6241,175.02
15,Food service,8,Mountain,3,Mixed mild,6600,1,8,74,,187.4552,2990.63
2,Office,7,West South Central,5,Hot or very hot,245000,9,6,60,92.0,56.2871,14.9
2,Office,8,Mountain,4,Warm,8800,1,5,40,100.0,72.9338,4384.99
5,Nonrefrigerated warehouse,2,Middle Atlantic,3,Mixed mild,72000,1,4,45,,14.4124,213.58
23,Strip shopping center,3,East North Central,2,Cool,5700,2,5,42,83.0,130.2102,2009.74
14,Education,7,West South Central,5,Hot or very hot,166000,1,3,60,,76.0974,99.38
13,Public assembly,7,West South Central,4,Warm,59000,1,3,128,,193.1071,99.04
16,Inpatient health care,5,South Atlantic,7,Withheld for confidentiality,215000,4,4,168,,278.0256,85.53
14,Education,2,Middle Atlantic,2,Cool,47500,2,2,45,,76.3857,303.46
2,Office,2,Middle Atlantic,3,Mixed mild,235000,12,7,105,100.0,78.2184,8.84
14,Education,6,East South Central,4,Warm,152000,2,3,40,,119.0208,97.52
2,Office,5,South Atlantic,3,Mixed mild,86000,4,2,40,100.0,104.7394,137.69
14,Education,5,South Atlantic,3,Mixed mild,24500,2,4,40,,85.7376,429.63
25,Retail other than mall,5,South Atlantic,5,Hot or very hot,205000,1,8,133,,109.5461,14.9
8,Outpatient health care,2,Middle Atlantic,2,Cool,2000,3,2,24,100.0,40.3195,1195.14
26,Service,5,South Atlantic,4,Warm,3900,1,9,77,,89.1218,6659.94
12,Religious worship,5,South Atlantic,4,Warm,50000,3,4,50,,50.1461,468.41
18,Lodging,5,South Atlantic,4,Warm,36000,2,6,168,,38.8658,429.63
26,Service,8,Mountain,1,Cold or very cold,6300,1,3,50,,32.5513,2577.06
15,Food service,9,Pacific,2,Cool,2550,1,3,92,,188.1467,1265.79
5,Nonrefrigerated warehouse,5,South Atlantic,4,Warm,150000,1,5,40,,13.446,32.47
8,Outpatient health care,2,Middle Atlantic,3,Mixed mild,7200,3,9,60,100.0,53.9778,784.42
8,Outpatient health care,2,Middle Atlantic,3,Mixed mild,20250,4,5,51,85.0,56.4337,677.21
5,Nonrefrigerated warehouse,9,Pacific,4,Warm,15750,1,6,40,,21.2356,1531.55
14,Education,5,South Atlantic,3,Mixed mild,150000,4,8,50,,57.4412,99.04
2,Office,4,West North Central,3,Mixed mild,6200,1,8,41,100.0,115.1529,14.9
5,Nonrefrigerated warehouse,3,East North Central,3,Mixed mild,72000,1,6,168,,18.7199,209.56
7,Public order and safety,7,West South Central,7,Withheld for confidentiality,14250,1,6,40,,19.957,1426.39
2,Office,9,Pacific,4,Warm,11000,2,8,56,100.0,37.6468,15.06
12,Religious worship,5,South Atlantic,4,Warm,82000,3,8,60,,49.4436,117.32
2,Office,9,Pacific,4,Warm,300000,6,4,60,100.0,36.6664,8.66
18,Lodging,5,South Atlantic,5,Hot or very hot,210000,3,9,168,,90.7699,48.46
5,Nonrefrigerated warehouse,5,South Atlantic,4,Warm,49000,1,4,60,,10.6694,470.02
5,Nonrefrigerated warehouse,6,East South Central,4,Warm,15250,1,8,40,,14.848,2990.63
2,Office,9,Pacific,1,Cold or very cold,102000,9,9,50,72.0,67.5727,15.06
26,Service,8,Mountain,2,Cool,13000,2,3,58,,57.1778,1626.87
14,Education,2,Middle Atlantic,3,Mixed mild,70000,2,9,40,,72.5086,303.46
2,Office,3,East North Central,2,Cool,2550,1,5,18,100.0,45.4604,1265.79
13,Public assembly,3,East North Central,2,Cool,50000,1,6,60,,137.8988,648.9
18,Lodging,5,South Atlantic,7,Withheld for confidentiality,144000,6,8,168,,51.0561,8.84
14,Education,5,South Atlantic,5,Hot or very hot,112000,2,8,80,,25.5549,44.64
15,Food service,3,East North Central,2,Cool,2500,2,2,98,,231.896,8.85
2,Office,3,East North Central,2,Cool,3000,1,6,40,100.0,32.4867,8384.09
25,Retail other than mall,4,West North Central,2,Cool,12000,1,7,84,,119.3442,623.52
14,Education,5,South Atlantic,4,Warm,114000,1,8,50,,92.8811,59.48
4,Laboratory,5,South Atlantic,3,Mixed mild,315000,12,5,168,,242.6262,50.03
13,Public assembly,7,West South Central,4,Warm,150000,1,8,80,,121.1913,17.47
2,Office,3,East North Central,2,Cool,6000,1,7,42,100.0,45.2942,1265.79
5,Nonrefrigerated warehouse,3,East North Central,3,Mixed mild,10000,1,8,40,,25.3022,3075.23
7,Public order and safety,9,Pacific,7,Withheld for confidentiality,285000,9,2,40,,75.9828,9.11
15,Food service,8,Mountain,1,Cold or very cold,6800,3,2,101,,272.5931,1049.59
2,Office,5,South Atlantic,4,Warm,2000,2,7,47,100.0,83.8695,2990.63
2,Office,1,New England,1,Cold or very cold,220000,4,4,168,100.0,47.6994,115.51
5,Nonrefrigerated warehouse,2,Middle Atlantic,3,Mixed mild,460000,2,9,130,,37.139,14.9
5,Nonrefrigerated warehouse,6,East South Central,4,Warm,36000,2,7,112,,55.0597,3420.76
18,Lodging,7,West South Central,7,Withheld for confidentiality,30000,2,8,168,,34.6258,495.15
14,Education,7,West South Central,5,Hot or very hot,800000,2,6,50,,25.4165,9.01
4,Laboratory,9,Pacific,3,Mixed mild,275000,7,7,72,,131.9264,17.76
14,Education,9,Pacific,3,Mixed mild,158000,6,2,42,,33.3847,9.11
2,Office,4,West North Central,1,Cold or very cold,21750,1,4,50,50.0,79.9417,460.21
18,Lodging,2,Middle Atlantic,7,Withheld for confidentiality,450000,18,4,168,,140.8268,50.03
2,Office,9,Pacific,3,Mixed mild,210000,1,8,50,90.0,37.3138,6.59
2,Office,9,Pacific,2,Cool,192000,4,7,60,100.0,42.9873,8.93
2,Office,8,Mountain,1,Cold or very cold,1400,2,4,45,100.0,98.7307,2577.06
14,Education,2,Middle Atlantic,1,Cold or very cold,300000,4,2,95,,86.8123,9.96
26,Service,1,New England,2,Cool,4200,2,8,60,,12.5074,1745.76
5,Nonrefrigerated warehouse,7,West South Central,5,Hot or very hot,8700,1,3,40,,16.4623,31.35
2,Office,3,East North Central,7,Withheld for confidentiality,1800000,18,6,65,85.0,19.966,15.06
12,Religious worship,3,East North Central,2,Cool,1600,2,2,4,,7.3981,4207.0
17,Nursing,1,New England,2,Cool,270000,4,8,168,,255.0425,8.74
15,Food service,3,East North Central,2,Cool,5300,1,8,130,,353.9875,1265.79
2,Office,8,Mountain,3,Mixed mild,600000,7,4,168,85.0,63.6947,8.84
12,Religious worship,5,South Atlantic,4,Warm,15000,3,5,32,,42.3397,1118.9
26,Service,3,East North Central,2,Cool,4500,1,4,40,,15.506,8786.36
26,Service,5,South Atlantic,4,Warm,52000,2,6,168,,113.1759,213.58
18,Lodging,6,East South Central,4,Warm,23000,2,7,168,,66.1212,1399.59
17,Nursing,2,Middle Atlantic,2,Cool,83000,4,8,168,,217.9908,303.46
2,Office,4,West North Central,1,Cold or very cold,5700,3,5,45,100.0,110.6493,1965.15
16,Inpatient health care,5,South Atlantic,7,Withheld for confidentiality,600000,5,4,168,,149.4714,10.07
5,Nonrefrigerated warehouse,3,East North Central,2,Cool,20000,2,5,98,,46.2965,3554.88
2,Office,3,East North Central,2,Cool,245000,12,6,60,94.0,56.5285,15.06
13,Public assembly,8,Mountain,4,Warm,30500,3,2,50,,43.2711,587.89
2,Office,7,West South Central,5,Hot or very hot,210000,12,6,60,75.0,64.4239,14.9
25,Retail other than mall,5,South Atlantic,3,Mixed mild,205000,1,7,168,,102.8862,14.9
25,Retail other than mall,5,South Atlantic,5,Hot or very hot,41000,2,8,77,,70.8942,117.32
13,Public assembly,2,Middle Atlantic,3,Mixed mild,66000,3,3,35,,114.4838,224.76
5,Nonrefrigerated warehouse,2,Middle Atlantic,3,Mixed mild,360000,1,7,144,,8.579,69.6
18,Lodging,5,South Atlantic,4,Warm,375000,8,4,168,,36.7326,5.89
18,Lodging,5,South Atlantic,7,Withheld for confidentiality,124000,5,8,168,,104.0439,17.7
5,Nonrefrigerated warehouse,6,East South Central,4,Warm,800000,2,5,14,,23.3448,52.07
24,Enclosed mall,9,Pacific,7,Withheld for confidentiality,1000000,1,7,74,95.0,39.0627,15.06
2,Office,1,New England,2,Cool,130000,3,8,168,100.0,75.3199,8.74
2,Office,7,West South Central,5,Hot or very hot,215000,4,9,125,100.0,58.5465,68.29
25,Retail other than mall,9,Pacific,4,Warm,146000,1,7,126,,54.0559,125.92
5,Nonrefrigerated warehouse,9,Pacific,5,Hot or very hot,100000,2,7,84,,55.2565,118.55
6,Food sales,3,East North Central,3,Mixed mild,2500,3,2,32,,146.498,2934.43
18,Lodging,6,East South Central,4,Warm,295000,18,4,168,,40.5201,64.52
18,Lodging,7,West South Central,7,Withheld for confidentiality,210000,4,6,168,,57.198,9.01
8,Outpatient health care,3,East North Central,2,Cool,2000,1,4,24,100.0,28.7485,1265.79
26,Service,7,West South Central,3,Mixed mild,1200,1,6,44,,42.9383,2990.63
13,Public assembly,4,West North Central,3,Mixed mild,9000,1,6,93,,161.2427,5115.88
18,Lodging,9,Pacific,7,Withheld for confidentiality,144000,12,8,168,,178.4978,9.11
14,Education,8,Mountain,7,Withheld for confidentiality,130000,3,8,80,,68.5463,6.87
18,Lodging,5,South Atlantic,7,Withheld for confidentiality,700000,18,9,168,,114.6736,9.01
12,Religious worship,2,Middle Atlantic,2,Cool,6800,2,2,30,,39.5322,2990.63
5,Nonrefrigerated warehouse,2,Middle Atlantic,3,Mixed mild,375000,1,8,48,,42.1173,14.9
14,Education,2,Middle Atlantic,7,Withheld for confidentiality,160000,12,2,168,,113.327,13.73
5,Nonrefrigerated warehouse,5,South Atlantic,4,Warm,22000,2,5,55,,20.627,1413.09
23,Strip shopping center,1,New England,2,Cool,150000,3,6,80,78.0,155.9878,175.02
14,Education,2,Middle Atlantic,1,Cold or very cold,110000,3,8,50,,91.1586,9.81
16,Inpatient health care,3,East North Central,7,Withheld for confidentiality,1000000,5,8,168,,158.7679,16.25
16,Inpatient health care,3,East North Central,7,Withheld for confidentiality,365000,5,3,168,,190.8015,10.17
18,Lodging,7,West South Central,3,Mixed mild,100000,9,4,168,,77.3282,97.52
13,Public assembly,7,West South Central,5,Hot or very hot,37500,1,5,168,,216.7619,329.67
25,Retail other than mall,6,East South Central,4,Warm,200000,1,7,168,,77.0348,18.35
11,Refrigerated warehouse,3,East North Central,2,Cool,300000,2,8,168,,144.8223,90.5
18,Lodging,9,Pacific,7,Withheld for confidentiality,70000,3,4,168,,84.5586,97.52
18,Lodging,9,Pacific,4,Warm,112000,3,6,168,,44.358,146.5
14,Education,6,East South Central,4,Warm,108000,1,8,68,,74.171,99.38
12,Religious worship,3,East North Central,2,Cool,10000,2,5,40,,41.0126,4384.99
16,Inpatient health care,4,West North Central,7,Withheld for confidentiality,600000,9,3,168,,147.9059,14.9
25,Retail other than mall,9,Pacific,2,Cool,205000,4,7,100,,118.2078,52.8
16,Inpatient health care,5,South Atlantic,7,Withheld for confidentiality,1000000,9,7,168,,194.0782,3.91
18,Lodging,3,East North Central,2,Cool,134000,3,9,168,,64.3355,285.94
14,Education,3,East North Central,7,Withheld for confidentiality,66000,4,5,119,,114.2313,305.57
2,Office,3,East North Central,7,Withheld for confidentiality,1800000,18,5,168,90.0,171.4309,15.06
24,Enclosed mall,3,East North Central,7,Withheld for confidentiality,500001,3,5,77,90.0,75.6596,49.37
14,Education,5,South Atlantic,3,Mixed mild,172000,2,8,50,,34.5215,224.76
13,Public assembly,1,New England,2,Cool,12000,3,8,54,,79.5238,1461.43
18,Lodging,9,Pacific,7,Withheld for confidentiality,61000,7,8,168,,94.7144,422.29
5,Nonrefrigerated warehouse,7,West South Central,5,Hot or very hot,37000,1,7,50,,23.6194,633.24
14,Education,2,Middle Atlantic,7,Withheld for confidentiality,87000,6,5,70,,81.9518,297.74
8,Outpatient health care,9,Pacific,3,Mixed mild,365000,12,7,72,100.0,62.3472,9.16
25,Retail other than mall,7,West South Central,5,Hot or very hot,205000,1,8,126,,92.0354,14.9
12,Religious worship,6,East South Central,3,Mixed mild,14000,1,8,6,,21.3064,1413.09
2,Office,4,West North Central,2,Cool,48000,3,7,168,95.0,146.6631,244.16
8,Outpatient health care,2,Middle Atlantic,2,Cool,28000,1,9,168,100.0,165.0369,460.21
25,Retail other than mall,2,Middle Atlantic,3,Mixed mild,1700,3,2,91,,112.2212,2934.43
8,Outpatient health care,9,Pacific,4,Warm,31000,2,6,168,50.0,109.396,611.8
13,Public assembly,3,East North Central,2,Cool,31000,3,8,71,,126.7993,141.31
5,Nonrefrigerated warehouse,4,West North Central,2,Cool,210000,1,7,60,,15.721,66.26
13,Public assembly,4,West North Central,3,Mixed mild,14000,1,4,45,,107.505,1632.49
2,Office,3,East North Central,2,Cool,290000,12,2,168,97.0,95.173,15.06
2,Office,3,East North Central,2,Cool,89000,5,4,45,100.0,89.132,27.22
2,Office,9,Pacific,4,Warm,14500,3,6,50,100.0,45.8445,1641.81
18,Lodging,2,Middle Atlantic,2,Cool,120000,5,2,168,,68.2735,50.03
25,Retail other than mall,8,Mountain,5,Hot or very hot,240000,1,8,126,,71.9362,17.3
13,Public assembly,5,South Atlantic,5,Hot or very hot,60000,2,7,98,,79.168,117.32
25,Retail other than mall,5,South Atlantic,4,Warm,5000,1,7,91,,107.7248,3320.27
8,Outpatient health care,7,West South Central,3,Mixed mild,6000,2,8,32,75.0,58.9742,1218.03
14,Education,8,Mountain,7,Withheld for confidentiality,168000,12,8,104,,89.979,5.89
13,Public assembly,3,East North Central,2,Cool,60000,4,2,70,,94.3497,306.64
15,Food service,7,West South Central,5,Hot or very hot,2900,2,4,84,,203.3466,2934.43
2,Office,7,West South Central,5,Hot or very hot,156000,8,6,55,92.0,64.3727,137.69
2,Office,5,South Atlantic,4,Warm,55000,2,4,168,100.0,86.091,589.53
14,Education,8,Mountain,5,Hot or very hot,280000,2,6,60,,42.5116,8.87
5,Nonrefrigerated warehouse,3,East North Central,1,Cold or very cold,52000,2,5,40,,32.0762,541.63
2,Office,2,Middle Atlantic,2,Cool,9500,2,3,55,100.0,48.3756,2934.43
16,Inpatient health care,9,Pacific,7,Withheld for confidentiality,800000,12,8,168,,108.9325,9.53
11,Refrigerated warehouse,6,East South Central,4,Warm,53000,1,9,168,,132.3946,605.33
23,Strip shopping center,2,Middle Atlantic,2,Cool,14000,1,3,51,85.0,134.2919,1428.4
2,Office,5,South Atlantic,3,Mixed mild,275000,8,4,60,60.0,60.8799,11.75
18,Lodging,9,Pacific,4,Warm,10000,2,6,168,,119.9032,1399.59
2,Office,2,Middle Atlantic,3,Mixed mild,600000,18,2,168,90.0,116.0835,14.9
8,Outpatient health care,3,East North Central,2,Cool,6400,2,8,75,100.0,45.8578,1265.79
25,Retail other than mall,8,Mountain,4,Warm,2600,1,5,168,,175.3792,2934.43
14,Education,5,South Atlantic,7,Withheld for confidentiality,250000,3,8,85,,98.5838,44.79
14,Education,2,Middle Atlantic,2,Cool,250000,3,3,45,,66.8167,44.64
18,Lodging,9,Pacific,7,Withheld for confidentiality,200000,8,6,168,,133.78,9.11
15,Food service,5,South Atlantic,4,Warm,3500,2,2,14,,64.1094,1218.03
2,Office,8,Mountain,3,Mixed mild,94000,3,7,40,95.0,56.9419,14.9
8,Outpatient health care,7,West South Central,3,Mixed mild,15000,1,7,64,85.0,127.0115,460.21
16,Inpatient health care,5,South Atlantic,7,Withheld for confidentiality,700000,6,4,168,,182.1208,16.55
5,Nonrefrigerated warehouse,5,South Atlantic,4,Warm,8500,1,7,50,,9.6745,2800.45
14,Education,5,South Atlantic,3,Mixed mild,200001,3,7,40,,52.9983,80.59
14,Education,5,South Atlantic,7,Withheld for confidentiality,60000,6,7,105,,163.6987,97.52
2,Office,2,Middle Atlantic,3,Mixed mild,52000,3,3,168,60.0,112.6547,117.32
23,Strip shopping center,3,East North Central,2,Cool,11250,1,8,55,34.0,79.9973,2009.74
6,Food sales,3,East North Central,3,Mixed mild,7500,1,8,168,,359.3283,1265.79
12,Religious worship,3,East North Central,2,Cool,4800,2,5,3,,3.7835,1472.45
2,Office,4,West North Central,2,Cool,152000,1,6,7,90.0,87.3133,14.9
2,Office,9,Pacific,4,Warm,700000,18,8,60,100.0,64.4843,15.06
23,Strip shopping center,5,South Atlantic,4,Warm,380000,1,8,75,97.0,101.8492,116.43
5,Nonrefrigerated warehouse,4,West North Central,1,Cold or very cold,410000,2,5,168,,90.11,11.33
12,Religious worship,5,South Atlantic,3,Mixed mild,1600,2,3,20,,51.3925,2934.43
23,Strip shopping center,8,Mountain,3,Mixed mild,295000,1,7,99,100.0,175.6142,72.88
5,Nonrefrigerated warehouse,3,East North Central,2,Cool,44500,1,7,65,,13.5436,611.8
13,Public assembly,3,East North Central,2,Cool,33000,5,5,168,,131.6042,253.07
2,Office,9,Pacific,4,Warm,32500,2,6,45,90.0,92.1176,611.8
13,Public assembly,6,East South Central,4,Warm,2400,1,6,12,,13.0204,460.31
14,Education,2,Middle Atlantic,3,Mixed mild,250000,2,4,40,,55.1516,8.84
8,Outpatient health care,1,New England,1,Cold or very cold,2500,1,7,41,100.0,151.6812,1195.14
14,Education,4,West North Central,3,Mixed mild,78000,3,2,50,,110.7868,99.04
26,Service,3,East North Central,2,Cool,3000,1,2,65,,47.0957,3075.23
25,Retail other than mall,5,South Atlantic,4,Warm,205000,1,6,168,,120.5437,83.17
12,Religious worship,5,South Atlantic,3,Mixed mild,8000,1,6,40,,25.8621,2990.63
12,Religious worship,7,West South Central,3,Mixed mild,100000,3,7,40,,37.2709,117.32
2,Office,2,Middle Atlantic,3,Mixed mild,126000,4,8,50,100.0,60.2685,137.69
26,Service,6,East South Central,4,Warm,2300,1,9,50,,77.6183,2990.63
25,Retail other than mall,7,West South Central,5,Hot or very hot,225000,1,7,168,,92.8698,14.9
16,Inpatient health care,4,West North Central,7,Withheld for confidentiality,200000,4,3,168,,209.72,52.3
14,Education,2,Middle Atlantic,2,Cool,24500,4,2,105,,251.955,502.9
7,Public order and safety,2,Middle Atlantic,3,Mixed mild,192000,4,7,168,,96.0959,97.52
2,Office,2,Middle Atlantic,7,Withheld for confidentiality,1500000,18,6,168,75.0,59.5216,14.9
13,Public assembly,8,Mountain,4,Warm,39000,1,9,50,,32.4147,240.4
6,Food sales,3,East North Central,2,Cool,126000,1,8,168,,161.4977,125.92
8,Outpatient health care,8,Mountain,1,Cold or very cold,2200,1,8,40,100.0,71.2755,1049.59
25,Retail other than mall,8,Mountain,1,Cold or very cold,15000,3,3,74,,45.87,2577.06
16,Inpatient health care,8,Mountain,7,Withheld for confidentiality,300000,3,5,168,,214.4207,16.62
8,Outpatient health care,5,South Atlantic,4,Warm,18000,1,7,30,100.0,79.9872,516.96
23,Strip shopping center,7,West South Central,4,Warm,81000,1,7,75,74.0,147.0678,395.28
26,Service,9,Pacific,1,Cold or very cold,3100,1,5,70,,37.3635,884.91
2,Office,9,Pacific,4,Warm,154000,5,8,50,96.0,31.8558,15.06
5,Nonrefrigerated warehouse,7,West South Central,5,Hot or very hot,9600,1,8,70,,2.4639,6659.94
7,Public order and safety,4,West North Central,1,Cold or very cold,3700,1,7,0,,60.9803,1218.03
91,Other,3,East North Central,2,Cool,138000,1,2,80,,94.7597,237.36
14,Education,8,Mountain,3,Mixed mild,45500,2,3,60,,42.3644,431.11
26,Service,1,New England,1,Cold or very cold,5500,1,7,55,,13.1169,1195.14
25,Retail other than mall,5,South Atlantic,4,Warm,205000,1,8,168,,107.2122,55.7
14,Education,2,Middle Atlantic,1,Cold or very cold,28000,1,5,45,,109.7901,224.76
25,Retail other than mall,5,South Atlantic,4,Warm,35500,1,7,58,,42.2245,591.56
7,Public order and safety,5,South Atlantic,7,Withheld for confidentiality,350000,12,7,45,,72.7753,50.03
2,Office,4,West North Central,1,Cold or very cold,305000,12,2,62,70.0,73.7501,14.9
2,Office,5,South Atlantic,3,Mixed mild,305000,7,6,60,100.0,103.495,68.33
12,Religious worship,7,West South Central,5,Hot or very hot,76000,2,8,68,,19.5686,623.52
14,Education,9,Pacific,3,Mixed mild,250000,3,7,35,,32.3344,9.11
5,Nonrefrigerated warehouse,8,Mountain,3,Mixed mild,57000,2,7,40,,14.6908,117.32
16,Inpatient health care,5,South Atlantic,7,Withheld for confidentiality,500001,6,5,168,,255.759,8.92
13,Public assembly,5,South Atlantic,3,Mixed mild,310000,3,9,168,,291.4967,58.26
2,Office,9,Pacific,4,Warm,106000,5,6,54,89.0,17.745,141.31
14,Education,2,Middle Atlantic,7,Withheld for confidentiality,120000,12,4,83,,89.2348,9.01
12,Religious worship,6,East South Central,4,Warm,132000,1,8,48,,19.2889,240.4
2,Office,5,South Atlantic,5,Hot or very hot,2100,1,4,40,100.0,16.9186,1218.03
5,Nonrefrigerated warehouse,7,West South Central,5,Hot or very hot,112000,1,8,50,,8.2396,31.35
2,Office,3,East North Central,2,Cool,60000,2,8,90,100.0,37.5233,611.8
14,Education,2,Middle Atlantic,7,Withheld for confidentiality,415000,8,2,95,,105.6566,5.89
14,Education,3,East North Central,3,Mixed mild,93000,1,7,60,,87.9415,282.95
13,Public assembly,2,Middle Atlantic,2,Cool,4050,1,2,42,,6.8081,4468.96
2,Office,2,Middle Atlantic,3,Mixed mild,36000,4,8,55,95.0,105.8302,224.76
14,Education,3,East North Central,2,Cool,50000,3,3,45,,69.4743,306.64
23,Strip shopping center,5,South Atlantic,4,Warm,136000,2,5,71,78.0,116.4515,10.71
14,Education,6,East South Central,4,Warm,150000,2,4,40,,41.1235,142.75
26,Service,8,Mountain,4,Warm,6100,1,2,168,,50.2736,5631.1
16,Inpatient health care,7,West South Central,7,Withheld for confidentiality,500001,4,6,168,,109.8021,10.07
25,Retail other than mall,3,East North Central,2,Cool,156000,1,8,168,,143.1583,125.92
13,Public assembly,5,South Atlantic,5,Hot or very hot,5000,1,8,56,,13.111,2990.63
24,Enclosed mall,3,East North Central,7,Withheld for confidentiality,500001,2,5,84,95.0,34.5019,15.06
16,Inpatient health care,3,East North Central,7,Withheld for confidentiality,600000,6,5,168,,248.2402,13.0
12,Religious worship,2,Middle Atlantic,3,Mixed mild,2500,3,4,14,,45.6104,3257.88
16,Inpatient health care,2,Middle Atlantic,7,Withheld for confidentiality,80000,1,6,168,,133.0924,55.13
25,Retail other than mall,6,East South Central,4,Warm,46000,1,9,168,,22.4174,623.52
91,Other,8,Mountain,4,Warm,7000,1,3,87,,0.0177,1195.14
25,Retail other than mall,4,West North Central,3,Mixed mild,186000,1,8,168,,139.4492,125.04
13,Public assembly,3,East North Central,2,Cool,200000,3,7,112,,140.7961,15.06
2,Office,7,West South Central,4,Warm,7200,1,8,35,100.0,73.7821,2990.63
2,Office,2,Middle Atlantic,3,Mixed mild,150000,18,7,168,90.0,144.1566,14.9
2,Office,5,South Atlantic,3,Mixed mild,370000,12,7,69,100.0,53.8436,14.9
2,Office,9,Pacific,4,Warm,8400,1,4,45,100.0,35.7687,1531.55
18,Lodging,2,Middle Atlantic,7,Withheld for confidentiality,100000,2,7,168,,35.2231,99.04
5,Nonrefrigerated warehouse,9,Pacific,3,Mixed mild,200000,1,7,40,,10.5529,70.08
14,Education,5,South Atlantic,4,Warm,93000,1,8,60,,48.3394,99.38
18,Lodging,3,East North Central,2,Cool,1500,1,2,168,,244.7987,3271.02
12,Religious worship,5,South Atlantic,4,Warm,6000,1,6,6,,41.8337,2800.45
8,Outpatient health care,7,West South Central,5,Hot or very hot,1800,1,5,27,100.0,30.7422,1218.03
14,Education,2,Middle Atlantic,3,Mixed mild,170000,3,4,35,,66.6684,61.88
7,Public order and safety,6,East South Central,4,Warm,13250,1,9,168,,24.3752,8.7
8,Outpatient health care,4,West North Central,3,Mixed mild,200000,12,6,76,100.0,116.861,50.09
14,Education,3,East North Central,2,Cool,126000,2,8,68,,81.9872,45.1
5,Nonrefrigerated warehouse,7,West South Central,3,Mixed mild,7800,2,3,12,,55.8937,7397.53
25,Retail other than mall,7,West South Central,5,Hot or very hot,124000,3,9,84,,105.8864,117.32
18,Lodging,2,Middle Atlantic,7,Withheld for confidentiality,56000,4,8,168,,55.9565,8.84
16,Inpatient health care,1,New England,7,Withheld for confidentiality,400000,5,2,168,,432.9656,8.82
14,Education,2,Middle Atlantic,7,Withheld for confidentiality,40000,2,9,70,,73.2802,502.9
5,Nonrefrigerated warehouse,9,Pacific,4,Warm,475000,1,5,90,,30.7716,70.08
23,Strip shopping center,5,South Atlantic,4,Warm,81000,1,5,42,79.0,50.8012,395.28
14,Education,9,Pacific,3,Mixed mild,245000,1,4,35,,29.7134,9.11
13,Public assembly,3,East North Central,2,Cool,330000,2,6,12,,85.6363,12.34
2,Office,9,Pacific,4,Warm,1200,1,4,54,100.0,124.8042,1265.79
16,Inpatient health care,6,East South Central,7,Withheld for confidentiality,210000,12,7,168,,139.3213,52.53
16,Inpatient health care,7,West South Central,7,Withheld for confidentiality,500001,8,9,168,,114.5945,7.06
14,Education,4,West North Central,2,Cool,34000,1,3,64,,48.0541,504.63
14,Education,2,Middle Atlantic,7,Withheld for confidentiality,245000,12,4,168,,141.2446,8.84
5,Nonrefrigerated warehouse,9,Pacific,4,Warm,130000,2,7,50,,4.7318,70.08
5,Nonrefrigerated warehouse,7,West South Central,3,Mixed mild,4500,1,8,112,,4.7493,3420.76
14,Education,3,East North Central,1,Cold or very cold,85000,1,8,40,,17.3925,282.95
14,Education,3,East North Central,3,Mixed mild,58000,1,7,60,,60.3402,282.95
23,Strip shopping center,7,West South Central,5,Hot or very hot,96000,1,5,51,100.0,71.5961,7.69
18,Lodging,6,East South Central,7,Withheld for confidentiality,154000,12,2,168,,94.7656,8.7
26,Service,3,East North Central,2,Cool,36000,1,6,72,,20.8857,1906.18
11,Refrigerated warehouse,3,East North Central,2,Cool,500001,1,8,168,,93.5709,16.83
15,Food service,6,East South Central,4,Warm,15000,1,9,50,,128.4745,690.18
14,Education,5,South Atlantic,3,Mixed mild,108000,3,2,80,,81.5468,8.84
14,Education,2,Middle Atlantic,7,Withheld for confidentiality,215000,8,5,120,,246.2265,6.63
5,Nonrefrigerated warehouse,9,Pacific,4,Warm,90000,1,8,40,,6.589,215.07
14,Education,2,Middle Atlantic,3,Mixed mild,102000,5,2,50,,84.2938,97.52
26,Service,5,South Atlantic,5,Hot or very hot,5000,1,3,40,,16.3454,2990.63
2,Office,8,Mountain,5,Hot or very hot,435000,18,5,66,95.0,50.8679,14.67
11,Refrigerated warehouse,7,West South Central,5,Hot or very hot,230000,2,9,70,,77.5049,69.6
15,Food service,3,East North Central,2,Cool,6400,1,4,80,,34.8858,3075.23
15,Food service,9,Pacific,2,Cool,3500,1,6,98,,30.5429,1090.74
2,Office,3,East North Central,2,Cool,420000,9,5,60,90.0,32.4345,6.59
13,Public assembly,5,South Atlantic,4,Warm,2800,1,7,6,,54.0736,2800.45
15,Food service,3,East North Central,1,Cold or very cold,12750,1,5,84,,327.5981,717.24
2,Office,5,South Atlantic,3,Mixed mild,39000,4,6,65,75.0,83.1685,349.71
18,Lodging,6,East South Central,4,Warm,100000,9,4,168,,85.7401,8.7
17,Nursing,4,West North Central,2,Cool,34000,3,8,168,,63.6204,1436.84
5,Nonrefrigerated warehouse,6,East South Central,4,Warm,50000,3,3,40,,54.8981,621.34
14,Education,8,Mountain,2,Cool,44000,1,6,60,,55.8423,431.11
4,Laboratory,9,Pacific,4,Warm,100001,2,7,168,,88.9013,52.84
2,Office,7,West South Central,4,Warm,285000,18,2,168,75.0,48.8532,14.9
14,Education,2,Middle Atlantic,2,Cool,108000,1,8,45,,74.2778,99.38
26,Service,7,West South Central,5,Hot or very hot,35000,1,8,46,,67.8609,623.52
5,Nonrefrigerated warehouse,5,South Atlantic,3,Mixed mild,37000,2,4,65,,23.8788,1030.4
18,Lodging,9,Pacific,7,Withheld for confidentiality,225000,7,5,168,,120.7181,8.7
18,Lodging,3,East North Central,7,Withheld for confidentiality,88000,3,3,168,,83.6217,306.64
6,Food sales,5,South Atlantic,4,Warm,1800,1,8,168,,216.4122,2990.63
26,Service,1,New England,2,Cool,10000,3,2,55,,18.1417,2934.43
2,Office,7,West South Central,4,Warm,54000,1,9,50,75.0,30.1662,591.56
14,Education,3,East North Central,2,Cool,154000,3,8,70,,53.2741,59.65
25,Retail other than mall,9,Pacific,4,Warm,41000,3,7,70,,148.8677,227.11
16,Inpatient health care,4,West North Central,7,Withheld for confidentiality,900000,12,9,168,,270.9921,9.77
2,Office,9,Pacific,5,Hot or very hot,240000,8,4,60,80.0,59.0256,15.06
14,Education,9,Pacific,7,Withheld for confidentiality,5100,1,3,50,,38.6522,4384.99
15,Food service,6,East South Central,4,Warm,13000,1,4,105,,228.6569,451.56
2,Office,4,West North Central,1,Cold or very cold,385000,6,6,65,95.0,56.9313,58.26
14,Education,3,East North Central,1,Cold or very cold,120000,2,2,60,,62.7841,829.67
2,Office,5,South Atlantic,4,Warm,60000,4,7,40,70.0,46.9212,246.59
14,Education,8,Mountain,2,Cool,66000,2,5,45,,36.5018,8.84
2,Office,9,Pacific,4,Warm,41500,2,7,60,90.0,35.0758,9.11
26,Service,2,Middle Atlantic,3,Mixed mild,36500,3,4,140,,57.0042,1489.41
5,Nonrefrigerated warehouse,2,Middle Atlantic,3,Mixed mild,700000,1,8,72,,19.5273,197.52
16,Inpatient health care,2,Middle Atlantic,7,Withheld for confidentiality,1500000,9,5,168,,535.0587,9.21
14,Education,5,South Atlantic,3,Mixed mild,188000,4,8,50,,73.4695,99.04
2,Office,9,Pacific,4,Warm,300000,3,7,168,25.0,34.7247,15.06
2,Office,1,New England,2,Cool,118000,6,6,65,96.0,79.2073,14.73
14,Education,5,South Atlantic,3,Mixed mild,205000,2,3,72,,84.7899,99.38
13,Public assembly,8,Mountain,5,Hot or very hot,40500,1,8,54,,91.8611,97.52
2,Office,5,South Atlantic,3,Mixed mild,83000,4,2,168,100.0,142.2188,14.9
12,Religious worship,7,West South Central,4,Warm,156000,2,7,50,,34.4813,54.73
12,Religious worship,2,Middle Atlantic,2,Cool,1600,2,2,20,,91.5044,2990.63
13,Public assembly,3,East North Central,2,Cool,6000,4,3,40,,64.6425,3075.23
4,Laboratory,3,East North Central,2,Cool,210000,4,3,60,,96.1345,3.95
13,Public assembly,5,South Atlantic,4,Warm,6400,1,2,0,,35.7075,2800.45
18,Lodging,2,Middle Atlantic,7,Withheld for confidentiality,500000,18,3,168,,128.0085,9.01
26,Service,7,West South Central,5,Hot or very hot,110000,1,2,168,,56.3878,14.9
7,Public order and safety,2,Middle Atlantic,3,Mixed mild,8700,2,9,168,,96.9206,2050.06
16,Inpatient health care,2,Middle Atlantic,7,Withheld for confidentiality,1000000,18,2,168,,192.3517,9.88
26,Service,2,Middle Atlantic,2,Cool,1350,1,7,24,,4.42,2990.63
2,Office,8,Mountain,5,Hot or very hot,5200,1,7,45,100.0,24.0348,2934.43
25,Retail other than mall,6,East South Central,4,Warm,3200,1,4,40,,94.7103,2990.63
5,Nonrefrigerated warehouse,5,South Atlantic,4,Warm,27500,1,8,168,,63.5471,591.56
2,Office,9,Pacific,4,Warm,65000,2,5,45,95.0,85.809,15.06
26,Service,7,West South Central,5,Hot or very hot,4500,1,3,70,,43.9849,2990.63
2,Office,7,West South Central,5,Hot or very hot,1250,1,5,168,100.0,27.7048,2990.63
23,Strip shopping center,3,East North Central,2,Cool,250000,1,9,69,82.0,149.9347,175.02
14,Education,2,Middle Atlantic,2,Cool,240000,4,2,50,,91.9139,8.84
17,Nursing,3,East North Central,2,Cool,250000,2,4,168,,52.0942,58.11
5,Nonrefrigerated warehouse,9,Pacific,4,Warm,355000,1,9,72,,19.1237,70.08
4,Laboratory,3,East North Central,2,Cool,86000,3,3,77,,192.0603,111.56
14,Education,6,East South Central,4,Warm,265000,2,5,50,,48.4357,8.7
14,Education,3,East North Central,2,Cool,420000,4,3,55,,75.0648,45.1
23,Strip shopping center,5,South Atlantic,4,Warm,45500,1,6,71,100.0,126.2148,406.08
14,Education,3,East North Central,7,Withheld for confidentiality,23000,1,9,60,,47.1353,495.15
5,Nonrefrigerated warehouse,4,West North Central,3,Mixed mild,6300,1,7,56,,11.387,1413.09
14,Education,9,Pacific,7,Withheld for confidentiality,200001,6,8,120,,37.9821,51.34
18,Lodging,9,Pacific,7,Withheld for confidentiality,118000,4,9,168,,139.4898,97.52
14,Education,8,Mountain,2,Cool,280000,3,4,50,,79.322,9.01
14,Education,7,West South Central,5,Hot or very hot,37000,1,8,50,,27.8921,504.63
26,Service,4,West North Central,1,Cold or very cold,35500,1,4,40,,155.6288,1030.4
23,Strip shopping center,5,South Atlantic,5,Hot or very hot,80000,1,8,46,87.0,125.9401,395.28
2,Office,8,Mountain,1,Cold or very cold,16000,3,2,45,75.0,20.2132,1441.01
7,Public order and safety,2,Middle Atlantic,7,Withheld for confidentiality,300000,6,6,48,,43.6644,97.52
16,Inpatient health care,9,Pacific,7,Withheld for confidentiality,300000,7,9,168,,26.3354,9.53
12,Religious worship,9,Pacific,4,Warm,57000,3,4,40,,13.8891,655.85
14,Education,2,Middle Atlantic,3,Mixed mild,130000,6,2,50,,65.3516,8.84
18,Lodging,3,East North Central,7,Withheld for confidentiality,73000,4,8,168,,79.4708,341.69
14,Education,5,South Atlantic,7,Withheld for confidentiality,5000,1,6,40,,21.5818,4468.96
14,Education,8,Mountain,1,Cold or very cold,12000,1,8,15,,98.24,429.63
16,Inpatient health care,3,East North Central,7,Withheld for confidentiality,500001,12,2,168,,358.2987,9.01
14,Education,1,New England,2,Cool,82000,4,8,45,,73.6315,278.62
13,Public assembly,7,West South Central,4,Warm,16000,1,8,40,,39.4681,1413.09
23,Strip shopping center,8,Mountain,2,Cool,17500,1,8,42,100.0,110.3281,2009.74
18,Lodging,5,South Atlantic,7,Withheld for confidentiality,600000,18,6,168,,43.64,9.01
15,Food service,2,Middle Atlantic,3,Mixed mild,10000,3,2,98,,204.1078,1218.03
8,Outpatient health care,4,West North Central,1,Cold or very cold,25000,1,7,45,100.0,86.5372,690.18
23,Strip shopping center,7,West South Central,4,Warm,18750,1,8,55,100.0,110.1828,2009.74
7,Public order and safety,5,South Atlantic,7,Withheld for confidentiality,475000,7,8,50,,21.4385,6.52
23,Strip shopping center,1,New England,2,Cool,79000,1,4,83,100.0,123.2811,395.28
11,Refrigerated warehouse,3,East North Central,3,Mixed mild,250000,2,6,12,,78.2836,31.68
14,Education,2,Middle Atlantic,3,Mixed mild,120000,5,2,86,,74.3419,97.52
18,Lodging,9,Pacific,7,Withheld for confidentiality,200000,12,5,168,,135.0403,8.93
8,Outpatient health care,1,New England,2,Cool,40000,3,8,168,100.0,135.0941,384.05
2,Office,3,East North Central,2,Cool,245000,7,2,60,80.0,60.7161,15.06
14,Education,8,Mountain,7,Withheld for confidentiality,310000,7,6,100,,103.7834,13.29
18,Lodging,7,West South Central,7,Withheld for confidentiality,215000,5,5,168,,83.1398,50.03
23,Strip shopping center,1,New England,3,Mixed mild,120000,1,6,75,100.0,142.8269,175.02
15,Food service,4,West North Central,2,Cool,1900,2,2,40,,88.3526,1195.14
8,Outpatient health care,8,Mountain,3,Mixed mild,11000,1,8,40,100.0,56.953,1218.03
2,Office,2,Middle Atlantic,3,Mixed mild,160000,3,4,168,70.0,71.3893,48.85
7,Public order and safety,7,West South Central,7,Withheld for confidentiality,255000,5,4,168,,52.2025,7.84
5,Nonrefrigerated warehouse,5,South Atlantic,4,Warm,7800,1,8,48,,5.126,6659.94
26,Service,5,South Atlantic,3,Mixed mild,260000,2,5,60,,80.3421,14.9
5,Nonrefrigerated warehouse,6,East South Central,4,Warm,128000,1,8,40,,39.3149,247.57
5,Nonrefrigerated warehouse,5,South Atlantic,4,Warm,130000,2,9,110,,37.0037,922.6
14,Education,7,West South Central,5,Hot or very hot,83000,1,6,56,,30.6424,330.8
2,Office,5,South Atlantic,3,Mixed mild,260000,12,8,60,75.0,41.9208,14.9
12,Religious worship,3,East North Central,2,Cool,90000,2,6,65,,48.1084,59.79
5,Nonrefrigerated warehouse,5,South Atlantic,4,Warm,25000,1,8,60,,11.4786,1413.09
18,Lodging,2,Middle Atlantic,3,Mixed mild,132000,12,8,168,,81.5244,97.52
26,Service,7,West South Central,5,Hot or very hot,6000,1,4,84,,97.4545,2990.63
16,Inpatient health care,9,Pacific,7,Withheld for confidentiality,2100000,12,8,168,,68.1491,10.17
26,Service,6,East South Central,4,Warm,2050,1,7,38,,49.1751,460.31
11,Refrigerated warehouse,9,Pacific,4,Warm,164000,2,7,100,,122.2103,54.0
14,Education,8,Mountain,5,Hot or very hot,12750,2,6,43,,39.9958,1195.68
26,Service,4,West North Central,2,Cool,7000,1,7,53,,33.4081,2990.63
14,Education,2,Middle Atlantic,2,Cool,150000,3,3,90,,40.4366,288.37
8,Outpatient health care,9,Pacific,3,Mixed mild,74000,5,2,40,100.0,65.2634,161.5
2,Office,9,Pacific,4,Warm,64000,1,8,50,100.0,52.0924,118.55
13,Public assembly,1,New England,2,Cool,1001,3,4,15,,35.2298,2934.43
2,Office,7,West South Central,5,Hot or very hot,51000,1,6,55,75.0,64.3306,117.32
2,Office,1,New England,2,Cool,88000,4,2,168,100.0,155.4763,134.42
2,Office,7,West South Central,5,Hot or very hot,500000,18,6,55,80.0,43.643,14.9
2,Office,7,West South Central,5,Hot or very hot,94000,4,6,50,65.0,37.2405,240.4
18,Lodging,9,Pacific,2,Cool,49500,4,3,168,,43.7795,495.15
4,Laboratory,5,South Atlantic,3,Mixed mild,365000,12,8,168,,214.2168,50.09
7,Public order and safety,5,South Atlantic,3,Mixed mild,46500,1,8,168,,83.0378,1218.58
8,Outpatient health care,3,East North Central,1,Cold or very cold,2750,2,7,52,100.0,107.7793,1265.79
25,Retail other than mall,5,South Atlantic,5,Hot or very hot,41000,1,9,126,,172.4771,623.52
2,Office,2,Middle Atlantic,3,Mixed mild,800000,7,4,168,100.0,33.0833,63.15
5,Nonrefrigerated warehouse,5,South Atlantic,4,Warm,2000,1,9,168,,24.411,2990.63
6,Food sales,8,Mountain,1,Cold or very cold,25500,1,6,105,,199.4293,623.52
25,Retail other than mall,1,New England,2,Cool,9600,2,6,48,,41.3495,2747.83
12,Religious worship,5,South Atlantic,5,Hot or very hot,8000,1,2,12,,31.0136,2990.63
2,Office,8,Mountain,4,Warm,12000,1,8,40,100.0,48.927,1418.81
2,Office,6,East South Central,4,Warm,106000,2,8,12,85.0,115.2678,240.4
16,Inpatient health care,7,West South Central,7,Withheld for confidentiality,900000,12,3,168,,223.7081,8.78
15,Food service,5,South Atlantic,4,Warm,3900,1,2,55,,187.4659,1218.03
16,Inpatient health care,5,South Atlantic,7,Withheld for confidentiality,1000000,7,4,168,,290.1411,9.07
25,Retail other than mall,1,New England,2,Cool,9000,2,6,58,,59.8617,1461.43
16,Inpatient health care,9,Pacific,7,Withheld for confidentiality,250000,4,6,168,,124.7109,9.91
13,Public assembly,7,West South Central,4,Warm,9000,2,4,12,,47.3653,1591.15
17,Nursing,5,South Atlantic,3,Mixed mild,120000,4,7,168,,118.3661,8.84
2,Office,4,West North Central,3,Mixed mild,41500,3,3,38,85.0,62.9239,14.9
5,Nonrefrigerated warehouse,3,East North Central,2,Cool,100000,1,4,168,,41.6709,215.07
13,Public assembly,5,South Atlantic,4,Warm,37500,2,8,95,,118.3197,1413.09
2,Office,9,Pacific,2,Cool,9300,1,8,60,100.0,41.4934,2649.96
5,Nonrefrigerated warehouse,4,West North Central,1,Cold or very cold,102000,1,4,130,,103.3731,235.71
12,Religious worship,1,New England,2,Cool,4500,1,7,60,,130.3162,1461.43
2,Office,9,Pacific,4,Warm,12250,1,6,60,100.0,83.918,1486.89
12,Religious worship,7,West South Central,5,Hot or very hot,5000,1,9,6,,34.9732,2990.63
16,Inpatient health care,7,West South Central,7,Withheld for confidentiality,900000,8,8,168,,213.7078,10.07
18,Lodging,5,South Atlantic,7,Withheld for confidentiality,600000,18,5,168,,71.7986,9.01
26,Service,4,West North Central,1,Cold or very cold,52000,2,7,168,,39.8373,117.32
25,Retail other than mall,5,South Atlantic,4,Warm,7000,1,3,50,,32.5067,2990.63
16,Inpatient health care,4,West North Central,7,Withheld for confidentiality,1000000,9,2,168,,213.4272,8.78
13,Public assembly,9,Pacific,4,Warm,1500,1,8,48,,96.314,3075.23
15,Food service,8,Mountain,3,Mixed mild,5000,1,7,96,,535.766,1218.03
2,Office,2,Middle Atlantic,3,Mixed mild,700000,18,3,60,80.0,68.7749,9.01
18,Lodging,6,East South Central,4,Warm,200000,4,4,168,,92.2829,7.59
2,Office,6,East South Central,4,Warm,410000,18,6,56,95.0,74.5956,14.67
16,Inpatient health care,4,West North Central,7,Withheld for confidentiality,1000000,7,5,168,,153.7447,10.94
18,Lodging,3,East North Central,7,Withheld for confidentiality,28500,3,9,168,,101.4031,1414.71
2,Office,3,East North Central,2,Cool,10000,2,5,50,40.0,86.8038,1265.79
2,Office,9,Pacific,4,Warm,112000,2,6,38,100.0,82.797,49.37
14,Education,9,Pacific,4,Warm,100000,3,2,40,,22.0699,45.1
15,Food service,2,Middle Atlantic,3,Mixed mild,16000,1,7,125,,272.8044,690.18
12,Religious worship,9,Pacific,4,Warm,3600,1,4,16,,21.3672,3075.23
16,Inpatient health care,5,South Atlantic,7,Withheld for confidentiality,380000,6,5,168,,239.0731,18.83
23,Strip shopping center,8,Mountain,5,Hot or very hot,225000,1,9,75,100.0,90.2883,72.88
5,Nonrefrigerated warehouse,5,South Atlantic,4,Warm,126000,1,7,168,,34.691,66.03
2,Office,8,Mountain,3,Mixed mild,5400,1,7,40,100.0,77.2478,690.18
14,Education,2,Middle Atlantic,3,Mixed mild,420000,5,5,80,,56.0955,58.86
26,Service,3,East North Central,2,Cool,2000,1,8,50,,134.4355,1531.55
2,Office,9,Pacific,3,Mixed mild,340000,12,8,65,100.0,60.0363,15.06
4,Laboratory,5,South Atlantic,3,Mixed mild,300000,12,8,168,,271.982,9.07
13,Public assembly,8,Mountain,2,Cool,80000,3,3,112,,155.8189,329.67
14,Education,1,New England,2,Cool,285000,2,5,92,,322.1206,44.41
2,Office,3,East North Central,3,Mixed mild,18500,1,2,168,90.0,75.719,1829.53
12,Religious worship,3,East North Central,2,Cool,30000,4,4,5,,30.5483,1531.55
5,Nonrefrigerated warehouse,9,Pacific,3,Mixed mild,104000,1,7,40,,52.9099,249.3
2,Office,7,West South Central,5,Hot or very hot,6000,1,9,168,100.0,87.8357,3695.52
4,Laboratory,8,Mountain,2,Cool,182000,4,9,80,,285.4815,10.63
2,Office,6,East South Central,3,Mixed mild,114000,2,4,40,60.0,42.885,97.52
5,Nonrefrigerated warehouse,3,East North Central,2,Cool,380000,1,5,18,,27.2596,15.06
16,Inpatient health care,7,West South Central,7,Withheld for confidentiality,130000,5,5,168,,413.711,8.62
16,Inpatient health care,3,East North Central,7,Withheld for confidentiality,186000,4,4,168,,97.7011,16.25
23,Strip shopping center,9,Pacific,4,Warm,152000,1,4,73,92.0,127.6918,84.48
5,Nonrefrigerated warehouse,2,Middle Atlantic,3,Mixed mild,63000,8,2,84,,58.5287,58.26
15,Food service,4,West North Central,2,Cool,10250,1,8,84,,585.0243,690.18
18,Lodging,4,West North Central,2,Cool,200000,5,3,168,,77.4516,20.91
14,Education,5,South Atlantic,3,Mixed mild,11750,3,8,40,,116.4592,1218.58
2,Office,7,West South Central,4,Warm,255000,12,5,11,98.0,101.0922,8.76
7,Public order and safety,4,West North Central,3,Mixed mild,500001,12,7,168,,116.0022,9.01
17,Nursing,2,Middle Atlantic,1,Cold or very cold,200000,6,4,168,,104.8906,9.81
14,Education,3,East North Central,2,Cool,36500,1,4,60,,44.0959,306.64
14,Education,7,West South Central,4,Warm,50000,1,8,40,,24.997,1413.09
12,Religious worship,9,Pacific,2,Cool,1600,2,4,4,,78.8588,3075.23
5,Nonrefrigerated warehouse,5,South Atlantic,4,Warm,100000,1,5,50,,29.0285,66.03
26,Service,1,New England,2,Cool,4800,1,8,168,,21.1879,2934.43
7,Public order and safety,9,Pacific,3,Mixed mild,13250,1,8,168,,68.1944,495.15
18,Lodging,7,West South Central,7,Withheld for confidentiality,200001,12,5,168,,71.2408,9.01
2,Office,2,Middle Atlantic,3,Mixed mild,800000,18,5,55,100.0,49.9061,14.9
25,Retail other than mall,7,West South Central,3,Mixed mild,180000,1,7,168,,141.416,66.35
2,Office,7,West South Central,5,Hot or very hot,3200,1,8,68,100.0,46.6094,2990.63
14,Education,7,West South Central,5,Hot or very hot,98000,2,4,45,,38.849,99.04
26,Service,7,West South Central,4,Warm,10000,1,3,40,,32.6087,1413.09
14,Education,9,Pacific,1,Cold or very cold,39000,2,6,9,,92.8962,386.68
25,Retail other than mall,8,Mountain,5,Hot or very hot,65000,1,7,105,,135.9178,105.74
13,Public assembly,8,Mountain,4,Warm,6000,1,5,168,,37.4007,2934.43
23,Strip shopping center,5,South Atlantic,4,Warm,95000,2,5,55,47.0,53.4396,395.28
12,Religious worship,5,South Atlantic,4,Warm,15000,1,9,10,,8.9337,14.9
23,Strip shopping center,8,Mountain,1,Cold or very cold,134000,1,8,46,100.0,56.3106,175.02
14,Education,1,New England,2,Cool,15000,2,7,60,,71.1825,1195.68
23,Strip shopping center,5,South Atlantic,5,Hot or very hot,11750,1,4,46,100.0,62.3398,2009.74
5,Nonrefrigerated warehouse,5,South Atlantic,4,Warm,102000,1,6,80,,18.9347,32.47
12,Religious worship,8,Mountain,4,Warm,25000,2,7,44,,17.9164,1461.43
2,Office,2,Middle Atlantic,2,Cool,310000,18,5,56,85.0,104.0035,14.9
23,Strip shopping center,3,East North Central,3,Mixed mild,11000,2,4,40,100.0,73.5425,7084.21
11,Refrigerated warehouse,9,Pacific,4,Warm,36000,2,5,80,,241.4412,611.8
23,Strip shopping center,5,South Atlantic,4,Warm,360000,1,7,75,100.0,155.4241,10.71
16,Inpatient health care,3,East North Central,7,Withheld for confidentiality,600000,9,4,168,,182.3516,9.01
5,Nonrefrigerated warehouse,2,Middle Atlantic,3,Mixed mild,500000,1,4,85,,31.5196,31.35
2,Office,3,East North Central,3,Mixed mild,3700,1,8,48,100.0,85.3305,1195.14
2,Office,5,South Atlantic,3,Mixed mild,190000,18,7,40,100.0,74.929,8.84
26,Service,2,Middle Atlantic,3,Mixed mild,3000,1,5,57,,15.6053,1408.23
15,Food service,8,Mountain,2,Cool,20250,4,2,50,,100.7264,9.45
5,Nonrefrigerated warehouse,5,South Atlantic,4,Warm,1350,1,6,84,,133.3015,1417.97
2,Office,5,South Atlantic,4,Warm,112000,4,6,60,65.0,85.5013,51.49
2,Office,5,South Atlantic,4,Warm,1900,1,8,45,100.0,46.1026,3320.27
14,Education,5,South Atlantic,3,Mixed mild,69000,2,3,75,,51.2415,303.46
25,Retail other than mall,9,Pacific,4,Warm,124000,1,7,126,,84.0703,125.92
2,Office,3,East North Central,2,Cool,2050,2,6,55,100.0,129.1737,1472.45
2,Office,5,South Atlantic,4,Warm,85000,2,4,48,75.0,25.7767,117.32
16,Inpatient health care,7,West South Central,7,Withheld for confidentiality,800000,6,7,168,,163.6519,10.55
18,Lodging,9,Pacific,4,Warm,205000,7,3,168,,56.6461,5.66
5,Nonrefrigerated warehouse,2,Middle Atlantic,2,Cool,10500,2,5,1,,28.4893,3408.99
2,Office,9,Pacific,4,Warm,2000,2,4,40,100.0,51.3635,3075.23
25,Retail other than mall,4,West North Central,1,Cold or very cold,20000,1,6,78,,62.3798,1489.41
2,Office,5,South Atlantic,3,Mixed mild,600000,8,9,60,100.0,33.7731,6.52
16,Inpatient health care,5,South Atlantic,7,Withheld for confidentiality,120000,2,8,168,,301.7684,76.07
18,Lodging,9,Pacific,7,Withheld for confidentiality,240000,18,2,168,,94.1698,9.11
26,Service,7,West South Central,5,Hot or very hot,2000,1,8,45,,36.657,6659.94
2,Office,8,Mountain,1,Cold or very cold,168000,4,2,80,80.0,40.1876,284.4
4,Laboratory,8,Mountain,2,Cool,355000,3,2,60,,99.4836,7.84
2,Office,6,East South Central,4,Warm,35000,3,4,45,95.0,58.8596,580.45
12,Religious worship,1,New England,3,Mixed mild,1600,2,2,70,,513.4062,2934.43
2,Office,4,West North Central,1,Cold or very cold,240000,4,5,168,90.0,118.9904,48.85
4,Laboratory,7,West South Central,3,Mixed mild,142000,4,7,70,,150.825,97.52
8,Outpatient health care,3,East North Central,2,Cool,186000,4,8,80,95.0,95.8972,52.84
12,Religious worship,5,South Atlantic,3,Mixed mild,6000,2,3,15,,15.2377,111.04
26,Service,2,Middle Atlantic,1,Cold or very cold,17000,1,4,45,,21.3116,2990.63
13,Public assembly,3,East North Central,2,Cool,2300,1,7,14,,13.4783,1472.45
5,Nonrefrigerated warehouse,4,West North Central,1,Cold or very cold,225000,1,8,168,,117.4894,14.9
8,Outpatient health care,8,Mountain,1,Cold or very cold,40500,2,8,48,100.0,143.9412,126.08
2,Office,5,South Atlantic,3,Mixed mild,475000,12,8,56,90.0,37.2841,14.9
5,Nonrefrigerated warehouse,8,Mountain,4,Warm,10500,1,6,168,,7.648,3356.48
7,Public order and safety,8,Mountain,2,Cool,13250,1,8,168,,93.3718,1693.56
2,Office,2,Middle Atlantic,2,Cool,49000,6,2,168,95.0,163.103,875.66
7,Public order and safety,4,West North Central,1,Cold or very cold,4800,1,6,168,,45.605,4468.96
6,Food sales,3,East North Central,2,Cool,49000,1,5,168,,274.8238,611.8
14,Education,9,Pacific,4,Warm,1200,1,7,25,,49.6108,4384.99
2,Office,3,East North Central,2,Cool,33500,1,5,40,90.0,68.8548,611.8
13,Public assembly,7,West South Central,4,Warm,25000,1,2,6,,45.8913,2990.63
91,Other,7,West South Central,5,Hot or very hot,1000000,3,6,168,,13.0925,14.9
16,Inpatient health care,7,West South Central,7,Withheld for confidentiality,400000,4,7,168,,276.2908,10.07
14,Education,4,West North Central,1,Cold or very cold,78000,1,7,80,,72.2848,330.8
23,Strip shopping center,2,Middle Atlantic,3,Mixed mild,225000,2,4,58,98.0,124.353,175.02
5,Nonrefrigerated warehouse,5,South Atlantic,5,Hot or very hot,63000,1,6,40,,25.8693,310.59
13,Public assembly,8,Mountain,1,Cold or very cold,11250,2,3,60,,81.17,603.25
18,Lodging,4,West North Central,2,Cool,134000,6,3,168,,78.6636,137.69
2,Office,9,Pacific,4,Warm,215000,6,6,55,100.0,63.2691,140.37
25,Retail other than mall,3,East North Central,2,Cool,205000,1,7,168,,109.9004,16.83
23,Strip shopping center,9,Pacific,2,Cool,108000,1,6,65,98.0,114.8785,395.28
15,Food service,6,East South Central,4,Warm,8000,1,9,70,,286.3871,1218.03
26,Service,9,Pacific,2,Cool,7800,2,9,48,,41.1555,2934.43
2,Office,9,Pacific,4,Warm,4900,1,6,50,100.0,30.3451,3075.23
12,Religious worship,5,South Atlantic,5,Hot or very hot,1200,1,5,12,,11.1817,2990.63
14,Education,3,East North Central,1,Cold or very cold,600000,3,7,112,,47.6025,10.55
14,Education,7,West South Central,5,Hot or very hot,325000,3,8,45,,34.675,9.01
13,Public assembly,3,East North Central,2,Cool,48000,2,9,60,,67.6628,1531.55
13,Public assembly,5,South Atlantic,3,Mixed mild,800000,7,5,56,,61.809,6.52
18,Lodging,7,West South Central,4,Warm,71000,2,8,168,,80.7811,99.04
5,Nonrefrigerated warehouse,9,Pacific,4,Warm,114000,1,6,65,,21.1055,52.14
4,Laboratory,3,East North Central,2,Cool,275000,5,3,168,,229.5945,55.51
17,Nursing,4,West North Central,1,Cold or very cold,35000,1,4,168,,204.5696,460.21
26,Service,3,East North Central,2,Cool,340000,1,5,40,,6.2722,233.37
6,Food sales,3,East North Central,2,Cool,24500,1,7,84,,245.5113,1528.27
14,Education,7,West South Central,5,Hot or very hot,15000,2,8,68,,89.8836,504.63
14,Education,2,Middle Atlantic,3,Mixed mild,128000,2,5,40,,45.0347,288.37
4,Laboratory,5,South Atlantic,4,Warm,245000,2,9,168,,162.8279,16.58
25,Retail other than mall,9,Pacific,3,Mixed mild,215000,1,7,168,,85.6739,15.08
12,Religious worship,7,West South Central,4,Warm,1850,1,7,7,,22.3454,2990.63
2,Office,5,South Atlantic,4,Warm,14750,2,6,72,100.0,57.7871,690.18
13,Public assembly,5,South Atlantic,5,Hot or very hot,9800,1,8,90,,166.59,621.37
25,Retail other than mall,3,East North Central,2,Cool,36000,1,7,82,,65.8534,1528.27
12,Religious worship,4,West North Central,3,Mixed mild,25000,2,5,90,,66.0287,591.56
91,Other,3,East North Central,1,Cold or very cold,2400,1,7,168,,52.7108,1265.79
2,Office,2,Middle Atlantic,2,Cool,425000,12,7,84,100.0,100.259,14.9
5,Nonrefrigerated warehouse,4,West North Central,7,Withheld for confidentiality,1800000,8,2,168,,8.7281,27.6
12,Religious worship,6,East South Central,4,Warm,8000,2,3,8,,48.1562,2990.63
13,Public assembly,8,Mountain,2,Cool,198000,5,8,104,,123.7117,8.44
4,Laboratory,7,West South Central,3,Mixed mild,78000,4,8,70,,278.2541,324.59
2,Office,9,Pacific,4,Warm,1000000,18,7,40,95.0,38.403,9.11
2,Office,9,Pacific,4,Warm,9000,1,6,40,85.0,40.1188,1399.59
2,Office,8,Mountain,2,Cool,13500,4,6,60,40.0,139.8815,611.8
5,Nonrefrigerated warehouse,2,Middle Atlantic,3,Mixed mild,39000,3,2,100,,87.1705,224.76
13,Public assembly,5,South Atlantic,3,Mixed mild,465000,7,5,168,,66.3374,5.52
2,Office,2,Middle Atlantic,2,Cool,50000,1,8,40,33.0,33.9399,117.32
16,Inpatient health care,1,New England,7,Withheld for confidentiality,295000,12,5,168,,151.8614,9.92
8,Outpatient health care,3,East North Central,2,Cool,255000,4,7,168,95.0,136.7121,8.85
2,Office,9,Pacific,4,Warm,485000,18,4,61,90.0,77.6042,15.06
14,Education,7,West South Central,5,Hot or very hot,25000,1,6,50,,21.2913,1489.41
5,Nonrefrigerated warehouse,5,South Atlantic,3,Mixed mild,300000,1,8,168,,30.5652,32.47
6,Food sales,9,Pacific,4,Warm,2350,1,4,168,,227.8255,1265.79
6,Food sales,7,West South Central,5,Hot or very hot,3000,1,9,168,,209.2757,2990.63
15,Food service,6,East South Central,3,Mixed mild,1250,1,7,28,,78.2408,1500.65
18,Lodging,2,Middle Atlantic,2,Cool,14250,2,4,168,,128.8397,504.63
26,Service,2,Middle Atlantic,3,Mixed mild,20000,3,3,54,,46.277,1484.29
26,Service,9,Pacific,2,Cool,4500,1,7,168,,14.3671,3075.23
5,Nonrefrigerated warehouse,5,South Atlantic,5,Hot or very hot,900000,3,8,120,,47.7106,32.47
8,Outpatient health care,3,East North Central,3,Mixed mild,25000,1,8,40,100.0,98.5812,1265.79
8,Outpatient health care,2,Middle Atlantic,3,Mixed mild,110000,2,3,72,100.0,137.1151,82.08
13,Public assembly,7,West South Central,5,Hot or very hot,250000,6,8,106,,58.1621,58.26
2,Office,5,South Atlantic,4,Warm,2450,1,7,53,100.0,33.6343,2990.63
13,Public assembly,4,West North Central,3,Mixed mild,1500,1,5,0,,17.6127,8544.65
5,Nonrefrigerated warehouse,6,East South Central,4,Warm,150000,1,9,80,,17.0749,48.1
4,Laboratory,5,South Atlantic,3,Mixed mild,265000,7,7,168,,206.0376,8.84
16,Inpatient health care,5,South Atlantic,7,Withheld for confidentiality,1700000,8,4,168,,101.2174,9.54
12,Religious worship,5,South Atlantic,4,Warm,82000,2,8,60,,34.5781,117.32
14,Education,8,Mountain,4,Warm,110000,2,3,50,,31.1703,97.52
18,Lodging,8,Mountain,7,Withheld for confidentiality,500001,18,5,168,,204.2681,14.67
18,Lodging,5,South Atlantic,7,Withheld for confidentiality,295000,12,8,168,,137.3586,8.84
14,Education,5,South Atlantic,4,Warm,64000,3,4,40,,45.1938,431.11
26,Service,3,East North Central,2,Cool,5000,1,9,50,,76.4468,3075.23
16,Inpatient health care,8,Mountain,7,Withheld for confidentiality,600000,8,5,168,,344.3183,10.37
2,Office,5,South Atlantic,5,Hot or very hot,130000,12,6,45,92.0,78.0404,9.01
18,Lodging,5,South Atlantic,7,Withheld for confidentiality,50000,5,8,168,,88.9004,17.27
14,Education,2,Middle Atlantic,3,Mixed mild,142000,2,4,40,,64.068,303.46
2,Office,8,Mountain,2,Cool,52000,7,4,65,75.0,68.7548,240.4
2,Office,3,East North Central,3,Mixed mild,60000,3,2,55,40.0,37.64,1748.0
25,Retail other than mall,6,East South Central,4,Warm,15000,1,3,168,,25.4971,587.89
14,Education,4,West North Central,1,Cold or very cold,210000,3,6,75,,53.9621,9.01
2,Office,3,East North Central,2,Cool,60000,5,2,105,100.0,63.1447,227.11
4,Laboratory,5,South Atlantic,3,Mixed mild,188000,4,7,40,,82.502,224.76
2,Office,2,Middle Atlantic,3,Mixed mild,170000,4,7,70,56.0,48.5552,137.69
5,Nonrefrigerated warehouse,5,South Atlantic,4,Warm,86000,3,8,112,,55.4586,580.91
5,Nonrefrigerated warehouse,5,South Atlantic,5,Hot or very hot,4800,2,7,0,,5.0429,6534.79
14,Education,5,South Atlantic,4,Warm,94000,1,8,50,,33.1223,288.37
14,Education,4,West North Central,7,Withheld for confidentiality,40000,1,5,48,,93.9337,504.63
8,Outpatient health care,1,New England,1,Cold or very cold,235000,6,4,168,80.0,112.994,50.29
13,Public assembly,3,East North Central,2,Cool,50000,4,2,80,,42.4145,15.06
2,Office,8,Mountain,2,Cool,75000,8,4,80,80.0,74.6327,58.26
2,Office,7,West South Central,4,Warm,198000,6,7,168,100.0,91.8482,137.69
5,Nonrefrigerated warehouse,5,South Atlantic,4,Warm,800000,1,9,120,,18.5399,14.9
13,Public assembly,6,East South Central,4,Warm,17000,1,8,50,,48.7115,2028.24
7,Public order and safety,3,East North Central,2,Cool,6400,1,8,16,,57.5228,2050.06
12,Religious worship,7,West South Central,5,Hot or very hot,10000,1,4,10,,35.4493,2990.63
14,Education,3,East North Central,7,Withheld for confidentiality,500001,3,5,85,,97.5273,10.55
5,Nonrefrigerated warehouse,3,East North Central,2,Cool,480000,1,9,24,,26.3873,66.72
26,Service,8,Mountain,2,Cool,4200,2,6,69,,17.6321,2990.63
13,Public assembly,7,West South Central,4,Warm,38000,1,5,56,,89.316,1690.18
5,Nonrefrigerated warehouse,8,Mountain,2,Cool,34000,1,7,126,,30.1452,1489.41
7,Public order and safety,2,Middle Atlantic,7,Withheld for confidentiality,900000,9,2,120,,81.2863,7.84
14,Education,3,East North Central,2,Cool,68000,1,8,60,,54.0857,100.08
18,Lodging,8,Mountain,7,Withheld for confidentiality,73000,4,9,168,,99.8082,324.59
26,Service,3,East North Central,3,Mixed mild,1500,1,7,5,,29.188,6534.79
18,Lodging,3,East North Central,7,Withheld for confidentiality,500001,18,2,168,,108.8262,9.11
4,Laboratory,2,Middle Atlantic,3,Mixed mild,325000,12,3,168,,369.3364,13.73
2,Office,2,Middle Atlantic,3,Mixed mild,32500,3,6,50,75.0,34.938,589.53
13,Public assembly,5,South Atlantic,4,Warm,4950,1,6,12,,62.9451,2990.63
12,Religious worship,4,West North Central,2,Cool,32500,2,4,65,,53.4265,621.37
14,Education,2,Middle Atlantic,3,Mixed mild,176000,3,8,60,,65.3973,44.64
14,Education,7,West South Central,7,Withheld for confidentiality,110000,4,5,70,,75.9522,97.52
14,Education,1,New England,2,Cool,225000,3,3,80,,99.7606,8.95
16,Inpatient health care,4,West North Central,7,Withheld for confidentiality,600000,8,8,168,,247.799,10.07
26,Service,2,Middle Atlantic,1,Cold or very cold,1600,1,5,126,,529.1612,1218.03
5,Nonrefrigerated warehouse,7,West South Central,4,Warm,500000,1,4,80,,26.7791,14.9
2,Office,9,Pacific,4,Warm,245000,18,5,148,85.0,42.776,15.06
14,Education,1,New England,2,Cool,65000,2,3,50,,65.2407,97.52
18,Lodging,2,Middle Atlantic,2,Cool,1500,1,4,168,,110.56,2990.63
14,Education,2,Middle Atlantic,3,Mixed mild,148000,4,2,80,,63.4733,97.52
5,Nonrefrigerated warehouse,7,West South Central,7,Withheld for confidentiality,1700000,2,5,60,,10.8996,4.35
25,Retail other than mall,7,West South Central,4,Warm,78000,1,2,54,,23.1384,591.56
14,Education,4,West North Central,3,Mixed mild,132000,3,4,55,,135.6571,99.04
15,Food service,2,Middle Atlantic,2,Cool,5000,3,2,105,,464.7534,1195.14
18,Lodging,5,South Atlantic,7,Withheld for confidentiality,500000,8,8,168,,58.4906,8.84
2,Office,5,South Atlantic,3,Mixed mild,345000,12,6,55,100.0,42.5962,6.52
2,Office,8,Mountain,2,Cool,67000,4,9,71,100.0,63.1186,123.56
13,Public assembly,9,Pacific,4,Warm,9000,1,3,76,,82.3764,3075.23
5,Nonrefrigerated warehouse,8,Mountain,2,Cool,1001,1,6,40,,165.8142,1218.03
16,Inpatient health care,6,East South Central,7,Withheld for confidentiality,350000,3,7,168,,162.1157,15.85
2,Office,8,Mountain,2,Cool,2950,1,7,50,100.0,49.6329,8.84
14,Education,4,West North Central,2,Cool,77000,2,4,60,,119.1786,113.13
5,Nonrefrigerated warehouse,3,East North Central,3,Mixed mild,800000,1,9,112,,39.9836,81.71
8,Outpatient health care,5,South Atlantic,4,Warm,42500,2,8,45,100.0,148.0518,116.06
25,Retail other than mall,5,South Atlantic,5,Hot or very hot,1200,1,6,66,,232.6375,1218.03
2,Office,2,Middle Atlantic,2,Cool,66000,2,5,40,50.0,62.9452,116.06
26,Service,1,New England,2,Cool,8000,2,6,96,,105.9751,2934.43
14,Education,4,West North Central,1,Cold or very cold,350000,3,8,60,,46.5957,8.84
2,Office,7,West South Central,5,Hot or very hot,194000,12,5,55,95.0,81.533,14.9
14,Education,9,Pacific,4,Warm,20000,2,8,45,,61.2929,1399.59
2,Office,8,Mountain,2,Cool,16000,1,3,40,20.0,58.2264,429.63
5,Nonrefrigerated warehouse,5,South Atlantic,4,Warm,24500,1,6,30,,13.6768,4501.94
2,Office,5,South Atlantic,3,Mixed mild,160000,2,6,168,100.0,84.7923,48.85
23,Strip shopping center,3,East North Central,2,Cool,12750,1,8,75,100.0,189.1365,2009.74
5,Nonrefrigerated warehouse,7,West South Central,5,Hot or very hot,63000,2,7,56,,20.8527,117.32
2,Office,5,South Atlantic,3,Mixed mild,300000,12,8,50,97.0,93.6806,14.9
5,Nonrefrigerated warehouse,6,East South Central,3,Mixed mild,8000,1,6,24,,25.0776,6659.94
14,Education,8,Mountain,2,Cool,106000,2,4,50,,68.9704,99.04
26,Service,3,East North Central,3,Mixed mild,20000,1,8,168,,111.1244,846.62
26,Service,3,East North Central,2,Cool,5000,1,4,35,,4.3372,6921.06
14,Education,9,Pacific,7,Withheld for confidentiality,134000,5,9,112,,42.7647,100.08
8,Outpatient health care,9,Pacific,4,Warm,120000,3,8,60,100.0,87.7261,9.16
18,Lodging,2,Middle Atlantic,3,Mixed mild,310000,18,5,168,,60.992,6.63
2,Office,5,South Atlantic,3,Mixed mild,36000,3,6,60,95.0,105.394,14.9
2,Office,5,South Atlantic,4,Warm,9900,1,5,40,90.0,43.8418,2990.63
2,Office,5,South Atlantic,4,Warm,43000,4,8,40,100.0,118.0819,246.59
2,Office,2,Middle Atlantic,3,Mixed mild,350000,12,2,168,100.0,111.3979,58.26
16,Inpatient health care,2,Middle Atlantic,7,Withheld for confidentiality,380000,6,6,168,,152.9797,10.07
14,Education,3,East North Central,2,Cool,134000,2,8,39,,57.2017,60.22
14,Education,7,West South Central,5,Hot or very hot,130000,1,6,50,,43.3672,99.38
2,Office,3,East North Central,2,Cool,255000,4,2,102,100.0,50.6559,45.1
12,Religious worship,5,South Atlantic,3,Mixed mild,59000,5,4,168,,79.3848,137.69
5,Nonrefrigerated warehouse,1,New England,2,Cool,1000000,3,8,168,,42.6508,14.73
25,Retail other than mall,5,South Atlantic,5,Hot or very hot,210000,1,8,126,,103.9225,9.07
26,Service,6,East South Central,4,Warm,5000,1,3,98,,70.0618,1218.03
13,Public assembly,2,Middle Atlantic,2,Cool,78000,3,2,70,,109.1813,117.32
7,Public order and safety,9,Pacific,4,Warm,215000,5,6,168,,93.6108,12.36
14,Education,2,Middle Atlantic,7,Withheld for confidentiality,138000,4,7,105,,59.5439,10.22
2,Office,8,Mountain,2,Cool,250000,5,6,70,90.0,38.9556,8.76
23,Strip shopping center,3,East North Central,2,Cool,30000,1,4,88,94.0,152.9446,841.34
91,Other,5,South Atlantic,4,Warm,350000,2,5,168,,49.1256,66.03
5,Nonrefrigerated warehouse,3,East North Central,2,Cool,2000,1,7,0,,97.1975,3075.23
15,Food service,8,Mountain,5,Hot or very hot,3500,4,5,65,,237.994,1195.14
4,Laboratory,2,Middle Atlantic,3,Mixed mild,420000,18,7,72,,138.3226,6.63
6,Food sales,4,West North Central,2,Cool,9500,1,6,126,,203.1654,1218.03
2,Office,5,South Atlantic,4,Warm,3050,1,6,32,100.0,28.3115,2990.63
2,Office,5,South Atlantic,4,Warm,325000,18,6,168,80.0,48.9469,14.9
5,Nonrefrigerated warehouse,2,Middle Atlantic,3,Mixed mild,104000,2,2,40,,11.2662,117.32
5,Nonrefrigerated warehouse,2,Middle Atlantic,7,Withheld for confidentiality,1500000,3,5,126,,68.971,14.9
25,Retail other than mall,3,East North Central,3,Mixed mild,4000,3,4,50,,27.6258,1829.53
5,Nonrefrigerated warehouse,1,New England,1,Cold or very cold,5000,2,3,60,,27.4302,4084.96
12,Religious worship,3,East North Central,3,Mixed mild,11250,2,2,36,,89.3221,1386.54
23,Strip shopping center,9,Pacific,4,Warm,78000,1,5,112,100.0,128.5121,395.28
17,Nursing,7,West South Central,5,Hot or very hot,13500,1,5,168,,79.7693,690.18
14,Education,5,South Atlantic,7,Withheld for confidentiality,260000,4,8,83,,77.3987,16.32
13,Public assembly,7,West South Central,3,Mixed mild,230000,4,4,90,,90.2374,9.21
14,Education,5,South Atlantic,7,Withheld for confidentiality,98000,5,4,168,,127.743,303.46
2,Office,5,South Atlantic,3,Mixed mild,112000,5,7,60,87.0,53.4597,149.25
5,Nonrefrigerated warehouse,9,Pacific,4,Warm,24000,1,3,168,,10.5748,1011.03
14,Education,4,West North Central,2,Cool,150000,2,5,40,,86.4609,93.97
16,Inpatient health care,3,East North Central,7,Withheld for confidentiality,700000,6,2,168,,199.1823,25.75
13,Public assembly,9,Pacific,4,Warm,30000,3,3,40,,15.0932,1531.55
15,Food service,7,West South Central,4,Warm,2750,1,5,112,,858.6964,1218.03
13,Public assembly,5,South Atlantic,3,Mixed mild,25000,2,2,168,,20.8506,1626.87
25,Retail other than mall,8,Mountain,5,Hot or very hot,150000,2,7,133,,90.4656,105.74
6,Food sales,9,Pacific,4,Warm,5500,1,2,91,,168.8533,3075.23
7,Public order and safety,8,Mountain,7,Withheld for confidentiality,395000,12,9,55,,110.4129,7.84
2,Office,9,Pacific,4,Warm,85000,2,8,60,70.0,37.6667,316.23
2,Office,3,East North Central,3,Mixed mild,26000,5,2,50,100.0,40.4652,580.45
13,Public assembly,3,East North Central,2,Cool,900000,12,8,168,,145.9054,9.11
8,Outpatient health care,9,Pacific,4,Warm,3000,1,7,36,75.0,121.5233,3414.19
8,Outpatient health care,9,Pacific,3,Mixed mild,70000,7,8,168,100.0,107.836,141.31
13,Public assembly,4,West North Central,2,Cool,19250,2,9,119,,32.8287,1632.49
5,Nonrefrigerated warehouse,5,South Atlantic,5,Hot or very hot,7500,1,6,60,,83.3612,4468.96
14,Education,2,Middle Atlantic,3,Mixed mild,154000,5,2,70,,79.5929,97.52
18,Lodging,3,East North Central,7,Withheld for confidentiality,15000,4,8,168,,169.2697,495.15
16,Inpatient health care,8,Mountain,7,Withheld for confidentiality,70000,1,6,168,,66.4125,124.14
14,Education,7,West South Central,5,Hot or very hot,13000,2,9,10,,25.7316,502.9
8,Outpatient health care,8,Mountain,5,Hot or very hot,200000,6,7,90,80.0,126.6866,8.62
2,Office,5,South Atlantic,7,Withheld for confidentiality,1700000,18,8,68,95.0,22.0148,14.9
91,Other,5,South Atlantic,4,Warm,20000,3,9,40,,48.167,591.56
91,Other,2,Middle Atlantic,3,Mixed mild,7400,1,4,168,,20.0101,690.18
12,Religious worship,3,East North Central,1,Cold or very cold,30000,2,2,20,,34.3439,1531.55
2,Office,5,South Atlantic,4,Warm,140000,1,5,168,100.0,102.4453,125.04
14,Education,7,West South Central,5,Hot or very hot,128000,1,3,55,,53.3898,44.64
25,Retail other than mall,9,Pacific,4,Warm,3500,1,8,50,,39.7149,3075.23
6,Food sales,6,East South Central,5,Hot or very hot,8500,1,4,98,,251.9979,1489.41
2,Office,4,West North Central,2,Cool,3400,1,4,40,100.0,75.7847,1218.03
16,Inpatient health care,3,East North Central,7,Withheld for confidentiality,305000,4,5,168,,161.799,30.16
4,Laboratory,3,East North Central,2,Cool,700000,9,8,60,,142.741,14.1
91,Other,3,East North Central,2,Cool,20750,2,5,168,,123.0925,4375.84
18,Lodging,5,South Atlantic,3,Mixed mild,148000,5,8,168,,80.7222,97.52
16,Inpatient health care,3,East North Central,7,Withheld for confidentiality,1800000,18,6,168,,396.296,9.01
2,Office,3,East North Central,2,Cool,168000,6,6,60,100.0,48.3722,15.06
2,Office,7,West South Central,4,Warm,43500,5,7,40,100.0,76.944,17.47
12,Religious worship,8,Mountain,3,Mixed mild,11250,2,5,18,,57.3909,1484.29
14,Education,8,Mountain,5,Hot or very hot,73000,1,8,40,,45.9864,97.52
14,Education,8,Mountain,2,Cool,136000,2,6,60,,52.2331,330.8
23,Strip shopping center,7,West South Central,5,Hot or very hot,52000,1,4,70,100.0,93.4277,395.28
2,Office,9,Pacific,3,Mixed mild,700000,18,6,64,71.0,35.9841,15.06
14,Education,6,East South Central,4,Warm,200001,3,4,45,,36.2563,43.95
5,Nonrefrigerated warehouse,9,Pacific,4,Warm,128000,1,7,168,,51.775,70.08
16,Inpatient health care,1,New England,7,Withheld for confidentiality,350000,7,4,168,,155.2581,9.95
13,Public assembly,3,East North Central,3,Mixed mild,50000,2,8,105,,139.5206,611.8
26,Service,5,South Atlantic,4,Warm,2000,1,4,22,,22.492,2990.63
16,Inpatient health care,3,East North Central,7,Withheld for confidentiality,370000,4,8,168,,222.0341,29.07
2,Office,7,West South Central,5,Hot or very hot,7200,2,2,168,100.0,47.1062,6659.94
25,Retail other than mall,3,East North Central,2,Cool,8800,2,2,48,,59.2649,1531.55
2,Office,3,East North Central,1,Cold or very cold,30000,3,8,55,100.0,107.735,114.27
18,Lodging,6,East South Central,4,Warm,900000,12,8,168,,20.216,5.52
5,Nonrefrigerated warehouse,6,East South Central,4,Warm,600000,2,5,60,,33.4826,27.17
13,Public assembly,7,West South Central,4,Warm,60000,2,8,100,,89.4214,245.01
2,Office,6,East South Central,4,Warm,80000,4,7,40,100.0,75.2808,124.14
14,Education,4,West North Central,1,Cold or very cold,136000,1,6,50,,67.0847,44.64
18,Lodging,5,South Atlantic,7,Withheld for confidentiality,255000,12,6,168,,116.2668,13.73
11,Refrigerated warehouse,7,West South Central,4,Warm,800000,1,6,132,,108.5663,31.35
8,Outpatient health care,5,South Atlantic,5,Hot or very hot,100000,2,8,76,90.0,114.6312,54.94
16,Inpatient health care,6,East South Central,7,Withheld for confidentiality,250000,5,3,168,,169.1034,14.87
14,Education,4,West North Central,2,Cool,89000,4,3,70,,80.9439,99.04
2,Office,4,West North Central,3,Mixed mild,108000,3,3,70,100.0,72.7108,8.84
2,Office,5,South Atlantic,5,Hot or very hot,110000,7,6,55,99.0,74.9088,9.01
2,Office,3,East North Central,2,Cool,150000,2,6,37,100.0,84.093,338.72
14,Education,2,Middle Atlantic,3,Mixed mild,116000,2,8,45,,106.5025,288.37
5,Nonrefrigerated warehouse,3,East North Central,3,Mixed mild,12000,1,7,40,,10.8616,2934.43
25,Retail other than mall,3,East North Central,1,Cold or very cold,205000,1,7,168,,100.1442,65.12
13,Public assembly,7,West South Central,5,Hot or very hot,78000,5,2,40,,18.9347,14.9
8,Outpatient health care,7,West South Central,5,Hot or very hot,800000,6,5,168,98.0,123.0651,8.76
2,Office,1,New England,2,Cool,23500,3,2,50,75.0,84.0102,58.63
2,Office,1,New England,1,Cold or very cold,4700,3,2,60,100.0,35.9213,2934.43
5,Nonrefrigerated warehouse,5,South Atlantic,4,Warm,100000,1,3,45,,18.5893,235.71
18,Lodging,5,South Atlantic,7,Withheld for confidentiality,49000,5,5,168,,38.2672,423.01
23,Strip shopping center,6,East South Central,3,Mixed mild,83000,1,6,55,92.0,91.2375,395.28
23,Strip shopping center,2,Middle Atlantic,2,Cool,50000,3,3,90,100.0,111.5637,395.28
15,Food service,8,Mountain,1,Cold or very cold,7500,2,5,84,,99.1216,686.01
5,Nonrefrigerated warehouse,7,West South Central,4,Warm,36000,1,5,20,,18.7209,1030.4
2,Office,3,East North Central,3,Mixed mild,144000,6,6,65,92.0,76.0309,15.06
14,Education,2,Middle Atlantic,3,Mixed mild,315000,3,9,70,,30.1279,8.84
16,Inpatient health care,8,Mountain,7,Withheld for confidentiality,22000,3,2,168,,227.5874,690.18
14,Education,2,Middle Atlantic,3,Mixed mild,95000,2,4,48,,81.9188,99.04
14,Education,9,Pacific,2,Cool,6700,1,6,32,,29.731,3075.23
6,Food sales,7,West South Central,5,Hot or very hot,1800,1,4,85,,380.8322,1218.03
17,Nursing,5,South Atlantic,5,Hot or very hot,160000,2,5,168,,39.4134,8.84
7,Public order and safety,4,West North Central,7,Withheld for confidentiality,128000,6,5,168,,70.0195,22.05
2,Office,5,South Atlantic,3,Mixed mild,500001,18,9,60,100.0,57.9393,63.04
17,Nursing,2,Middle Atlantic,3,Mixed mild,126000,3,8,168,,190.2053,44.64
18,Lodging,9,Pacific,7,Withheld for confidentiality,600000,12,4,168,,63.7898,59.79
8,Outpatient health care,3,East North Central,2,Cool,300000,4,7,168,99.0,90.2782,8.85
2,Office,2,Middle Atlantic,3,Mixed mild,75000,3,8,45,40.0,60.8644,14.9
2,Office,7,West South Central,5,Hot or very hot,43500,1,3,40,100.0,59.0663,8.84
18,Lodging,9,Pacific,7,Withheld for confidentiality,80000,4,6,168,,92.7608,9.11
8,Outpatient health care,2,Middle Atlantic,3,Mixed mild,365000,8,5,55,90.0,46.9351,8.76
25,Retail other than mall,4,West North Central,1,Cold or very cold,14750,1,8,98,,98.4424,1489.41
13,Public assembly,4,West North Central,2,Cool,10000,2,5,112,,26.1337,1784.4
13,Public assembly,1,New England,2,Cool,32500,2,8,56,,145.5022,345.55
14,Education,3,East North Central,2,Cool,60000,2,8,37,,60.4058,290.39
5,Nonrefrigerated warehouse,9,Pacific,2,Cool,2150,1,6,40,,19.8786,1420.0
5,Nonrefrigerated warehouse,3,East North Central,2,Cool,300000,1,9,65,,47.2613,686.89
15,Food service,7,West South Central,5,Hot or very hot,1500,1,9,168,,154.8673,1218.03
8,Outpatient health care,9,Pacific,3,Mixed mild,190000,8,2,80,100.0,62.828,9.16
2,Office,2,Middle Atlantic,3,Mixed mild,3000,3,6,100,100.0,106.3887,1779.2
2,Office,4,West North Central,3,Mixed mild,7100,3,6,52,100.0,57.5039,1745.76
7,Public order and safety,9,Pacific,4,Warm,14250,2,6,168,,50.9264,495.15
5,Nonrefrigerated warehouse,3,East North Central,2,Cool,160000,2,8,168,,69.4279,118.55
18,Lodging,8,Mountain,7,Withheld for confidentiality,10000,2,4,168,,31.1645,2063.57
15,Food service,8,Mountain,2,Cool,3500,1,5,112,,429.79,1218.03
91,Other,7,West South Central,5,Hot or very hot,1600,1,7,4,,36.6275,2990.63
14,Education,5,South Atlantic,3,Mixed mild,72000,1,4,40,,43.6723,213.58
5,Nonrefrigerated warehouse,3,East North Central,3,Mixed mild,210000,1,6,45,,48.5621,14.67
26,Service,4,West North Central,2,Cool,7700,1,9,50,,1.9529,1980.28
14,Education,9,Pacific,3,Mixed mild,6200,1,8,40,,55.2598,495.15
5,Nonrefrigerated warehouse,9,Pacific,4,Warm,475000,1,9,80,,8.9833,70.08
7,Public order and safety,9,Pacific,7,Withheld for confidentiality,500000,18,7,168,,51.5966,9.11
2,Office,8,Mountain,2,Cool,50000,2,6,168,100.0,37.5148,14.9
91,Other,1,New England,2,Cool,45000,2,4,100,,128.6974,134.42
12,Religious worship,2,Middle Atlantic,2,Cool,22000,2,4,16,,32.9433,2990.63
18,Lodging,9,Pacific,7,Withheld for confidentiality,49000,3,9,168,,37.6663,495.15
4,Laboratory,3,East North Central,2,Cool,410000,9,4,140,,439.7469,11.95
15,Food service,4,West North Central,2,Cool,2250,1,8,94,,456.6649,1417.97
13,Public assembly,4,West North Central,3,Mixed mild,64000,1,8,168,,38.1433,245.01
2,Office,5,South Atlantic,5,Hot or very hot,63000,1,6,168,90.0,120.0334,14.9
25,Retail other than mall,7,West South Central,5,Hot or very hot,25000,2,4,63,,40.9956,2990.63
18,Lodging,9,Pacific,7,Withheld for confidentiality,200000,4,8,168,,51.3816,422.29
2,Office,5,South Atlantic,5,Hot or very hot,8500,2,6,60,100.0,26.6255,687.8
18,Lodging,3,East North Central,7,Withheld for confidentiality,295000,7,5,168,,91.6525,9.11
25,Retail other than mall,9,Pacific,4,Warm,5000,3,3,58,,63.5624,1531.55
5,Nonrefrigerated warehouse,6,East South Central,4,Warm,61000,1,9,70,,6.1268,633.24
24,Enclosed mall,2,Middle Atlantic,7,Withheld for confidentiality,800000,2,5,84,98.0,49.7085,14.9
14,Education,5,South Atlantic,3,Mixed mild,180000,2,8,40,,67.031,54.74
16,Inpatient health care,5,South Atlantic,7,Withheld for confidentiality,450000,6,5,168,,126.9828,10.07
14,Education,9,Pacific,3,Mixed mild,38000,3,2,70,,46.8048,422.29
14,Education,2,Middle Atlantic,7,Withheld for confidentiality,200001,4,8,140,,107.6372,15.23
14,Education,5,South Atlantic,5,Hot or very hot,69000,1,3,40,,13.9431,417.91
2,Office,7,West South Central,5,Hot or very hot,13000,1,5,40,100.0,21.8534,1489.41
16,Inpatient health care,9,Pacific,7,Withheld for confidentiality,500001,7,7,168,,145.5943,9.01
5,Nonrefrigerated warehouse,5,South Atlantic,5,Hot or very hot,6000,1,5,40,,11.8775,2990.63
2,Office,9,Pacific,4,Warm,600000,9,6,64,90.0,21.6713,9.16
14,Education,9,Pacific,4,Warm,35500,2,4,45,,36.4088,495.15
18,Lodging,5,South Atlantic,7,Withheld for confidentiality,124000,6,6,168,,64.0687,11.69
18,Lodging,5,South Atlantic,7,Withheld for confidentiality,126000,5,6,168,,70.4351,50.03
14,Education,3,East North Central,2,Cool,79000,3,2,46,,48.4104,341.69
14,Education,2,Middle Atlantic,3,Mixed mild,225000,2,3,70,,40.4282,44.64
2,Office,9,Pacific,4,Warm,500000,5,6,72,75.0,151.1191,43.03
14,Education,6,East South Central,7,Withheld for confidentiality,600000,9,9,112,,90.2892,8.44
13,Public assembly,2,Middle Atlantic,2,Cool,1500,1,8,0,,19.9807,4084.96
14,Education,7,West South Central,5,Hot or very hot,74000,1,8,43,,44.3756,330.8
18,Lodging,2,Middle Atlantic,7,Withheld for confidentiality,260000,7,7,168,,178.6027,9.01
16,Inpatient health care,8,Mountain,7,Withheld for confidentiality,2100000,7,8,168,,143.9698,8.78
14,Education,5,South Atlantic,3,Mixed mild,102000,2,6,35,,43.7822,62.51
14,Education,2,Middle Atlantic,2,Cool,210000,3,5,88,,78.4701,44.64
2,Office,3,East North Central,2,Cool,8800,3,2,40,75.0,49.6427,3709.28
5,Nonrefrigerated warehouse,5,South Atlantic,4,Warm,152000,1,9,40,,41.099,32.47
13,Public assembly,9,Pacific,4,Warm,5000,1,8,56,,50.018,3075.23
2,Office,2,Middle Atlantic,2,Cool,3600,2,2,35,100.0,40.6769,2934.43
5,Nonrefrigerated warehouse,6,East South Central,4,Warm,120000,1,8,45,,25.1935,735.05
14,Education,3,East North Central,3,Mixed mild,96000,3,3,45,,22.3835,97.52
15,Food service,8,Mountain,1,Cold or very cold,1001,2,8,56,,114.1558,1049.59
26,Service,3,East North Central,1,Cold or very cold,5000,2,4,50,,71.047,3075.23
2,Office,6,East South Central,4,Warm,700000,7,6,68,100.0,93.121,14.67
2,Office,1,New England,3,Mixed mild,410000,18,6,54,70.0,44.8279,14.73
2,Office,5,South Atlantic,4,Warm,240000,4,3,168,95.0,72.7126,14.9
5,Nonrefrigerated warehouse,5,South Atlantic,4,Warm,30000,1,5,70,,24.8748,125.04
14,Education,3,East North Central,1,Cold or very cold,41500,3,7,60,,43.2163,495.15
5,Nonrefrigerated warehouse,9,Pacific,3,Mixed mild,20250,1,2,168,,30.0122,1531.55
18,Lodging,1,New England,2,Cool,90000,5,8,168,,78.2594,324.59
5,Nonrefrigerated warehouse,5,South Atlantic,3,Mixed mild,1000000,1,3,50,,38.7227,3.62
6,Food sales,4,West North Central,3,Mixed mild,9100,1,9,10,,73.6697,2990.63
14,Education,9,Pacific,4,Warm,35500,1,6,70,,30.5782,495.15
12,Religious worship,4,West North Central,1,Cold or very cold,5000,2,2,4,,23.4938,2934.43
12,Religious worship,8,Mountain,2,Cool,40000,2,7,58,,18.1996,621.37
4,Laboratory,5,South Atlantic,4,Warm,48500,2,6,40,,107.9509,431.11
2,Office,8,Mountain,3,Mixed mild,152000,6,9,55,100.0,51.3075,137.69
26,Service,2,Middle Atlantic,3,Mixed mild,50000,1,3,38,,68.4412,117.32
16,Inpatient health care,6,East South Central,7,Withheld for confidentiality,275000,7,4,168,,278.5546,8.78
6,Food sales,5,South Atlantic,4,Warm,1600,1,5,112,,206.86,3320.27
18,Lodging,5,South Atlantic,7,Withheld for confidentiality,134000,12,7,168,,76.5297,8.84
23,Strip shopping center,4,West North Central,1,Cold or very cold,15750,1,6,71,92.0,206.2672,2009.74
5,Nonrefrigerated warehouse,5,South Atlantic,4,Warm,116000,1,4,168,,41.259,77.61
2,Office,9,Pacific,4,Warm,235000,6,8,60,44.0,27.869,15.06
18,Lodging,3,East North Central,7,Withheld for confidentiality,305000,18,4,168,,125.6117,9.11
14,Education,5,South Atlantic,3,Mixed mild,24750,1,3,50,,63.6252,17.27
2,Office,6,East South Central,4,Warm,200001,2,7,60,100.0,143.5845,51.2
12,Religious worship,4,West North Central,1,Cold or very cold,2100,2,2,168,,56.3695,8544.65
2,Office,5,South Atlantic,3,Mixed mild,130000,6,7,74,50.0,128.7621,14.9
5,Nonrefrigerated warehouse,3,East North Central,3,Mixed mild,12000,1,7,45,,25.5825,4375.84
16,Inpatient health care,2,Middle Atlantic,7,Withheld for confidentiality,1500000,12,4,168,,168.5579,8.92
2,Office,5,South Atlantic,4,Warm,200000,6,6,54,60.0,35.3202,32.47
91,Other,8,Mountain,2,Cool,15000,1,8,24,,113.768,690.18
14,Education,4,West North Central,7,Withheld for confidentiality,63000,4,7,60,,107.6576,97.52
7,Public order and safety,6,East South Central,7,Withheld for confidentiality,146000,5,7,70,,79.0971,50.03
16,Inpatient health care,1,New England,7,Withheld for confidentiality,1000000,12,5,168,,233.8898,8.82
5,Nonrefrigerated warehouse,6,East South Central,4,Warm,250000,2,8,168,,79.0106,68.29
14,Education,9,Pacific,3,Mixed mild,156000,3,9,45,,42.8095,9.11
26,Service,6,East South Central,4,Warm,35000,2,2,25,,3.2697,1030.4
26,Service,3,East North Central,3,Mixed mild,32000,1,8,60,,37.635,611.8
2,Office,4,West North Central,1,Cold or very cold,330000,12,8,60,80.0,85.6129,6.52
13,Public assembly,9,Pacific,4,Warm,4500,1,5,45,,114.9916,3075.23
2,Office,9,Pacific,4,Warm,24750,2,4,69,100.0,45.0353,611.8
14,Education,2,Middle Atlantic,3,Mixed mild,295000,3,8,45,,103.7564,44.64
13,Public assembly,4,West North Central,1,Cold or very cold,255000,4,9,40,,142.2915,10.59
13,Public assembly,8,Mountain,2,Cool,12000,3,3,56,,120.6508,1489.41
26,Service,5,South Atlantic,3,Mixed mild,10000,2,4,80,,69.8417,1218.03
2,Office,6,East South Central,4,Warm,1300,1,5,40,100.0,155.5254,2800.45
5,Nonrefrigerated warehouse,3,East North Central,3,Mixed mild,360000,3,3,45,,32.0353,88.18
2,Office,5,South Atlantic,3,Mixed mild,150000,7,6,45,85.0,67.0303,17.7
2,Office,8,Mountain,2,Cool,116000,12,5,168,85.0,96.0767,137.69
14,Education,6,East South Central,3,Mixed mild,53000,1,7,60,,38.4954,330.8
15,Food service,7,West South Central,5,Hot or very hot,2500,1,8,65,,162.6424,1218.03
4,Laboratory,2,Middle Atlantic,3,Mixed mild,186000,6,6,50,,150.9966,51.49
13,Public assembly,8,Mountain,3,Mixed mild,28500,1,6,50,,95.8596,623.52
25,Retail other than mall,5,South Atlantic,4,Warm,156000,1,8,119,,94.5257,125.04
2,Office,2,Middle Atlantic,2,Cool,4000,1,3,40,100.0,141.9282,1779.2
13,Public assembly,9,Pacific,4,Warm,9500,1,4,45,,48.1973,4384.99
14,Education,7,West South Central,5,Hot or very hot,60000,2,7,63,,23.7846,117.32
4,Laboratory,2,Middle Atlantic,2,Cool,600000,3,2,80,,128.4197,55.17
5,Nonrefrigerated warehouse,3,East North Central,3,Mixed mild,8800,1,9,168,,1.4542,6534.79
2,Office,5,South Atlantic,5,Hot or very hot,5500,2,2,54,100.0,12.1016,1218.03
17,Nursing,3,East North Central,2,Cool,180000,3,9,168,,51.9986,128.87
2,Office,5,South Atlantic,5,Hot or very hot,6000,1,8,45,100.0,63.7707,4468.96
14,Education,2,Middle Atlantic,3,Mixed mild,91000,5,3,66,,54.0331,8.84
14,Education,2,Middle Atlantic,3,Mixed mild,260000,4,4,70,,96.7189,8.84
14,Education,1,New England,2,Cool,182000,2,7,60,,48.6976,44.12
13,Public assembly,4,West North Central,3,Mixed mild,27000,1,6,90,,88.8853,683.41
2,Office,1,New England,3,Mixed mild,158000,4,2,45,100.0,46.547,14.73
2,Office,8,Mountain,2,Cool,60000,2,9,40,90.0,23.2294,244.16
8,Outpatient health care,8,Mountain,3,Mixed mild,2000,1,2,40,100.0,62.0565,1218.03
24,Enclosed mall,2,Middle Atlantic,7,Withheld for confidentiality,900000,1,6,92,95.0,70.0947,13.67
2,Office,8,Mountain,2,Cool,500000,18,6,168,90.0,76.6583,9.01
18,Lodging,2,Middle Atlantic,7,Withheld for confidentiality,144000,12,2,168,,64.6741,555.12
23,Strip shopping center,8,Mountain,2,Cool,8800,1,9,97,89.0,208.2051,2288.16
14,Education,5,South Atlantic,3,Mixed mild,91000,2,6,60,,40.0282,99.04
5,Nonrefrigerated warehouse,9,Pacific,5,Hot or very hot,186000,1,8,7,,26.8742,249.3
16,Inpatient health care,3,East North Central,7,Withheld for confidentiality,152000,3,8,168,,318.971,8.85
2,Office,3,East North Central,2,Cool,700000,6,8,50,80.0,51.5494,15.06
23,Strip shopping center,6,East South Central,4,Warm,215000,1,4,46,87.0,110.9755,72.88
8,Outpatient health care,8,Mountain,5,Hot or very hot,5500,1,4,45,100.0,17.6813,1195.14
2,Office,9,Pacific,3,Mixed mild,250000,2,7,80,100.0,68.1616,49.37
15,Food service,7,West South Central,4,Warm,7500,1,5,119,,353.5585,1218.03
25,Retail other than mall,6,East South Central,4,Warm,8500,1,8,112,,39.6813,2990.63
14,Education,8,Mountain,2,Cool,57000,1,6,45,,113.6903,145.49
13,Public assembly,5,South Atlantic,4,Warm,98000,3,7,41,,107.1519,591.56
14,Education,9,Pacific,4,Warm,88000,1,6,60,,22.145,118.55
18,Lodging,5,South Atlantic,3,Mixed mild,36000,4,4,168,,131.0756,429.63
13,Public assembly,8,Mountain,3,Mixed mild,4000,1,5,10,,73.6058,2747.83
2,Office,2,Middle Atlantic,2,Cool,320000,3,5,60,100.0,107.5671,5.89
2,Office,3,East North Central,2,Cool,92000,3,6,40,100.0,87.1155,338.72
25,Retail other than mall,5,South Atlantic,4,Warm,13000,1,8,50,,59.8112,1122.76
5,Nonrefrigerated warehouse,9,Pacific,3,Mixed mild,46000,1,7,40,,5.3653,808.37
13,Public assembly,5,South Atlantic,4,Warm,500001,2,6,168,,242.7036,10.14
16,Inpatient health care,5,South Atlantic,7,Withheld for confidentiality,260000,6,2,168,,118.1274,9.24
16,Inpatient health care,4,West North Central,7,Withheld for confidentiality,320000,5,5,168,,122.0179,10.59
16,Inpatient health care,2,Middle Atlantic,7,Withheld for confidentiality,500001,5,5,168,,268.9968,8.78
13,Public assembly,9,Pacific,4,Warm,27500,1,9,60,,26.9822,100.08
15,Food service,1,New England,2,Cool,5000,2,5,50,,34.3432,3709.28
13,Public assembly,1,New England,2,Cool,4050,1,6,168,,64.1086,2934.43
17,Nursing,3,East North Central,3,Mixed mild,80000,4,2,168,,101.2875,114.27
5,Nonrefrigerated warehouse,2,Middle Atlantic,3,Mixed mild,126000,2,6,60,,50.7185,213.58
23,Strip shopping center,5,South Atlantic,4,Warm,18000,1,5,55,63.0,119.8852,2009.74
13,Public assembly,6,East South Central,4,Warm,1500,1,2,60,,127.03,2990.63
17,Nursing,2,Middle Atlantic,3,Mixed mild,55000,3,2,168,,242.2003,116.06
15,Food service,9,Pacific,4,Warm,4500,2,8,140,,366.034,1265.79
2,Office,9,Pacific,4,Warm,82000,2,6,168,98.0,67.4421,15.06
8,Outpatient health care,6,East South Central,4,Warm,200000,6,8,90,100.0,131.7465,54.0
14,Education,5,South Atlantic,3,Mixed mild,60000,6,8,60,,69.7252,423.01
18,Lodging,5,South Atlantic,7,Withheld for confidentiality,160000,18,8,168,,63.492,50.03
13,Public assembly,4,West North Central,1,Cold or very cold,112000,4,5,94,,132.9109,244.16
2,Office,9,Pacific,4,Warm,46500,2,6,40,90.0,49.4908,32.81
2,Office,5,South Atlantic,4,Warm,13250,3,2,50,50.0,30.5765,1214.38
16,Inpatient health care,9,Pacific,7,Withheld for confidentiality,800000,9,5,168,,271.4657,9.01
2,Office,2,Middle Atlantic,2,Cool,225000,18,2,168,82.0,105.9982,14.9
2,Office,3,East North Central,2,Cool,305000,12,6,72,85.0,38.7647,43.03
2,Office,5,South Atlantic,4,Warm,40000,3,2,60,90.0,43.5237,589.53
13,Public assembly,7,West South Central,5,Hot or very hot,5000,1,9,50,,92.069,8544.65
14,Education,2,Middle Atlantic,2,Cool,130000,3,5,58,,44.8088,44.64
2,Office,4,West North Central,3,Mixed mild,250000,3,6,70,100.0,97.2247,14.9
17,Nursing,2,Middle Atlantic,2,Cool,285000,5,2,168,,192.692,14.9
13,Public assembly,7,West South Central,5,Hot or very hot,16000,1,6,105,,99.6637,1489.41
2,Office,8,Mountain,2,Cool,15250,5,8,50,90.0,117.6979,31.35
13,Public assembly,8,Mountain,3,Mixed mild,310000,5,8,168,,117.327,5.89
14,Education,5,South Atlantic,7,Withheld for confidentiality,320000,4,5,120,,96.4269,5.89
2,Office,6,East South Central,4,Warm,7200,2,3,50,50.0,51.8271,1386.54
12,Religious worship,5,South Atlantic,4,Warm,12000,2,8,120,,59.0657,1413.09
5,Nonrefrigerated warehouse,2,Middle Atlantic,2,Cool,3300,1,3,0,,24.0073,6659.94
14,Education,4,West North Central,1,Cold or very cold,194000,3,5,50,,89.182,9.01
26,Service,1,New England,1,Cold or very cold,2400,1,3,60,,17.335,1195.68
7,Public order and safety,3,East North Central,7,Withheld for confidentiality,46500,6,2,8,,56.7623,246.59
8,Outpatient health care,4,West North Central,3,Mixed mild,10000,1,8,65,100.0,54.9428,690.18
2,Office,4,West North Central,1,Cold or very cold,460000,18,6,60,72.0,114.3019,14.9
2,Office,5,South Atlantic,4,Warm,13500,2,6,40,100.0,29.6312,1413.09
14,Education,6,East South Central,4,Warm,260000,2,6,50,,42.1679,43.95
14,Education,7,West South Central,4,Warm,205000,1,3,50,,67.6914,44.64
2,Office,7,West South Central,3,Mixed mild,14000,1,7,45,100.0,68.6615,591.56
2,Office,2,Middle Atlantic,3,Mixed mild,182000,4,2,168,100.0,129.9483,102.73
13,Public assembly,8,Mountain,1,Cold or very cold,75000,2,8,70,,76.1404,283.42
8,Outpatient health care,2,Middle Atlantic,3,Mixed mild,600000,6,8,60,100.0,49.9463,7.82
16,Inpatient health care,4,West North Central,7,Withheld for confidentiality,1800000,12,4,168,,86.2278,9.21
14,Education,3,East North Central,3,Mixed mild,18250,2,3,45,,88.9967,2050.06
15,Food service,3,East North Central,3,Mixed mild,7200,2,2,100,,157.8421,1195.14
5,Nonrefrigerated warehouse,6,East South Central,4,Warm,36000,1,3,40,,7.4079,591.56
2,Office,5,South Atlantic,7,Withheld for confidentiality,1700000,8,8,60,100.0,37.7458,14.9
14,Education,3,East North Central,2,Cool,152000,2,4,75,,63.2647,100.08
2,Office,9,Pacific,4,Warm,188000,2,7,70,83.0,52.4514,118.55
8,Outpatient health care,8,Mountain,2,Cool,1700,2,3,40,50.0,60.4682,1218.03
5,Nonrefrigerated warehouse,5,South Atlantic,4,Warm,3200,1,7,40,,42.1712,2990.63
12,Religious worship,6,East South Central,4,Warm,136000,4,4,51,,59.8357,60.86
5,Nonrefrigerated warehouse,9,Pacific,4,Warm,280000,2,8,76,,2.986,32.81
14,Education,5,South Atlantic,3,Mixed mild,87000,2,8,50,,63.7796,431.11
2,Office,1,New England,2,Cool,12250,3,2,50,100.0,39.9631,611.8
23,Strip shopping center,1,New England,2,Cool,144000,1,7,75,97.0,87.9166,16.99
12,Religious worship,7,West South Central,5,Hot or very hot,1400,1,3,70,,60.7357,2990.63
2,Office,5,South Atlantic,7,Withheld for confidentiality,1700000,18,8,168,98.0,65.7304,69.64
14,Education,5,South Atlantic,7,Withheld for confidentiality,122000,5,4,50,,45.2829,303.46
14,Education,2,Middle Atlantic,3,Mixed mild,95000,2,8,40,,39.7301,99.04
12,Religious worship,3,East North Central,2,Cool,20250,2,2,8,,31.5345,1101.66
25,Retail other than mall,8,Mountain,2,Cool,26000,1,7,56,,28.4393,518.01
25,Retail other than mall,3,East North Central,1,Cold or very cold,14750,2,5,50,,62.9631,611.8
2,Office,6,East South Central,3,Mixed mild,55000,2,7,70,100.0,138.8508,115.51
24,Enclosed mall,4,West North Central,7,Withheld for confidentiality,700000,2,4,73,80.0,69.0479,52.78
16,Inpatient health care,9,Pacific,7,Withheld for confidentiality,265000,8,8,168,,197.6753,10.17
4,Laboratory,5,South Atlantic,4,Warm,350000,7,8,84,,176.122,3.91
18,Lodging,2,Middle Atlantic,7,Withheld for confidentiality,200000,12,6,168,,145.091,8.84
25,Retail other than mall,9,Pacific,4,Warm,17500,1,6,84,,33.4229,1531.55
18,Lodging,3,East North Central,7,Withheld for confidentiality,53000,4,7,168,,64.4042,976.25
18,Lodging,5,South Atlantic,5,Hot or very hot,17000,3,7,168,,72.9282,1484.29
14,Education,7,West South Central,5,Hot or very hot,285000,2,4,65,,49.7274,44.64
14,Education,5,South Atlantic,7,Withheld for confidentiality,92000,3,3,100,,55.1415,297.13
8,Outpatient health care,9,Pacific,4,Warm,86000,3,8,18,100.0,249.9863,138.49
13,Public assembly,9,Pacific,3,Mixed mild,96000,3,5,80,,141.5321,312.77
12,Religious worship,8,Mountain,4,Warm,11000,1,8,20,,56.8315,611.8
2,Office,5,South Atlantic,3,Mixed mild,1100,1,6,54,100.0,115.8182,2990.63
5,Nonrefrigerated warehouse,8,Mountain,2,Cool,500001,2,2,60,,36.8951,4.5
5,Nonrefrigerated warehouse,5,South Atlantic,3,Mixed mild,85000,2,5,60,,36.8909,32.47
26,Service,3,East North Central,2,Cool,2400,1,8,0,,27.2192,3709.28
25,Retail other than mall,9,Pacific,4,Warm,5000,1,2,50,,30.9146,1265.79
14,Education,9,Pacific,4,Warm,19750,2,8,50,,62.7635,495.15
6,Food sales,3,East North Central,1,Cold or very cold,126000,1,5,168,,218.2121,18.55
2,Office,6,East South Central,3,Mixed mild,4000,1,8,20,100.0,43.847,2990.63
2,Office,9,Pacific,4,Warm,64000,2,6,9,98.0,9.1443,15.06
14,Education,2,Middle Atlantic,2,Cool,225000,3,4,93,,65.1016,14.9
2,Office,3,East North Central,2,Cool,1300,1,5,50,100.0,79.1569,718.49
8,Outpatient health care,1,New England,3,Mixed mild,100000,2,8,70,96.0,73.1872,58.57
8,Outpatient health care,9,Pacific,3,Mixed mild,220000,9,9,60,90.0,56.1379,51.4
26,Service,7,West South Central,3,Mixed mild,102000,2,9,40,,56.0348,125.04
14,Education,7,West South Central,3,Mixed mild,94000,1,7,50,,32.2295,330.8
6,Food sales,8,Mountain,2,Cool,1800,1,7,122,,275.5367,3320.27
14,Education,2,Middle Atlantic,3,Mixed mild,99000,2,5,40,,47.7029,50.03
2,Office,8,Mountain,2,Cool,36500,3,2,60,100.0,53.1495,1489.41
14,Education,5,South Atlantic,4,Warm,4500,1,7,60,,37.0078,4468.96
2,Office,7,West South Central,5,Hot or very hot,2450,1,9,44,100.0,72.6935,2990.63
13,Public assembly,9,Pacific,4,Warm,365000,7,8,70,,62.6767,8.66
15,Food service,7,West South Central,3,Mixed mild,1600,1,2,75,,344.6237,1218.03
18,Lodging,3,East North Central,7,Withheld for confidentiality,240000,18,2,168,,85.3384,8.85
2,Office,3,East North Central,2,Cool,460000,6,5,10,100.0,63.4712,15.06
15,Food service,1,New England,1,Cold or very cold,8400,1,7,40,,99.9502,1461.43
2,Office,7,West South Central,5,Hot or very hot,470000,2,5,168,95.0,59.3772,48.85
5,Nonrefrigerated warehouse,5,South Atlantic,4,Warm,5000,1,4,48,,38.4332,1408.23
7,Public order and safety,5,South Atlantic,7,Withheld for confidentiality,25500,3,2,40,,34.1319,1214.38
14,Education,2,Middle Atlantic,3,Mixed mild,130000,5,2,40,,66.6406,9.01
2,Office,3,East North Central,2,Cool,23500,1,4,60,75.0,89.28,1748.0
2,Office,5,South Atlantic,4,Warm,220000,4,7,168,100.0,102.757,117.32
26,Service,5,South Atlantic,4,Warm,1700,2,3,45,,66.6041,3257.88
13,Public assembly,2,Middle Atlantic,3,Mixed mild,53000,1,6,67,,99.0122,213.58
26,Service,8,Mountain,5,Hot or very hot,7100,1,6,60,,44.4073,2934.43
18,Lodging,4,West North Central,7,Withheld for confidentiality,104000,4,8,168,,52.3715,324.59
2,Office,5,South Atlantic,4,Warm,2000,1,4,50,100.0,9.435,1195.14
18,Lodging,2,Middle Atlantic,7,Withheld for confidentiality,280000,7,5,168,,86.8314,8.84
2,Office,4,West North Central,2,Cool,6200,1,7,50,100.0,46.8992,2990.63
16,Inpatient health care,1,New England,7,Withheld for confidentiality,80000,3,4,168,,310.861,7.62
2,Office,2,Middle Atlantic,3,Mixed mild,70000,3,8,50,60.0,56.3497,224.76
23,Strip shopping center,3,East North Central,2,Cool,44500,1,5,55,100.0,130.8984,841.34
91,Other,2,Middle Atlantic,2,Cool,330000,2,2,168,,88.7439,69.6
26,Service,7,West South Central,4,Warm,3600,1,8,40,,25.035,6659.94
5,Nonrefrigerated warehouse,9,Pacific,4,Warm,90000,1,8,168,,19.09,215.07
14,Education,1,New England,1,Cold or very cold,116000,1,4,40,,31.7788,97.52
24,Enclosed mall,9,Pacific,7,Withheld for confidentiality,200000,1,5,65,35.0,14.9255,65.89
16,Inpatient health care,6,East South Central,7,Withheld for confidentiality,500001,8,8,168,,246.133,9.91
8,Outpatient health care,2,Middle Atlantic,3,Mixed mild,80000,3,6,86,95.0,104.0194,8.76
5,Nonrefrigerated warehouse,3,East North Central,1,Cold or very cold,120000,1,4,40,,8.4391,237.36
2,Office,2,Middle Atlantic,3,Mixed mild,700000,9,4,168,92.0,58.1435,8.76
14,Education,3,East North Central,3,Mixed mild,120000,2,8,73,,90.4934,97.52
14,Education,2,Middle Atlantic,2,Cool,72000,1,3,8,,52.3436,288.37
13,Public assembly,2,Middle Atlantic,2,Cool,35000,2,8,168,,49.1355,224.76
6,Food sales,7,West South Central,4,Warm,3000,1,4,168,,150.4817,1218.03
8,Outpatient health care,9,Pacific,3,Mixed mild,3100,1,6,36,100.0,68.1916,1265.79
16,Inpatient health care,9,Pacific,7,Withheld for confidentiality,132000,5,6,168,,240.8858,9.16
2,Office,4,West North Central,3,Mixed mild,30000,3,8,45,100.0,36.523,589.53
18,Lodging,5,South Atlantic,5,Hot or very hot,18000,3,8,168,,74.3773,1214.38
5,Nonrefrigerated warehouse,9,Pacific,4,Warm,116000,1,7,80,,18.0737,249.3
12,Religious worship,3,East North Central,2,Cool,4500,2,2,3,,16.1369,1472.45
2,Office,8,Mountain,2,Cool,250000,6,5,48,100.0,63.159,68.36
13,Public assembly,3,East North Central,2,Cool,18250,1,8,54,,94.7432,611.8
8,Outpatient health care,6,East South Central,4,Warm,18000,2,6,45,100.0,42.3309,690.18
26,Service,5,South Atlantic,4,Warm,3600,1,8,50,,28.5342,3320.27
25,Retail other than mall,8,Mountain,5,Hot or very hot,205000,1,8,168,,90.4712,14.67
13,Public assembly,1,New England,2,Cool,38000,3,5,120,,48.8267,8.74
2,Office,9,Pacific,4,Warm,64000,6,2,40,85.0,44.4997,253.07
15,Food service,9,Pacific,3,Mixed mild,35000,1,8,40,,240.9909,495.15
14,Education,2,Middle Atlantic,3,Mixed mild,134000,3,4,50,,54.0041,99.04
25,Retail other than mall,4,West North Central,3,Mixed mild,198000,1,8,168,,104.6801,52.07
14,Education,2,Middle Atlantic,3,Mixed mild,97000,2,4,60,,74.1752,265.65
12,Religious worship,3,East North Central,2,Cool,65000,2,7,60,,40.8638,227.11
14,Education,9,Pacific,4,Warm,15000,1,5,50,,29.5735,1399.59
13,Public assembly,5,South Atlantic,5,Hot or very hot,2900,1,5,48,,125.9852,2089.32
25,Retail other than mall,6,East South Central,4,Warm,178000,1,9,168,,116.6285,125.04
5,Nonrefrigerated warehouse,7,West South Central,5,Hot or very hot,34000,1,8,65,,46.4582,245.01
14,Education,4,West North Central,7,Withheld for confidentiality,188000,5,4,95,,46.164,50.03
2,Office,9,Pacific,1,Cold or very cold,6500,2,4,40,100.0,40.1091,21.71
8,Outpatient health care,5,South Atlantic,5,Hot or very hot,70000,2,7,60,96.0,69.8991,9.07
18,Lodging,2,Middle Atlantic,7,Withheld for confidentiality,35000,3,5,168,,90.2467,2059.97
15,Food service,5,South Atlantic,3,Mixed mild,4650,2,4,105,,442.9234,534.51
8,Outpatient health care,7,West South Central,4,Warm,73000,4,5,168,98.0,136.202,51.49
14,Education,3,East North Central,3,Mixed mild,265000,3,2,58,,43.5316,45.1
14,Education,2,Middle Atlantic,7,Withheld for confidentiality,220000,9,7,77,,161.5959,50.03
8,Outpatient health care,5,South Atlantic,4,Warm,3500,2,6,65,75.0,71.448,1218.03
8,Outpatient health care,3,East North Central,2,Cool,5000,1,7,40,100.0,42.324,1391.33
16,Inpatient health care,4,West North Central,7,Withheld for confidentiality,350000,6,8,168,,46.7432,50.87
14,Education,3,East North Central,2,Cool,250000,3,2,96,,22.0402,8.93
7,Public order and safety,3,East North Central,7,Withheld for confidentiality,6000,3,2,40,,59.7693,1290.29
91,Other,5,South Atlantic,4,Warm,164000,5,5,168,,178.2206,14.9
12,Religious worship,8,Mountain,2,Cool,5000,1,7,40,,57.174,14.9
7,Public order and safety,9,Pacific,5,Hot or very hot,5300,1,8,168,,112.3496,1399.59
2,Office,7,West South Central,5,Hot or very hot,4500,1,3,50,90.0,13.4618,4468.96
2,Office,5,South Atlantic,3,Mixed mild,83000,5,2,80,60.0,79.2735,127.33
6,Food sales,7,West South Central,4,Warm,25000,1,8,98,,148.3432,1566.64
14,Education,8,Mountain,2,Cool,240000,2,8,70,,54.1453,8.84
14,Education,3,East North Central,2,Cool,57000,2,4,58,,63.9931,456.48
16,Inpatient health care,3,East North Central,7,Withheld for confidentiality,275000,7,6,168,,249.9802,9.53
25,Retail other than mall,4,West North Central,3,Mixed mild,1500,1,8,100,,96.3927,2990.63
12,Religious worship,5,South Atlantic,4,Warm,4500,1,5,3,,34.1347,4084.96
5,Nonrefrigerated warehouse,8,Mountain,2,Cool,122000,1,2,50,,39.0223,99.38
14,Education,3,East North Central,1,Cold or very cold,210000,2,4,30,,42.0759,43.95
5,Nonrefrigerated warehouse,2,Middle Atlantic,3,Mixed mild,120000,2,9,40,,19.1907,69.36
18,Lodging,9,Pacific,4,Warm,10250,2,8,168,,123.5926,1399.59
5,Nonrefrigerated warehouse,9,Pacific,4,Warm,255000,2,8,40,,7.3898,70.08
5,Nonrefrigerated warehouse,3,East North Central,2,Cool,600000,1,8,96,,46.5868,55.91
16,Inpatient health care,6,East South Central,7,Withheld for confidentiality,800000,5,4,168,,214.2181,5.55
2,Office,7,West South Central,5,Hot or very hot,220000,12,6,51,90.0,73.8216,14.9
13,Public assembly,1,New England,1,Cold or very cold,3350,2,2,8,,42.3579,2934.43
15,Food service,5,South Atlantic,3,Mixed mild,1400,1,8,56,,95.5529,711.02
13,Public assembly,4,West North Central,3,Mixed mild,19250,3,2,63,,99.062,458.62
26,Service,3,East North Central,1,Cold or very cold,9600,1,8,72,,28.9454,3075.23
8,Outpatient health care,2,Middle Atlantic,2,Cool,14000,3,3,64,95.0,118.0617,687.8
5,Nonrefrigerated warehouse,4,West North Central,3,Mixed mild,53000,4,6,77,,47.318,240.4
13,Public assembly,2,Middle Atlantic,3,Mixed mild,5001,3,3,24,,61.0452,1745.76
26,Service,1,New England,1,Cold or very cold,2200,2,8,168,,73.9582,2934.43
18,Lodging,1,New England,2,Cool,104000,7,6,168,,56.0271,97.52
13,Public assembly,9,Pacific,4,Warm,25000,1,3,56,,28.1547,611.8
13,Public assembly,3,East North Central,1,Cold or very cold,4000,2,3,60,,81.002,1265.79
8,Outpatient health care,6,East South Central,3,Mixed mild,92000,3,6,65,100.0,169.8631,10.22
14,Education,9,Pacific,7,Withheld for confidentiality,305000,8,5,60,,164.9485,59.79
26,Service,9,Pacific,3,Mixed mild,55000,1,8,74,,93.7228,312.77
14,Education,3,East North Central,7,Withheld for confidentiality,124000,5,7,70,,70.4722,97.52
6,Food sales,3,East North Central,2,Cool,9100,3,2,116,,138.1624,1265.79
13,Public assembly,2,Middle Atlantic,2,Cool,80000,2,8,10,,107.8824,117.32
2,Office,5,South Atlantic,3,Mixed mild,800000,12,2,55,70.0,49.8248,6.52
14,Education,3,East North Central,3,Mixed mild,172000,2,8,60,,88.1428,97.52
14,Education,5,South Atlantic,3,Mixed mild,350000,6,4,60,,74.1132,8.84
2,Office,3,East North Central,2,Cool,63000,1,6,168,100.0,97.5883,215.07
25,Retail other than mall,3,East North Central,2,Cool,90000,2,4,72,,32.4379,118.55
13,Public assembly,1,New England,3,Mixed mild,205000,3,6,168,,104.6181,8.74
13,Public assembly,7,West South Central,3,Mixed mild,230000,4,5,90,,126.2143,9.21
26,Service,5,South Atlantic,4,Warm,60000,1,4,50,,18.4429,213.58
14,Education,5,South Atlantic,3,Mixed mild,106000,2,5,55,,54.224,99.38
2,Office,6,East South Central,4,Warm,17250,1,2,168,95.0,161.0587,495.15
2,Office,2,Middle Atlantic,3,Mixed mild,28000,2,3,40,100.0,78.8536,8.84
16,Inpatient health care,1,New England,7,Withheld for confidentiality,270000,6,4,168,,233.4713,9.95
5,Nonrefrigerated warehouse,8,Mountain,2,Cool,118000,1,9,40,,19.4097,244.16
14,Education,2,Middle Atlantic,3,Mixed mild,88000,4,2,60,,45.1701,303.46
14,Education,4,West North Central,7,Withheld for confidentiality,200001,3,4,50,,63.0322,44.64
14,Education,7,West South Central,5,Hot or very hot,425000,1,7,45,,64.5245,54.9
13,Public assembly,5,South Atlantic,4,Warm,86000,5,6,45,,170.9182,125.04
14,Education,2,Middle Atlantic,3,Mixed mild,164000,5,5,100,,72.179,97.52
14,Education,3,East North Central,3,Mixed mild,140000,3,2,50,,66.0276,100.08
23,Strip shopping center,3,East North Central,2,Cool,14250,2,3,75,100.0,113.3644,841.34
2,Office,4,West North Central,2,Cool,3200,2,4,42,100.0,37.96,1391.33
14,Education,9,Pacific,2,Cool,425000,1,8,65,,72.6742,45.1
25,Retail other than mall,5,South Atlantic,5,Hot or very hot,200001,1,7,168,,142.6357,52.07
12,Religious worship,5,South Atlantic,4,Warm,29000,1,4,30,,26.2434,345.93
12,Religious worship,2,Middle Atlantic,3,Mixed mild,50000,2,8,35,,28.6244,224.76
5,Nonrefrigerated warehouse,4,West North Central,3,Mixed mild,450000,1,4,132,,40.6015,14.9
2,Office,5,South Atlantic,4,Warm,10000,1,6,40,100.0,23.3039,3420.76
12,Religious worship,3,East North Central,2,Cool,12000,2,5,50,,11.6341,3195.83
2,Office,7,West South Central,5,Hot or very hot,2500,1,2,50,100.0,86.8172,3320.27
6,Food sales,2,Middle Atlantic,3,Mixed mild,120000,2,8,168,,325.271,107.76
14,Education,2,Middle Atlantic,3,Mixed mild,405000,4,5,60,,75.0572,44.64
91,Other,3,East North Central,2,Cool,40000,3,2,168,,136.1624,1748.0
26,Service,2,Middle Atlantic,3,Mixed mild,6000,2,2,60,,64.9145,2990.63
25,Retail other than mall,5,South Atlantic,3,Mixed mild,260000,3,4,100,,39.5004,21.42
14,Education,5,South Atlantic,3,Mixed mild,215000,2,9,45,,76.5095,47.7
12,Religious worship,7,West South Central,5,Hot or very hot,30000,1,4,15,,8.1417,1489.41
16,Inpatient health care,7,West South Central,7,Withheld for confidentiality,420000,5,6,168,,219.6782,8.92
26,Service,2,Middle Atlantic,3,Mixed mild,6000,3,4,24,,24.1422,2990.63
14,Education,3,East North Central,2,Cool,144000,2,7,97,,69.7162,45.1
2,Office,5,South Atlantic,4,Warm,132000,2,6,70,100.0,61.4398,48.85
14,Education,2,Middle Atlantic,3,Mixed mild,182000,1,4,84,,49.7345,50.03
14,Education,1,New England,2,Cool,160000,4,8,64,,76.4228,97.52
14,Education,7,West South Central,7,Withheld for confidentiality,134000,5,6,55,,48.1959,50.03
18,Lodging,5,South Atlantic,7,Withheld for confidentiality,95000,5,8,168,,32.4583,332.94
2,Office,8,Mountain,1,Cold or very cold,39000,3,5,168,66.0,87.6189,621.37
2,Office,4,West North Central,3,Mixed mild,120000,6,9,60,80.0,82.4604,153.0
5,Nonrefrigerated warehouse,3,East North Central,2,Cool,9000,1,7,4,,29.6228,3709.28
12,Religious worship,9,Pacific,3,Mixed mild,60000,2,9,80,,19.3871,312.77
17,Nursing,8,Mountain,2,Cool,35000,2,7,168,,139.5154,330.8
7,Public order and safety,3,East North Central,1,Cold or very cold,28500,2,8,168,,68.1884,611.8
2,Office,7,West South Central,3,Mixed mild,59000,1,6,70,92.0,24.1911,117.32
2,Office,9,Pacific,4,Warm,1000000,9,7,65,80.0,25.1597,15.06
23,Strip shopping center,9,Pacific,2,Cool,97000,1,7,140,100.0,160.9557,175.02
2,Office,2,Middle Atlantic,3,Mixed mild,3550,1,5,41,100.0,142.033,2990.63
14,Education,5,South Atlantic,7,Withheld for confidentiality,21000,1,8,68,,150.6516,429.63
2,Office,1,New England,2,Cool,290000,5,6,50,80.0,31.4455,58.49
8,Outpatient health care,5,South Atlantic,4,Warm,4000,1,8,50,100.0,83.5542,1218.03
2,Office,5,South Atlantic,3,Mixed mild,320000,18,8,66,98.0,60.914,14.9
5,Nonrefrigerated warehouse,3,East North Central,2,Cool,10500,1,4,168,,46.0737,3554.88
14,Education,7,West South Central,5,Hot or very hot,365000,2,6,68,,53.7669,49.4
14,Education,7,West South Central,7,Withheld for confidentiality,106000,5,2,70,,114.3131,621.34
5,Nonrefrigerated warehouse,7,West South Central,5,Hot or very hot,21000,1,5,80,,12.772,623.52
5,Nonrefrigerated warehouse,1,New England,3,Mixed mild,10750,1,6,45,,41.4723,1461.43
18,Lodging,6,East South Central,7,Withheld for confidentiality,200000,4,8,168,,19.6254,8.7
25,Retail other than mall,8,Mountain,2,Cool,188000,1,9,168,,102.223,107.76
13,Public assembly,7,West South Central,4,Warm,8000,1,2,8,,64.5635,1408.23
2,Office,3,East North Central,1,Cold or very cold,11500,2,7,55,50.0,53.7212,3075.23
23,Strip shopping center,5,South Atlantic,4,Warm,108000,1,5,57,100.0,91.3204,175.02
8,Outpatient health care,4,West North Central,2,Cool,2000,1,3,84,100.0,146.4915,1218.03
2,Office,5,South Atlantic,4,Warm,194000,18,4,55,80.0,81.8939,58.26
6,Food sales,9,Pacific,4,Warm,49000,2,5,91,,172.7064,286.39
2,Office,1,New England,2,Cool,470000,12,2,50,99.0,36.8194,14.73
8,Outpatient health care,7,West South Central,4,Warm,2100,1,6,32,100.0,58.2267,1218.03
14,Education,9,Pacific,5,Hot or very hot,8800,2,3,60,,8.921,2934.43
26,Service,3,East North Central,2,Cool,2500,2,8,10,,64.9408,2747.83
25,Retail other than mall,3,East North Central,1,Cold or very cold,35000,3,2,49,,30.1219,1531.55
8,Outpatient health care,7,West South Central,5,Hot or very hot,8400,2,7,70,50.0,58.8218,1195.14
15,Food service,5,South Atlantic,3,Mixed mild,2600,1,4,100,,353.0742,1218.03
18,Lodging,8,Mountain,7,Withheld for confidentiality,2100000,18,5,168,,264.4319,8.87
13,Public assembly,3,East North Central,2,Cool,1850,1,4,48,,205.6184,3075.23
24,Enclosed mall,4,West North Central,7,Withheld for confidentiality,600000,1,6,68,50.0,26.4243,22.05
18,Lodging,9,Pacific,7,Withheld for confidentiality,12000,2,3,168,,26.9617,1531.55
2,Office,8,Mountain,3,Mixed mild,76000,3,2,45,100.0,151.3216,14.9
2,Office,7,West South Central,3,Mixed mild,87000,3,8,20,100.0,72.3841,329.67
5,Nonrefrigerated warehouse,5,South Atlantic,3,Mixed mild,2600,2,9,0,,14.0538,6659.94
2,Office,5,South Atlantic,4,Warm,21500,3,2,60,95.0,39.3247,1408.23
4,Laboratory,7,West South Central,5,Hot or very hot,186000,2,7,168,,125.6686,50.87
2,Office,3,East North Central,2,Cool,41000,2,8,48,80.0,66.6549,1748.0
25,Retail other than mall,3,East North Central,2,Cool,230000,5,4,70,,74.0615,15.06
8,Outpatient health care,9,Pacific,4,Warm,110000,9,5,80,65.0,63.6435,9.16
14,Education,3,East North Central,2,Cool,400000,3,2,88,,78.8573,9.11
11,Refrigerated warehouse,9,Pacific,4,Warm,320000,1,2,60,,18.1837,70.08
2,Office,5,South Atlantic,4,Warm,500000,2,4,40,98.0,44.1104,14.9
15,Food service,4,West North Central,1,Cold or very cold,2000,1,2,72,,49.4195,1218.03
14,Education,6,East South Central,4,Warm,102000,2,4,60,,106.7103,43.95
2,Office,7,West South Central,5,Hot or very hot,27000,2,8,45,70.0,25.5554,9.01
2,Office,9,Pacific,3,Mixed mild,31000,2,8,50,100.0,123.4737,611.8
17,Nursing,5,South Atlantic,4,Warm,53000,1,9,168,,76.7461,110.28
2,Office,6,East South Central,4,Warm,106000,9,5,55,80.0,60.674,324.59
13,Public assembly,2,Middle Atlantic,3,Mixed mild,87000,2,4,84,,126.9792,117.32
23,Strip shopping center,7,West South Central,4,Warm,34500,1,3,25,100.0,63.1206,841.34
13,Public assembly,5,South Atlantic,4,Warm,2750,2,2,10,,71.1549,2934.43
25,Retail other than mall,6,East South Central,4,Warm,2300,1,3,36,,25.3539,2990.63
4,Laboratory,5,South Atlantic,4,Warm,164000,2,8,60,,98.2027,48.85
16,Inpatient health care,5,South Atlantic,7,Withheld for confidentiality,430000,12,6,168,,156.8798,9.91
14,Education,8,Mountain,2,Cool,74000,1,7,56,,62.7458,216.62
13,Public assembly,5,South Atlantic,5,Hot or very hot,86000,4,8,168,,30.4733,894.79
91,Other,9,Pacific,4,Warm,455000,5,2,168,,789.8648,15.06
2,Office,2,Middle Atlantic,3,Mixed mild,5500,4,2,56,80.0,113.1927,1408.23
18,Lodging,5,South Atlantic,7,Withheld for confidentiality,255000,9,8,168,,82.2243,50.03
2,Office,7,West South Central,4,Warm,265000,5,8,60,95.0,102.5818,14.9
2,Office,5,South Atlantic,3,Mixed mild,480000,12,5,55,82.0,41.7737,14.9
25,Retail other than mall,9,Pacific,3,Mixed mild,9000,2,2,52,,12.2668,3075.23
5,Nonrefrigerated warehouse,4,West North Central,2,Cool,3600,1,5,98,,5.335,2990.63
13,Public assembly,2,Middle Atlantic,3,Mixed mild,9000,1,6,40,,58.7822,4468.96
2,Office,8,Mountain,2,Cool,54000,2,7,55,100.0,60.9148,244.16
14,Education,2,Middle Atlantic,2,Cool,174000,2,3,90,,64.3631,44.64
14,Education,3,East North Central,2,Cool,900000,3,7,96,,43.6069,25.51
2,Office,2,Middle Atlantic,3,Mixed mild,180000,3,6,50,90.0,73.3006,67.1
16,Inpatient health care,6,East South Central,7,Withheld for confidentiality,800000,12,8,168,,115.0215,11.32
14,Education,7,West South Central,5,Hot or very hot,94000,1,8,45,,89.8148,8.84
26,Service,4,West North Central,1,Cold or very cold,7000,1,7,50,,26.9489,2990.63
25,Retail other than mall,2,Middle Atlantic,3,Mixed mild,44000,1,7,87,,61.3586,470.02
12,Religious worship,3,East North Central,1,Cold or very cold,25500,2,8,48,,70.7215,611.8
14,Education,1,New England,1,Cold or very cold,180000,1,5,86,,63.7076,44.12
14,Education,6,East South Central,4,Warm,99000,2,7,45,,28.2511,97.52
14,Education,5,South Atlantic,5,Hot or very hot,124000,2,6,60,,25.0092,99.38
23,Strip shopping center,5,South Atlantic,3,Mixed mild,35500,1,8,55,82.0,177.2101,10.71
25,Retail other than mall,7,West South Central,4,Warm,13250,1,7,58,,50.7545,1413.09
15,Food service,7,West South Central,5,Hot or very hot,26000,1,5,60,,173.3909,504.63
7,Public order and safety,2,Middle Atlantic,7,Withheld for confidentiality,126000,5,2,12,,51.7944,8.84
16,Inpatient health care,2,Middle Atlantic,7,Withheld for confidentiality,1500000,12,5,168,,137.823,4.7
14,Education,4,West North Central,3,Mixed mild,37000,2,6,60,,32.048,739.38
18,Lodging,6,East South Central,7,Withheld for confidentiality,260000,18,6,168,,91.887,8.7
23,Strip shopping center,5,South Atlantic,5,Hot or very hot,55000,1,8,55,90.0,127.5456,190.79
14,Education,2,Middle Atlantic,3,Mixed mild,44000,4,2,50,,73.5425,332.94
2,Office,8,Mountain,4,Warm,10000,1,4,40,100.0,32.692,1418.81
2,Office,3,East North Central,2,Cool,600000,18,4,56,93.0,76.7587,15.06
17,Nursing,3,East North Central,3,Mixed mild,13500,2,6,168,,207.1846,1399.59
2,Office,3,East North Central,3,Mixed mild,800000,12,4,75,66.0,81.3507,6.42
2,Office,8,Mountain,3,Mixed mild,63000,2,9,40,100.0,65.8756,244.16
15,Food service,2,Middle Atlantic,2,Cool,4500,2,3,74,,162.6429,1391.33
5,Nonrefrigerated warehouse,8,Mountain,3,Mixed mild,60000,1,8,120,,37.4053,1030.4
2,Office,4,West North Central,3,Mixed mild,270000,18,3,11,100.0,62.3156,14.9
25,Retail other than mall,1,New England,2,Cool,210000,1,8,126,,124.818,14.73
12,Religious worship,5,South Atlantic,3,Mixed mild,3500,1,8,36,,16.958,2990.63
24,Enclosed mall,3,East North Central,7,Withheld for confidentiality,700000,1,7,61,80.0,46.7278,17.92
2,Office,5,South Atlantic,4,Warm,2000,1,5,50,100.0,131.4235,1218.03
14,Education,3,East North Central,2,Cool,59000,2,5,77,,43.0133,100.08
12,Religious worship,3,East North Central,3,Mixed mild,3000,2,6,8,,9.5887,3075.23
14,Education,3,East North Central,2,Cool,310000,2,4,43,,89.4787,43.95
4,Laboratory,7,West South Central,5,Hot or very hot,180000,12,8,168,,108.4274,8.76
15,Food service,5,South Atlantic,4,Warm,5300,1,7,86,,337.877,1218.03
26,Service,7,West South Central,4,Warm,1500,1,6,40,,59.7393,2990.63
16,Inpatient health care,5,South Atlantic,7,Withheld for confidentiality,245000,4,6,168,,287.064,10.07
14,Education,2,Middle Atlantic,2,Cool,130000,1,3,45,,87.7977,44.64
15,Food service,7,West South Central,4,Warm,3000,1,3,72,,479.247,1218.03
15,Food service,5,South Atlantic,4,Warm,3250,1,5,100,,224.7305,1218.03
14,Education,2,Middle Atlantic,7,Withheld for confidentiality,126000,6,3,86,,94.3115,97.52
14,Education,2,Middle Atlantic,2,Cool,300000,3,8,75,,75.475,9.96
2,Office,5,South Atlantic,5,Hot or very hot,15750,1,4,40,100.0,67.7077,1484.29
8,Outpatient health care,2,Middle Atlantic,2,Cool,3500,1,2,43,100.0,38.4023,691.38
14,Education,2,Middle Atlantic,2,Cool,128000,2,4,45,,27.8109,44.64
13,Public assembly,5,South Atlantic,4,Warm,11500,1,8,75,,24.808,1413.09
2,Office,9,Pacific,3,Mixed mild,395000,18,7,60,95.0,82.5589,15.06
5,Nonrefrigerated warehouse,7,West South Central,4,Warm,7800,1,7,12,,13.6231,6659.94
18,Lodging,2,Middle Atlantic,3,Mixed mild,180000,18,3,168,,72.5435,13.73
6,Food sales,8,Mountain,2,Cool,25500,1,7,133,,267.3685,623.52
18,Lodging,5,South Atlantic,4,Warm,56000,2,6,168,,25.1928,429.63
2,Office,5,South Atlantic,4,Warm,250000,3,2,40,100.0,54.8723,16.58
2,Office,2,Middle Atlantic,3,Mixed mild,240000,2,4,168,75.0,59.7056,14.9
18,Lodging,5,South Atlantic,7,Withheld for confidentiality,280000,7,6,168,,68.7731,17.7
23,Strip shopping center,2,Middle Atlantic,3,Mixed mild,110000,1,9,73,100.0,63.1642,175.02
8,Outpatient health care,1,New England,2,Cool,14000,3,2,60,50.0,65.9743,677.21
14,Education,6,East South Central,4,Warm,4100,1,5,35,,24.6163,2990.63
15,Food service,5,South Atlantic,3,Mixed mild,6400,2,5,50,,101.2202,690.18
15,Food service,3,East North Central,2,Cool,2500,2,6,119,,256.01,1265.79
14,Education,5,South Atlantic,4,Warm,39000,2,8,45,,44.5874,431.11
2,Office,9,Pacific,3,Mixed mild,700000,12,3,66,93.0,44.0383,15.06
2,Office,9,Pacific,4,Warm,172000,3,6,8,90.0,34.0941,59.91
2,Office,5,South Atlantic,3,Mixed mild,225000,18,7,60,89.0,76.8032,14.9
5,Nonrefrigerated warehouse,5,South Atlantic,4,Warm,265000,1,7,90,,20.0942,72.1
13,Public assembly,3,East North Central,1,Cold or very cold,46000,1,7,56,,112.8929,611.8
14,Education,3,East North Central,2,Cool,110000,2,3,8,,57.855,25.8
16,Inpatient health care,1,New England,7,Withheld for confidentiality,325000,6,8,168,,109.0808,9.95
12,Religious worship,6,East South Central,4,Warm,100000,2,9,39,,34.3757,504.63
2,Office,1,New England,2,Cool,50000,3,6,50,90.0,53.286,340.6
26,Service,2,Middle Atlantic,3,Mixed mild,5700,1,5,62,,44.4209,14.9
8,Outpatient health care,9,Pacific,5,Hot or very hot,73000,1,9,75,84.0,31.3382,117.27
2,Office,4,West North Central,1,Cold or very cold,480000,4,5,68,75.0,97.5812,14.9
2,Office,8,Mountain,5,Hot or very hot,85000,4,6,45,75.0,69.8185,14.67
2,Office,5,South Atlantic,4,Warm,2500,1,2,18,100.0,24.8388,2800.45
15,Food service,3,East North Central,1,Cold or very cold,2400,2,8,102,,244.5608,1265.79
14,Education,5,South Atlantic,3,Mixed mild,500000,4,8,58,,65.3978,50.03
18,Lodging,5,South Atlantic,4,Warm,230000,12,4,168,,19.8917,15.29
2,Office,5,South Atlantic,5,Hot or very hot,1900,1,7,50,85.0,20.4721,2990.63
8,Outpatient health care,6,East South Central,4,Warm,1950,1,4,52,100.0,143.1359,1049.59
2,Office,1,New England,2,Cool,49000,3,2,40,70.0,41.6821,240.4
26,Service,5,South Atlantic,4,Warm,10000,1,5,50,,51.2954,1413.09
8,Outpatient health care,8,Mountain,5,Hot or very hot,31000,1,7,66,100.0,25.8226,451.56
91,Other,7,West South Central,4,Warm,1001,1,5,48,,18.6354,2990.63
14,Education,5,South Atlantic,4,Warm,1250,2,3,60,,194.724,4384.99
14,Education,8,Mountain,5,Hot or very hot,200001,2,8,80,,78.5721,43.95
18,Lodging,9,Pacific,7,Withheld for confidentiality,42000,5,7,168,,116.7139,332.94
91,Other,9,Pacific,4,Warm,230000,12,6,168,,383.9153,9.11
14,Education,3,East North Central,2,Cool,73000,1,3,50,,58.3647,290.39
13,Public assembly,9,Pacific,2,Cool,600000,5,4,168,,48.717,13.08
16,Inpatient health care,9,Pacific,7,Withheld for confidentiality,2100000,12,4,168,,101.3894,9.01
26,Service,3,East North Central,2,Cool,2400,1,8,40,,73.855,3778.59
14,Education,3,East North Central,1,Cold or very cold,168000,1,4,45,,67.4956,100.08
91,Other,7,West South Central,7,Withheld for confidentiality,1700000,8,6,168,,241.1905,14.9
13,Public assembly,9,Pacific,4,Warm,44500,2,6,98,,56.2022,316.23
2,Office,7,West South Central,5,Hot or very hot,5500,1,5,50,100.0,64.5618,14.9
26,Service,3,East North Central,2,Cool,2000,1,6,25,,83.3005,3709.28
26,Service,9,Pacific,4,Warm,1300,1,5,70,,95.7508,3075.23
5,Nonrefrigerated warehouse,5,South Atlantic,4,Warm,300000,2,4,40,,24.2015,82.57
16,Inpatient health care,6,East South Central,7,Withheld for confidentiality,1000000,8,5,168,,125.7411,9.21
2,Office,9,Pacific,2,Cool,200000,2,6,167,50.0,72.9826,32.81
13,Public assembly,5,South Atlantic,4,Warm,116000,3,8,80,,100.7434,14.9
8,Outpatient health care,9,Pacific,4,Warm,41000,2,6,50,96.0,55.626,161.5
4,Laboratory,9,Pacific,4,Warm,215000,6,7,168,,145.1599,6.04
5,Nonrefrigerated warehouse,2,Middle Atlantic,3,Mixed mild,2000,2,3,0,,12.014,2990.63
6,Food sales,7,West South Central,5,Hot or very hot,2100,1,2,60,,160.5671,1218.03
15,Food service,5,South Atlantic,3,Mixed mild,1200,1,3,63,,77.02,1218.03
2,Office,6,East South Central,4,Warm,2000,2,3,40,100.0,124.317,2934.43
5,Nonrefrigerated warehouse,9,Pacific,3,Mixed mild,300000,1,9,168,,35.536,70.08
2,Office,8,Mountain,4,Warm,6300,1,4,45,50.0,28.3716,2528.63
14,Education,7,West South Central,5,Hot or very hot,78000,2,3,45,,64.5823,330.8
14,Education,3,East North Central,2,Cool,198000,2,8,39,,59.1795,60.22
2,Office,7,West South Central,3,Mixed mild,19500,3,2,44,100.0,58.5999,1408.23
14,Education,5,South Atlantic,4,Warm,108000,3,8,40,,52.2294,99.04
14,Education,5,South Atlantic,7,Withheld for confidentiality,55000,3,7,100,,100.8682,429.63
18,Lodging,2,Middle Atlantic,7,Withheld for confidentiality,162000,12,6,168,,124.2992,8.84
2,Office,5,South Atlantic,3,Mixed mild,215000,18,7,60,90.0,81.7708,14.9
13,Public assembly,5,South Atlantic,5,Hot or very hot,3350,1,5,80,,53.2376,2990.63
14,Education,9,Pacific,2,Cool,41500,1,6,40,,59.856,1399.59
14,Education,6,East South Central,4,Warm,142000,2,7,45,,71.3068,99.38
25,Retail other than mall,6,East South Central,4,Warm,210000,1,8,168,,107.2087,52.07
13,Public assembly,8,Mountain,2,Cool,52000,1,7,107,,124.4509,137.69
14,Education,8,Mountain,5,Hot or very hot,300000,1,6,60,,24.0223,8.87
13,Public assembly,6,East South Central,4,Warm,210000,6,3,126,,176.4327,12.09
6,Food sales,5,South Atlantic,4,Warm,80000,1,8,112,,235.011,125.04
14,Education,2,Middle Atlantic,3,Mixed mild,80000,5,2,45,,78.855,8.84
14,Education,8,Mountain,7,Withheld for confidentiality,230000,9,9,104,,75.5969,5.89
5,Nonrefrigerated warehouse,5,South Atlantic,4,Warm,600000,2,7,100,,22.0945,14.9
18,Lodging,7,West South Central,7,Withheld for confidentiality,200000,12,6,168,,141.546,50.03
2,Office,5,South Atlantic,3,Mixed mild,600000,12,6,60,100.0,55.2477,6.52
14,Education,2,Middle Atlantic,3,Mixed mild,60000,4,3,99,,109.8304,502.9
13,Public assembly,7,West South Central,3,Mixed mild,62000,2,7,70,,24.8287,117.32
13,Public assembly,9,Pacific,4,Warm,1000000,7,9,168,,41.466,32.81
5,Nonrefrigerated warehouse,2,Middle Atlantic,3,Mixed mild,154000,2,6,40,,20.3318,14.9
16,Inpatient health care,3,East North Central,7,Withheld for confidentiality,900000,6,5,168,,113.1132,9.01
14,Education,3,East North Central,7,Withheld for confidentiality,196000,5,2,126,,58.3587,6.04
5,Nonrefrigerated warehouse,4,West North Central,2,Cool,166000,1,7,72,,13.424,235.71
5,Nonrefrigerated warehouse,2,Middle Atlantic,3,Mixed mild,210000,2,5,50,,22.1981,31.35
23,Strip shopping center,9,Pacific,4,Warm,10250,1,8,55,91.0,135.247,2009.74
5,Nonrefrigerated warehouse,5,South Atlantic,4,Warm,40000,1,7,50,,28.6248,591.56
6,Food sales,9,Pacific,5,Hot or very hot,6600,2,8,104,,37.1852,2528.63
2,Office,3,East North Central,2,Cool,12250,2,5,40,100.0,134.5985,1399.59
2,Office,3,East North Central,2,Cool,250000,12,2,168,88.0,94.4284,15.06
17,Nursing,5,South Atlantic,4,Warm,25500,1,8,168,,182.0379,288.37
26,Service,2,Middle Atlantic,3,Mixed mild,5700,1,8,54,,28.4728,1779.2
25,Retail other than mall,1,New England,2,Cool,2400,2,4,168,,117.3688,2934.43
26,Service,7,West South Central,4,Warm,1800,1,8,40,,76.6361,2990.63
2,Office,5,South Atlantic,5,Hot or very hot,46500,3,9,40,90.0,43.6739,9.07
2,Office,7,West South Central,5,Hot or very hot,22250,1,5,50,100.0,56.3259,1489.41
26,Service,5,South Atlantic,5,Hot or very hot,1100,1,2,50,,52.8509,2990.63
13,Public assembly,9,Pacific,4,Warm,75000,3,6,87,,38.0594,126.81
14,Education,5,South Atlantic,7,Withheld for confidentiality,245000,12,5,80,,69.0587,5.52
18,Lodging,9,Pacific,7,Withheld for confidentiality,100000,4,5,168,,74.3328,12.36
18,Lodging,7,West South Central,7,Withheld for confidentiality,84000,4,8,168,,77.8394,97.52
12,Religious worship,2,Middle Atlantic,3,Mixed mild,30000,2,6,23,,52.0037,1413.09
8,Outpatient health care,5,South Atlantic,4,Warm,7200,2,8,50,100.0,27.5793,687.8
17,Nursing,2,Middle Atlantic,2,Cool,700000,8,2,168,,115.1052,9.88
5,Nonrefrigerated warehouse,3,East North Central,3,Mixed mild,1200,1,7,12,,40.1717,6534.79
26,Service,4,West North Central,2,Cool,1500,1,7,90,,4.524,1779.2
2,Office,1,New England,2,Cool,90000,3,9,40,100.0,50.7991,115.51
16,Inpatient health care,2,Middle Atlantic,7,Withheld for confidentiality,1500000,12,5,168,,165.0016,15.72
13,Public assembly,7,West South Central,5,Hot or very hot,64000,1,8,99,,143.2423,245.01
25,Retail other than mall,5,South Atlantic,3,Mixed mild,48000,1,3,53,,26.3715,1413.09
2,Office,8,Mountain,2,Cool,360000,5,8,65,100.0,41.2601,10.47
12,Religious worship,8,Mountain,2,Cool,15000,1,8,20,,19.1742,1445.98
12,Religious worship,6,East South Central,4,Warm,235000,4,8,60,,28.5271,48.1
8,Outpatient health care,5,South Atlantic,4,Warm,4650,1,7,70,100.0,271.3998,687.8
8,Outpatient health care,2,Middle Atlantic,2,Cool,275000,5,5,72,100.0,115.8661,11.46
16,Inpatient health care,5,South Atlantic,7,Withheld for confidentiality,1000000,8,8,168,,232.986,9.91
5,Nonrefrigerated warehouse,4,West North Central,3,Mixed mild,55000,1,9,50,,47.7882,245.01
14,Education,8,Mountain,2,Cool,37500,1,8,42,,121.0751,330.8
14,Education,3,East North Central,2,Cool,250000,2,6,108,,50.8964,13.91
14,Education,5,South Atlantic,3,Mixed mild,150000,8,2,73,,54.5036,50.03
16,Inpatient health care,2,Middle Atlantic,7,Withheld for confidentiality,325000,6,2,168,,250.883,10.07
18,Lodging,5,South Atlantic,5,Hot or very hot,12000,2,4,168,,106.0798,2063.57
14,Education,3,East North Central,2,Cool,2900,2,2,12,,104.5766,1472.45
26,Service,3,East North Central,2,Cool,1600,1,3,4,,34.0325,3075.23
2,Office,2,Middle Atlantic,3,Mixed mild,330000,4,5,60,100.0,59.1959,137.69
13,Public assembly,7,West South Central,5,Hot or very hot,10000,1,4,10,,78.5835,1489.41
16,Inpatient health care,7,West South Central,7,Withheld for confidentiality,260000,4,8,168,,220.7083,10.22
14,Education,1,New England,7,Withheld for confidentiality,12500,3,3,50,,24.6299,611.8
16,Inpatient health care,5,South Atlantic,7,Withheld for confidentiality,164000,4,6,168,,332.4651,64.68
17,Nursing,5,South Atlantic,5,Hot or very hot,43000,1,7,168,,111.1884,160.38
5,Nonrefrigerated warehouse,3,East North Central,3,Mixed mild,900000,1,9,161,,37.9149,81.71
12,Religious worship,9,Pacific,1,Cold or very cold,34500,2,5,65,,66.383,611.8
2,Office,8,Mountain,3,Mixed mild,15250,1,8,10,100.0,56.0701,690.18
18,Lodging,3,East North Central,3,Mixed mild,126000,5,2,168,,102.7438,97.52
23,Strip shopping center,3,East North Central,2,Cool,37500,1,6,75,100.0,144.1235,841.34
12,Religious worship,7,West South Central,4,Warm,22000,2,7,10,,27.3494,1413.09
13,Public assembly,7,West South Central,4,Warm,5000,1,7,50,,87.655,1413.09
5,Nonrefrigerated warehouse,6,East South Central,4,Warm,350000,3,6,168,,70.4177,14.67
16,Inpatient health care,7,West South Central,7,Withheld for confidentiality,220000,4,8,168,,124.8786,8.92
16,Inpatient health care,2,Middle Atlantic,7,Withheld for confidentiality,235000,12,6,168,,244.4271,14.9
13,Public assembly,1,New England,2,Cool,1500,2,8,168,,148.7267,992.19
8,Outpatient health care,8,Mountain,5,Hot or very hot,7200,1,8,45,100.0,24.9504,2934.43
8,Outpatient health care,7,West South Central,5,Hot or very hot,11000,3,8,40,100.0,58.2912,687.8
5,Nonrefrigerated warehouse,9,Pacific,4,Warm,24000,1,4,168,,44.3081,717.24
8,Outpatient health care,7,West South Central,4,Warm,11500,1,7,35,100.0,99.1437,690.18
2,Office,2,Middle Atlantic,7,Withheld for confidentiality,1500000,9,2,168,67.0,78.7799,14.9
18,Lodging,7,West South Central,3,Mixed mild,50000,3,4,168,,102.9014,329.67
2,Office,4,West North Central,3,Mixed mild,235000,18,6,73,77.0,89.3781,58.26
13,Public assembly,3,East North Central,2,Cool,200000,2,3,168,,34.2939,9.11
14,Education,3,East North Central,3,Mixed mild,215000,1,8,40,,47.5348,22.4
16,Inpatient health care,9,Pacific,7,Withheld for confidentiality,500001,8,8,168,,193.5757,9.01
2,Office,7,West South Central,5,Hot or very hot,215000,4,9,60,100.0,48.9701,52.3
18,Lodging,6,East South Central,7,Withheld for confidentiality,455000,18,7,168,,108.7433,12.93
14,Education,2,Middle Atlantic,3,Mixed mild,57000,4,2,40,,69.114,97.52
5,Nonrefrigerated warehouse,7,West South Central,5,Hot or very hot,138000,1,6,45,,2.0095,31.35
13,Public assembly,8,Mountain,2,Cool,17000,1,8,48,,39.3799,2990.63
12,Religious worship,3,East North Central,3,Mixed mild,11250,2,6,60,,123.5487,1531.55
18,Lodging,5,South Atlantic,7,Withheld for confidentiality,110000,7,8,168,,98.8141,8.84
13,Public assembly,3,East North Central,2,Cool,64000,1,5,60,,69.4298,215.07
15,Food service,3,East North Central,3,Mixed mild,2500,3,2,35,,131.3796,3075.23
2,Office,2,Middle Atlantic,3,Mixed mild,270000,18,2,168,75.0,82.5662,14.9
15,Food service,3,East North Central,3,Mixed mild,2700,1,8,84,,477.2974,3414.69
12,Religious worship,3,East North Central,2,Cool,100000,2,2,84,,45.2277,15.06
5,Nonrefrigerated warehouse,5,South Atlantic,3,Mixed mild,315000,1,5,48,,20.4467,66.26
5,Nonrefrigerated warehouse,9,Pacific,2,Cool,7200,1,5,40,,49.1213,3075.23
12,Religious worship,9,Pacific,3,Mixed mild,10000,1,6,50,,26.7087,1678.67
26,Service,4,West North Central,2,Cool,5900,1,8,40,,7.0442,6659.94
2,Office,9,Pacific,4,Warm,500001,18,8,49,96.0,31.1184,15.06
26,Service,5,South Atlantic,4,Warm,7800,2,8,45,,8.9228,1408.23
13,Public assembly,7,West South Central,5,Hot or very hot,800000,3,5,168,,87.2873,10.14
23,Strip shopping center,3,East North Central,2,Cool,150000,1,6,75,95.0,135.1859,175.02
2,Office,2,Middle Atlantic,3,Mixed mild,1800,2,4,50,50.0,71.5339,2990.63
7,Public order and safety,5,South Atlantic,7,Withheld for confidentiality,116000,4,6,45,,92.2859,50.03
2,Office,5,South Atlantic,3,Mixed mild,156000,1,8,50,95.0,95.1236,125.04
13,Public assembly,2,Middle Atlantic,2,Cool,17000,2,4,40,,46.1278,2990.63
26,Service,4,West North Central,1,Cold or very cold,5500,1,3,48,,23.7105,8544.65
2,Office,3,East North Central,3,Mixed mild,28000,2,5,50,70.0,40.9171,221.3
25,Retail other than mall,7,West South Central,5,Hot or very hot,186000,1,9,126,,104.897,125.04
15,Food service,6,East South Central,4,Warm,10000,1,8,80,,377.1514,1218.03
12,Religious worship,5,South Atlantic,3,Mixed mild,62000,2,7,98,,40.4684,224.76
2,Office,5,South Atlantic,3,Mixed mild,600000,18,2,168,65.0,80.4278,14.9
4,Laboratory,1,New England,2,Cool,164000,4,3,48,,157.7792,7.62
5,Nonrefrigerated warehouse,3,East North Central,3,Mixed mild,2200,1,7,3,,29.5045,2934.43
5,Nonrefrigerated warehouse,3,East North Central,2,Cool,12000,1,8,8,,26.0874,2050.06
17,Nursing,2,Middle Atlantic,3,Mixed mild,46500,3,6,168,,221.9774,9.01
8,Outpatient health care,2,Middle Atlantic,2,Cool,78000,8,5,50,95.0,88.6634,51.49
14,Education,8,Mountain,2,Cool,240000,2,8,102,,70.8926,8.84
15,Food service,5,South Atlantic,4,Warm,4400,1,4,70,,333.8284,1218.03
2,Office,5,South Atlantic,3,Mixed mild,73000,2,6,50,75.0,100.1661,17.27
4,Laboratory,3,East North Central,2,Cool,225000,7,7,65,,296.9463,11.95
2,Office,5,South Atlantic,4,Warm,43000,3,6,65,82.0,68.2048,589.53
2,Office,7,West South Central,5,Hot or very hot,14500,1,9,50,100.0,43.2203,1489.41
14,Education,2,Middle Atlantic,2,Cool,140000,3,2,60,,70.5585,44.64
18,Lodging,1,New England,7,Withheld for confidentiality,70000,3,8,168,,69.7682,324.59
14,Education,9,Pacific,3,Mixed mild,158000,3,3,80,,42.4776,45.1
14,Education,5,South Atlantic,5,Hot or very hot,186000,1,4,70,,43.9868,8.84
26,Service,2,Middle Atlantic,3,Mixed mild,1600,1,4,75,,13.2781,2990.63
14,Education,5,South Atlantic,5,Hot or very hot,150000,2,8,55,,42.132,99.38
23,Strip shopping center,5,South Atlantic,4,Warm,5700,1,8,71,100.0,134.7682,10.71
13,Public assembly,3,East North Central,2,Cool,16000,2,2,60,,47.4948,1531.55
2,Office,2,Middle Atlantic,3,Mixed mild,73000,18,2,50,95.0,126.7352,246.59
2,Office,5,South Atlantic,4,Warm,320000,18,5,50,73.0,62.4434,14.9
5,Nonrefrigerated warehouse,2,Middle Atlantic,2,Cool,350000,1,2,50,,21.9552,69.6
5,Nonrefrigerated warehouse,9,Pacific,4,Warm,370000,2,6,60,,16.4851,32.81
5,Nonrefrigerated warehouse,3,East North Central,2,Cool,600000,1,4,60,,36.4336,31.68
14,Education,3,East North Central,2,Cool,40500,1,4,45,,114.6816,290.39
16,Inpatient health care,9,Pacific,7,Withheld for confidentiality,350000,3,8,168,,272.6253,10.17
25,Retail other than mall,8,Mountain,2,Cool,7500,1,5,54,,25.6633,2990.63
12,Religious worship,3,East North Central,2,Cool,34500,1,4,20,,21.3585,611.8
23,Strip shopping center,5,South Atlantic,4,Warm,74000,1,5,75,100.0,138.6426,190.79
15,Food service,8,Mountain,2,Cool,132000,1,2,60,,116.1983,55.13
2,Office,8,Mountain,2,Cool,210000,9,4,50,90.0,65.9924,14.97
26,Service,9,Pacific,4,Warm,9700,1,5,0,,15.3071,3075.23
2,Office,6,East South Central,4,Warm,92000,2,6,168,100.0,103.4461,56.43
5,Nonrefrigerated warehouse,9,Pacific,4,Warm,77000,2,5,168,,22.4537,32.81
14,Education,5,South Atlantic,5,Hot or very hot,134000,2,7,38,,16.4285,99.04
8,Outpatient health care,3,East North Central,3,Mixed mild,118000,2,8,78,100.0,125.5616,55.66
5,Nonrefrigerated warehouse,2,Middle Atlantic,3,Mixed mild,250000,1,8,126,,31.9404,31.35
2,Office,9,Pacific,4,Warm,25500,3,4,50,80.0,47.1658,227.11
16,Inpatient health care,5,South Atlantic,7,Withheld for confidentiality,800000,6,4,168,,263.9094,9.07
2,Office,4,West North Central,3,Mixed mild,7500,1,6,49,100.0,38.3167,1413.09
14,Education,2,Middle Atlantic,3,Mixed mild,80000,4,3,66,,61.1594,8.84
16,Inpatient health care,1,New England,7,Withheld for confidentiality,900000,7,7,168,,233.0916,9.95
2,Office,8,Mountain,2,Cool,210000,18,4,60,80.0,46.5805,50.03
17,Nursing,3,East North Central,2,Cool,51000,1,8,168,,88.5398,108.21
5,Nonrefrigerated warehouse,5,South Atlantic,5,Hot or very hot,1600,1,3,55,,39.6688,1484.29
2,Office,3,East North Central,2,Cool,28500,1,3,45,90.0,95.2929,9.11
2,Office,8,Mountain,5,Hot or very hot,700000,8,8,40,100.0,56.1227,14.67
25,Retail other than mall,5,South Atlantic,5,Hot or very hot,8000,1,9,50,,10.3105,1489.41
5,Nonrefrigerated warehouse,3,East North Central,2,Cool,10500,2,5,50,,24.9522,717.24
26,Service,4,West North Central,1,Cold or very cold,1300,1,5,1,,28.6485,6659.94
14,Education,9,Pacific,1,Cold or very cold,78000,1,6,65,,53.72,272.88
12,Religious worship,5,South Atlantic,3,Mixed mild,76000,3,2,120,,77.645,589.53
13,Public assembly,9,Pacific,4,Warm,10750,1,8,52,,64.4899,1531.55
2,Office,6,East South Central,4,Warm,33500,1,5,96,50.0,18.3134,591.56
25,Retail other than mall,5,South Atlantic,4,Warm,20000,2,5,55,,28.4075,1413.09
16,Inpatient health care,5,South Atlantic,7,Withheld for confidentiality,75000,1,4,168,,256.1945,114.03
2,Office,8,Mountain,3,Mixed mild,110000,2,6,50,100.0,47.8755,117.32
8,Outpatient health care,8,Mountain,2,Cool,15000,2,5,45,75.0,50.4853,687.8
25,Retail other than mall,4,West North Central,1,Cold or very cold,15000,1,8,120,,95.8257,1489.41
14,Education,3,East North Central,2,Cool,300000,2,4,100,,82.5201,45.23
26,Service,5,South Atlantic,4,Warm,1500,1,6,126,,1710.8393,1417.97
13,Public assembly,8,Mountain,3,Mixed mild,1500,1,2,2,,88.7247,2747.83
25,Retail other than mall,5,South Atlantic,3,Mixed mild,2300,2,2,84,,21.4422,2934.43
26,Service,3,East North Central,2,Cool,12500,1,8,60,,18.0527,2237.13
5,Nonrefrigerated warehouse,9,Pacific,4,Warm,4000,1,3,56,,3.5202,6921.06
2,Office,7,West South Central,4,Warm,150000,12,5,60,98.0,64.6718,137.69
12,Religious worship,6,East South Central,4,Warm,1200,1,7,4,,14.9883,2990.63
2,Office,9,Pacific,4,Warm,29000,2,6,36,80.0,94.3992,1531.55
12,Religious worship,5,South Atlantic,4,Warm,12000,2,2,15,,9.8644,1118.9
2,Office,5,South Atlantic,3,Mixed mild,325000,9,6,56,100.0,25.6825,14.9
26,Service,7,West South Central,3,Mixed mild,1200,1,8,50,,100.0983,3695.52
14,Education,3,East North Central,2,Cool,205000,1,9,50,,70.9255,45.1
13,Public assembly,5,South Atlantic,4,Warm,9400,2,5,12,,4.4528,2990.63
26,Service,3,East North Central,2,Cool,34000,1,5,60,,49.303,611.8
14,Education,9,Pacific,5,Hot or very hot,3600,1,7,37,,29.4147,4384.99
14,Education,2,Middle Atlantic,3,Mixed mild,500001,6,5,98,,61.176,9.01
5,Nonrefrigerated warehouse,8,Mountain,2,Cool,10500,1,6,70,,14.6183,1489.41
5,Nonrefrigerated warehouse,4,West North Central,3,Mixed mild,30000,1,6,50,,50.4166,591.56
14,Education,4,West North Central,1,Cold or very cold,56000,1,3,60,,77.8835,330.8
2,Office,3,East North Central,2,Cool,176000,7,2,40,75.0,23.2124,141.31
12,Religious worship,4,West North Central,1,Cold or very cold,5600,1,4,16,,32.9821,1484.29
2,Office,7,West South Central,5,Hot or very hot,240000,12,7,55,80.0,63.882,14.9
13,Public assembly,6,East South Central,4,Warm,178000,4,5,83,,100.8862,68.42
25,Retail other than mall,7,West South Central,4,Warm,152000,1,8,168,,120.6167,164.31
26,Service,9,Pacific,3,Mixed mild,7000,2,6,76,,36.1774,3075.23
14,Education,7,West South Central,5,Hot or very hot,156000,2,5,50,,34.294,44.64
5,Nonrefrigerated warehouse,5,South Atlantic,4,Warm,12500,2,7,40,,29.2517,1413.09
26,Service,9,Pacific,3,Mixed mild,9700,1,7,40,,26.777,6921.06
2,Office,8,Mountain,2,Cool,142000,6,5,45,90.0,52.0394,17.21
2,Office,2,Middle Atlantic,3,Mixed mild,108000,3,6,50,90.0,47.3738,14.9
5,Nonrefrigerated warehouse,8,Mountain,3,Mixed mild,60000,2,6,60,,24.4352,246.72
2,Office,5,South Atlantic,3,Mixed mild,59000,1,8,60,100.0,64.7916,213.58
12,Religious worship,6,East South Central,4,Warm,10000,2,6,30,,26.4432,2990.63
5,Nonrefrigerated warehouse,4,West North Central,2,Cool,50000,1,5,70,,37.2034,1030.4
2,Office,4,West North Central,3,Mixed mild,495000,1,4,96,98.0,122.7193,1.88
14,Education,4,West North Central,3,Mixed mild,86000,1,8,50,,74.1592,330.8
2,Office,5,South Atlantic,4,Warm,1800,1,8,45,100.0,89.1283,2990.63
6,Food sales,1,New England,1,Cold or very cold,3000,4,2,112,,257.2867,1461.43
14,Education,3,East North Central,3,Mixed mild,2400,1,3,60,,46.0892,4384.99
2,Office,2,Middle Atlantic,3,Mixed mild,86000,3,7,55,79.0,81.9063,14.9
2,Office,5,South Atlantic,3,Mixed mild,700000,12,6,68,100.0,59.1938,6.52
17,Nursing,3,East North Central,1,Cold or very cold,45000,1,8,168,,232.6031,97.52
18,Lodging,9,Pacific,7,Withheld for confidentiality,275000,12,2,168,,143.1939,9.11
15,Food service,5,South Atlantic,4,Warm,104000,3,4,72,,159.042,57.62
13,Public assembly,6,East South Central,4,Warm,60000,4,8,83,,103.8563,240.4
25,Retail other than mall,9,Pacific,4,Warm,28500,2,4,40,,6.4256,17.76
2,Office,1,New England,2,Cool,80000,6,7,45,100.0,46.907,137.69
15,Food service,5,South Atlantic,3,Mixed mild,2200,1,3,62,,245.3473,1218.03
12,Religious worship,1,New England,2,Cool,7200,3,2,7,,31.4338,2934.43
25,Retail other than mall,7,West South Central,4,Warm,205000,1,8,168,,101.7479,14.9
5,Nonrefrigerated warehouse,3,East North Central,7,Withheld for confidentiality,1800000,1,5,96,,19.125,15.06
2,Office,5,South Atlantic,4,Warm,14500,3,2,45,66.0,41.8392,429.63
2,Office,5,South Atlantic,5,Hot or very hot,220000,9,6,55,95.0,44.6988,62.26
14,Education,7,West South Central,5,Hot or very hot,63000,1,8,60,,33.339,330.8
7,Public order and safety,4,West North Central,2,Cool,14000,1,8,0,,42.602,1426.39
6,Food sales,2,Middle Atlantic,2,Cool,55000,2,8,126,,235.1048,213.58
14,Education,2,Middle Atlantic,7,Withheld for confidentiality,455000,8,2,100,,93.4459,5.98
2,Office,5,South Atlantic,4,Warm,190000,9,4,60,80.0,58.5923,8.57
13,Public assembly,3,East North Central,2,Cool,3800,1,4,84,,132.7005,1472.45
14,Education,5,South Atlantic,3,Mixed mild,152000,4,7,60,,122.5328,303.46
12,Religious worship,7,West South Central,5,Hot or very hot,80000,3,3,92,,71.1603,14.9
8,Outpatient health care,9,Pacific,4,Warm,100000,2,5,65,37.0,42.8811,9.01
14,Education,1,New England,2,Cool,110000,2,8,38,,49.9067,97.52
5,Nonrefrigerated warehouse,8,Mountain,3,Mixed mild,225000,1,6,168,,85.6475,69.6
26,Service,2,Middle Atlantic,2,Cool,1350,1,7,40,,44.1267,6659.94
2,Office,5,South Atlantic,3,Mixed mild,300000,12,8,65,100.0,71.733,58.26
2,Office,4,West North Central,1,Cold or very cold,22750,2,4,45,100.0,45.5803,1489.41
14,Education,7,West South Central,5,Hot or very hot,20000,1,5,60,,50.2458,1426.39
13,Public assembly,5,South Atlantic,4,Warm,225000,4,6,45,,66.0269,14.9
14,Education,2,Middle Atlantic,2,Cool,250000,2,4,96,,64.4713,8.84
2,Office,5,South Atlantic,3,Mixed mild,235000,12,8,65,100.0,122.8209,58.26
13,Public assembly,7,West South Central,3,Mixed mild,8000,1,8,115,,79.755,2990.63
12,Religious worship,9,Pacific,4,Warm,50000,4,2,49,,11.2134,611.8
16,Inpatient health care,2,Middle Atlantic,7,Withheld for confidentiality,300000,6,4,168,,103.2577,8.76
12,Religious worship,2,Middle Atlantic,3,Mixed mild,15000,2,2,5,,54.5496,1489.41
2,Office,3,East North Central,2,Cool,1800,3,2,40,100.0,53.1583,2050.06
13,Public assembly,7,West South Central,3,Mixed mild,215000,4,6,92,,235.4496,9.21
5,Nonrefrigerated warehouse,5,South Atlantic,3,Mixed mild,65000,1,5,16,,26.8886,234.89
13,Public assembly,9,Pacific,2,Cool,11500,2,7,30,,10.1963,1678.67
23,Strip shopping center,5,South Atlantic,5,Hot or very hot,176000,1,4,75,55.0,102.7606,175.02
18,Lodging,8,Mountain,7,Withheld for confidentiality,12000,2,4,168,,154.2604,904.39
13,Public assembly,5,South Atlantic,5,Hot or very hot,12000,1,8,6,,25.0562,1489.41
5,Nonrefrigerated warehouse,5,South Atlantic,4,Warm,340000,1,7,168,,63.1343,52.07
18,Lodging,2,Middle Atlantic,7,Withheld for confidentiality,48000,3,9,168,,26.1546,1421.48
18,Lodging,8,Mountain,7,Withheld for confidentiality,5000,2,2,168,,86.6426,2024.79
18,Lodging,9,Pacific,4,Warm,33000,5,2,168,,118.4122,495.15
5,Nonrefrigerated warehouse,8,Mountain,3,Mixed mild,220000,1,8,55,,17.1954,69.36
2,Office,9,Pacific,4,Warm,5500,2,5,40,100.0,63.6451,3414.19
14,Education,4,West North Central,3,Mixed mild,150000,4,2,40,,66.335,9.01
12,Religious worship,5,South Atlantic,3,Mixed mild,1100,1,2,3,,10.3473,2990.63
13,Public assembly,5,South Atlantic,4,Warm,73000,1,3,25,,65.3293,56.73
26,Service,9,Pacific,2,Cool,2650,1,6,40,,37.6536,2934.43
2,Office,7,West South Central,3,Mixed mild,2000,1,2,40,100.0,40.047,2934.43
14,Education,2,Middle Atlantic,7,Withheld for confidentiality,210000,7,3,105,,128.2873,99.04
14,Education,7,West South Central,5,Hot or very hot,16500,1,7,70,,26.729,1426.39
5,Nonrefrigerated warehouse,8,Mountain,3,Mixed mild,2300,1,6,5,,5.6474,736.22
14,Education,3,East North Central,2,Cool,22000,1,5,45,,47.5937,1101.66
2,Office,9,Pacific,3,Mixed mild,420000,5,8,168,100.0,123.8747,59.79
13,Public assembly,5,South Atlantic,4,Warm,126000,2,9,80,,152.1962,99.04
14,Education,3,East North Central,3,Mixed mild,35500,1,5,55,,67.4002,282.95
8,Outpatient health care,9,Pacific,5,Hot or very hot,1700,3,2,40,100.0,9.6759,1195.14
5,Nonrefrigerated warehouse,4,West North Central,3,Mixed mild,265000,1,4,95,,54.7099,14.9
16,Inpatient health care,7,West South Central,7,Withheld for confidentiality,365000,4,9,168,,223.2,10.07
18,Lodging,2,Middle Atlantic,7,Withheld for confidentiality,100000,3,7,168,,85.969,99.04
25,Retail other than mall,3,East North Central,3,Mixed mild,148000,2,9,70,,64.6387,15.06
5,Nonrefrigerated warehouse,2,Middle Atlantic,3,Mixed mild,48500,1,3,77,,126.6396,580.91
23,Strip shopping center,5,South Atlantic,4,Warm,45500,1,5,104,100.0,167.1666,841.34
2,Office,4,West North Central,1,Cold or very cold,27000,1,8,60,100.0,106.3843,1314.87
18,Lodging,7,West South Central,7,Withheld for confidentiality,160000,5,9,168,,81.5257,8.84
25,Retail other than mall,5,South Atlantic,5,Hot or very hot,2300,1,8,60,,66.9543,2577.06
17,Nursing,9,Pacific,4,Warm,67000,1,8,168,,43.2486,290.39
6,Food sales,3,East North Central,1,Cold or very cold,3000,1,7,120,,422.2953,3075.23
13,Public assembly,5,South Atlantic,3,Mixed mild,305000,5,4,168,,125.6963,5.89
13,Public assembly,1,New England,1,Cold or very cold,7000,1,9,70,,22.9213,2934.43
5,Nonrefrigerated warehouse,4,West North Central,2,Cool,7200,1,9,12,,8.9253,691.38
2,Office,2,Middle Atlantic,3,Mixed mild,120000,4,6,60,75.0,50.5161,8.76
14,Education,7,West South Central,5,Hot or very hot,87000,1,8,60,,23.9602,99.38
13,Public assembly,4,West North Central,3,Mixed mild,39000,3,4,70,,161.1676,589.53
91,Other,7,West South Central,5,Hot or very hot,270000,8,2,168,,661.2221,14.9
14,Education,8,Mountain,5,Hot or very hot,104000,2,7,45,,67.7368,97.52
2,Office,9,Pacific,2,Cool,102000,5,9,40,100.0,163.1663,571.01
14,Education,5,South Atlantic,7,Withheld for confidentiality,51000,2,7,45,,60.93,224.76
18,Lodging,3,East North Central,7,Withheld for confidentiality,250000,3,5,168,,57.2192,100.08
16,Inpatient health care,5,South Atlantic,7,Withheld for confidentiality,275000,4,6,168,,243.9959,10.93
5,Nonrefrigerated warehouse,3,East North Central,1,Cold or very cold,8000,1,5,40,,55.8589,31.68
5,Nonrefrigerated warehouse,8,Mountain,2,Cool,34000,1,8,54,,14.1186,1027.72
18,Lodging,2,Middle Atlantic,7,Withheld for confidentiality,95000,12,5,168,,86.7318,51.49
16,Inpatient health care,7,West South Central,7,Withheld for confidentiality,225000,5,6,168,,278.1447,10.07
13,Public assembly,5,South Atlantic,4,Warm,9000,1,5,168,,102.4744,1413.09
26,Service,4,West North Central,2,Cool,10000,1,7,48,,28.3141,2990.63
8,Outpatient health care,7,West South Central,5,Hot or very hot,196000,9,8,65,84.0,68.7897,8.76
15,Food service,3,East North Central,3,Mixed mild,9400,1,7,168,,311.1991,1265.79
2,Office,2,Middle Atlantic,3,Mixed mild,200000,5,9,45,30.0,20.4374,14.9
14,Education,5,South Atlantic,4,Warm,70000,1,7,60,,48.7639,288.37
91,Other,3,East North Central,2,Cool,46000,2,8,90,,63.0578,117.27
26,Service,9,Pacific,3,Mixed mild,42000,1,7,70,,129.8857,611.8
5,Nonrefrigerated warehouse,5,South Atlantic,4,Warm,500001,2,7,168,,43.023,66.26
2,Office,5,South Atlantic,3,Mixed mild,245000,12,7,50,100.0,54.7092,6.52
5,Nonrefrigerated warehouse,3,East North Central,2,Cool,215000,1,6,50,,3.0439,31.68
2,Office,3,East North Central,1,Cold or very cold,12250,1,7,44,100.0,78.4184,15.06
5,Nonrefrigerated warehouse,9,Pacific,5,Hot or very hot,90000,1,3,44,,6.2349,249.3
5,Nonrefrigerated warehouse,5,South Atlantic,4,Warm,94000,1,3,40,,20.5456,213.58
23,Strip shopping center,2,Middle Atlantic,3,Mixed mild,235000,1,6,75,100.0,157.7893,79.12
8,Outpatient health care,7,West South Central,4,Warm,5700,1,9,40,100.0,53.3546,1218.03
23,Strip shopping center,8,Mountain,2,Cool,29000,1,8,75,100.0,117.0758,395.28
25,Retail other than mall,5,South Atlantic,4,Warm,3200,1,4,61,,49.2959,2990.63
14,Education,4,West North Central,3,Mixed mild,295000,2,9,55,,94.0296,44.64
14,Education,4,West North Central,3,Mixed mild,305000,4,2,50,,40.9138,44.64
2,Office,9,Pacific,4,Warm,410000,18,6,60,91.0,55.414,15.06
14,Education,4,West North Central,2,Cool,86000,1,5,68,,48.4397,179.53
13,Public assembly,3,East North Central,3,Mixed mild,40000,2,2,168,,259.3735,330.04
2,Office,5,South Atlantic,4,Warm,108000,5,5,62,90.0,53.0666,14.9
14,Education,6,East South Central,4,Warm,108000,1,7,60,,64.8454,459.87
5,Nonrefrigerated warehouse,3,East North Central,2,Cool,5100,1,8,160,,4.9067,6921.06
23,Strip shopping center,2,Middle Atlantic,2,Cool,215000,1,9,75,96.0,96.3701,80.32
2,Office,9,Pacific,4,Warm,192000,4,8,84,60.0,88.1247,15.06
2,Office,2,Middle Atlantic,3,Mixed mild,230000,4,7,40,100.0,69.9681,14.9
4,Laboratory,2,Middle Atlantic,3,Mixed mild,132000,5,4,60,,70.5406,14.9
2,Office,5,South Atlantic,7,Withheld for confidentiality,1700000,12,2,168,80.0,140.0218,58.26
23,Strip shopping center,9,Pacific,3,Mixed mild,245000,1,9,168,96.0,107.6286,96.4
5,Nonrefrigerated warehouse,7,West South Central,5,Hot or very hot,47000,1,5,40,,7.9197,623.52
2,Office,2,Middle Atlantic,3,Mixed mild,1800,2,4,40,100.0,29.8089,1779.2
8,Outpatient health care,9,Pacific,4,Warm,300000,1,3,40,98.0,41.4665,9.16
5,Nonrefrigerated warehouse,3,East North Central,2,Cool,34000,1,6,96,,174.5507,215.07
2,Office,2,Middle Atlantic,7,Withheld for confidentiality,1500000,18,2,168,100.0,121.9051,14.9
26,Service,2,Middle Atlantic,2,Cool,75000,2,9,54,,17.0223,1489.41
2,Office,9,Pacific,4,Warm,38000,1,7,48,100.0,71.3569,717.24
5,Nonrefrigerated warehouse,5,South Atlantic,3,Mixed mild,6700,2,3,55,,23.8737,2990.63
5,Nonrefrigerated warehouse,5,South Atlantic,4,Warm,16000,1,3,40,,35.796,1413.09
13,Public assembly,7,West South Central,5,Hot or very hot,33000,2,3,81,,26.9951,244.16
23,Strip shopping center,8,Mountain,5,Hot or very hot,83000,1,5,55,38.0,49.7683,395.28
15,Food service,1,New England,2,Cool,2500,3,2,70,,64.3996,1195.14
2,Office,7,West South Central,4,Warm,100001,4,8,50,100.0,107.8791,8.76
14,Education,8,Mountain,3,Mixed mild,63000,1,3,40,,100.7266,330.8
2,Office,2,Middle Atlantic,1,Cold or very cold,10250,1,6,45,100.0,115.2963,1489.41
13,Public assembly,5,South Atlantic,5,Hot or very hot,3500,1,5,27,,17.8703,2990.63
15,Food service,8,Mountain,5,Hot or very hot,3500,1,8,168,,540.0383,1195.14
5,Nonrefrigerated warehouse,3,East North Central,2,Cool,220000,2,7,15,,26.404,31.68
14,Education,5,South Atlantic,4,Warm,425000,1,6,75,,33.3702,57.95
16,Inpatient health care,3,East North Central,7,Withheld for confidentiality,415000,7,4,168,,199.2094,9.01
8,Outpatient health care,5,South Atlantic,4,Warm,1950,1,5,36,100.0,82.4697,1417.97
13,Public assembly,7,West South Central,7,Withheld for confidentiality,1700000,3,7,60,,118.4646,14.9
14,Education,7,West South Central,4,Warm,8800,1,7,40,,78.136,4468.96
14,Education,3,East North Central,2,Cool,130000,2,5,45,,35.9554,113.81
18,Lodging,5,South Atlantic,3,Mixed mild,335000,9,8,168,,65.9772,5.52
12,Religious worship,8,Mountain,3,Mixed mild,5600,1,7,15,,44.6664,736.22
5,Nonrefrigerated warehouse,3,East North Central,2,Cool,405000,1,4,70,,30.792,31.68
25,Retail other than mall,1,New England,1,Cold or very cold,4200,3,2,168,,15.9286,2934.43
13,Public assembly,8,Mountain,2,Cool,50000,2,8,105,,35.6999,621.37
2,Office,9,Pacific,4,Warm,270000,2,6,10,85.0,22.8119,15.06
16,Inpatient health care,2,Middle Atlantic,7,Withheld for confidentiality,270000,9,4,168,,188.6208,10.4
5,Nonrefrigerated warehouse,9,Pacific,4,Warm,30000,1,6,40,,14.1301,611.8
18,Lodging,2,Middle Atlantic,2,Cool,61000,2,7,168,,85.3559,502.9
13,Public assembly,4,West North Central,1,Cold or very cold,110000,2,7,105,,86.1032,245.01
2,Office,4,West North Central,3,Mixed mild,130000,4,5,72,90.0,54.5785,5.98
2,Office,7,West South Central,5,Hot or very hot,1700,1,8,40,100.0,64.6024,2990.63
7,Public order and safety,5,South Atlantic,4,Warm,10750,1,8,168,,78.9318,1413.09
18,Lodging,3,East North Central,2,Cool,50001,4,3,168,,100.563,306.64
13,Public assembly,5,South Atlantic,3,Mixed mild,100000,3,8,35,,87.2752,99.04
14,Education,5,South Atlantic,4,Warm,150000,2,5,55,,45.0712,99.38
2,Office,7,West South Central,3,Mixed mild,60000,4,8,50,90.0,151.4406,14.9
7,Public order and safety,2,Middle Atlantic,7,Withheld for confidentiality,800000,12,2,60,,80.1437,7.84
14,Education,7,West South Central,3,Mixed mild,156000,1,7,60,,76.3249,57.95
6,Food sales,3,East North Central,2,Cool,49500,1,5,126,,272.158,215.07
2,Office,9,Pacific,4,Warm,350000,9,2,112,36.0,19.2804,51.34
14,Education,8,Mountain,4,Warm,148000,1,3,60,,23.728,97.52
2,Office,9,Pacific,4,Warm,50000,3,4,50,100.0,68.4329,227.11
12,Religious worship,3,East North Central,2,Cool,50000,4,2,58,,9.6971,221.3
14,Education,8,Mountain,4,Warm,67000,1,3,50,,37.2991,376.78
14,Education,5,South Atlantic,4,Warm,340000,4,7,112,,20.478,14.9
13,Public assembly,9,Pacific,3,Mixed mild,295000,3,8,48,,97.2319,15.06
2,Office,3,East North Central,1,Cold or very cold,370000,3,7,168,100.0,99.4477,27.22
2,Office,7,West South Central,5,Hot or very hot,6200,1,7,90,100.0,21.4963,6659.94
5,Nonrefrigerated warehouse,6,East South Central,4,Warm,200000,1,5,168,,63.6806,52.07
14,Education,7,West South Central,5,Hot or very hot,600000,2,8,75,,66.5782,9.01
2,Office,2,Middle Atlantic,3,Mixed mild,600000,18,2,50,84.0,92.0983,9.01
14,Education,7,West South Central,3,Mixed mild,65000,2,8,40,,69.3607,99.04
13,Public assembly,5,South Atlantic,4,Warm,240000,3,4,80,,158.7696,125.04
13,Public assembly,8,Mountain,1,Cold or very cold,12000,2,6,35,,79.9097,17.21
16,Inpatient health care,1,New England,7,Withheld for confidentiality,108000,3,4,168,,126.3885,55.76
14,Education,5,South Atlantic,7,Withheld for confidentiality,340000,3,8,101,,87.1211,5.52
2,Office,8,Mountain,2,Cool,52000,7,9,50,100.0,79.9811,279.06
16,Inpatient health care,5,South Atlantic,7,Withheld for confidentiality,235000,6,5,168,,252.6627,10.07
13,Public assembly,8,Mountain,1,Cold or very cold,17000,2,3,168,,153.6938,562.43
14,Education,5,South Atlantic,7,Withheld for confidentiality,96000,4,4,60,,69.6887,303.46
18,Lodging,5,South Atlantic,7,Withheld for confidentiality,600000,18,5,168,,114.6667,9.01
5,Nonrefrigerated warehouse,4,West North Central,3,Mixed mild,100000,2,5,10,,62.0147,125.04
5,Nonrefrigerated warehouse,4,West North Central,3,Mixed mild,225000,1,8,80,,46.4511,14.9
14,Education,3,East North Central,2,Cool,205000,5,2,50,,41.9993,15.06
23,Strip shopping center,7,West South Central,4,Warm,150000,1,8,67,75.0,119.2183,175.02
5,Nonrefrigerated warehouse,7,West South Central,5,Hot or very hot,500000,1,8,83,,11.9453,52.07
2,Office,7,West South Central,5,Hot or very hot,250000,4,9,168,70.0,73.0377,79.05
23,Strip shopping center,5,South Atlantic,4,Warm,99000,2,7,71,90.0,111.1146,84.48
13,Public assembly,6,East South Central,4,Warm,42000,1,3,45,,48.089,14.67
13,Public assembly,5,South Atlantic,4,Warm,63000,1,8,40,,27.6959,99.04
8,Outpatient health care,8,Mountain,3,Mixed mild,14000,1,5,55,100.0,61.6281,339.19
25,Retail other than mall,5,South Atlantic,5,Hot or very hot,116000,1,6,20,,10.0777,14.9
26,Service,7,West South Central,4,Warm,10000,2,5,40,,33.5984,6659.94
13,Public assembly,9,Pacific,4,Warm,96000,4,7,66,,41.9498,118.55
5,Nonrefrigerated warehouse,3,East North Central,2,Cool,48000,1,7,0,,32.4022,215.07
4,Laboratory,6,East South Central,4,Warm,1300,1,7,43,,82.9877,2990.63
18,Lodging,7,West South Central,7,Withheld for confidentiality,73000,4,9,168,,21.3875,324.59
26,Service,2,Middle Atlantic,3,Mixed mild,36000,1,3,70,,126.4282,623.52
26,Service,3,East North Central,1,Cold or very cold,65000,2,9,108,,175.0612,215.07
5,Nonrefrigerated warehouse,7,West South Central,5,Hot or very hot,200000,1,8,70,,21.4971,69.6
5,Nonrefrigerated warehouse,7,West South Central,4,Warm,280000,1,9,18,,38.6163,68.29
18,Lodging,2,Middle Atlantic,7,Withheld for confidentiality,250000,18,8,168,,138.145,9.01
5,Nonrefrigerated warehouse,1,New England,2,Cool,7500,1,5,52,,5.5299,1461.43
6,Food sales,3,East North Central,2,Cool,215000,1,6,168,,117.8976,15.06
14,Education,8,Mountain,2,Cool,58000,2,8,60,,54.2833,330.8
12,Religious worship,7,West South Central,5,Hot or very hot,37000,3,8,90,,77.1297,244.16
2,Office,3,East North Central,1,Cold or very cold,8000,2,8,45,100.0,62.0056,3075.23
16,Inpatient health care,1,New England,7,Withheld for confidentiality,420000,12,7,168,,238.9806,9.92
13,Public assembly,3,East North Central,1,Cold or very cold,60000,2,9,84,,136.105,115.51
26,Service,3,East North Central,2,Cool,3200,1,4,40,,6.4966,6921.06
14,Education,8,Mountain,2,Cool,240000,2,8,90,,103.8257,48.38
23,Strip shopping center,5,South Atlantic,4,Warm,67000,1,6,112,95.0,121.382,395.28
91,Other,3,East North Central,2,Cool,350000,3,7,40,,11.5025,126.14
18,Lodging,3,East North Central,2,Cool,144000,12,2,168,,56.7896,15.06
5,Nonrefrigerated warehouse,4,West North Central,3,Mixed mild,176000,1,7,50,,16.7784,235.71
24,Enclosed mall,7,West South Central,7,Withheld for confidentiality,1000000,2,5,60,90.0,127.3579,14.67
14,Education,3,East North Central,3,Mixed mild,50000,1,5,65,,78.6365,97.52
18,Lodging,3,East North Central,7,Withheld for confidentiality,61000,8,8,168,,52.5027,8.93
2,Office,8,Mountain,2,Cool,124000,5,6,75,100.0,84.1023,8.84
2,Office,9,Pacific,5,Hot or very hot,1700,1,6,84,100.0,92.2388,3075.23
2,Office,7,West South Central,5,Hot or very hot,19000,1,9,40,25.0,16.6478,1489.41
5,Nonrefrigerated warehouse,7,West South Central,5,Hot or very hot,500000,1,8,75,,4.9266,31.35
5,Nonrefrigerated warehouse,9,Pacific,4,Warm,60000,1,8,40,,8.2941,215.07
23,Strip shopping center,7,West South Central,5,Hot or very hot,3000,1,4,48,100.0,65.2627,4740.75
2,Office,8,Mountain,2,Cool,245000,12,6,60,91.0,77.3728,14.9
23,Strip shopping center,8,Mountain,2,Cool,152000,1,8,95,88.0,91.4324,10.71
14,Education,5,South Atlantic,5,Hot or very hot,415000,2,8,80,,59.065,9.01
5,Nonrefrigerated warehouse,5,South Atlantic,3,Mixed mild,65000,2,5,60,,45.2177,220.07
2,Office,9,Pacific,5,Hot or very hot,50000,2,4,60,100.0,53.618,304.76
2,Office,9,Pacific,3,Mixed mild,13250,1,6,50,50.0,69.0862,1531.55
5,Nonrefrigerated warehouse,4,West North Central,1,Cold or very cold,33000,2,6,51,,76.4939,1030.4
14,Education,6,East South Central,4,Warm,24500,1,5,45,,47.0971,1426.39
23,Strip shopping center,9,Pacific,4,Warm,17500,1,2,42,100.0,95.0771,2009.74
2,Office,2,Middle Atlantic,3,Mixed mild,51000,3,5,60,100.0,110.6514,9.01
2,Office,6,East South Central,4,Warm,3800,2,2,40,100.0,28.3184,2934.43
14,Education,2,Middle Atlantic,3,Mixed mild,152000,4,2,55,,62.3683,110.84
14,Education,2,Middle Atlantic,2,Cool,102000,3,3,91,,220.3693,8.84
2,Office,9,Pacific,4,Warm,465000,18,2,54,68.0,46.7846,15.06
5,Nonrefrigerated warehouse,9,Pacific,3,Mixed mild,320000,1,7,48,,18.644,70.08
5,Nonrefrigerated warehouse,5,South Atlantic,4,Warm,280000,1,7,60,,24.3373,32.47
5,Nonrefrigerated warehouse,4,West North Central,1,Cold or very cold,425000,2,5,168,,50.9892,14.9
15,Food service,9,Pacific,4,Warm,10750,1,4,40,,190.5739,451.56
8,Outpatient health care,7,West South Central,5,Hot or very hot,160000,6,8,72,100.0,65.6192,54.0
2,Office,3,East North Central,2,Cool,60000,3,5,98,100.0,75.1168,306.64
26,Service,5,South Atlantic,3,Mixed mild,15000,2,3,60,,10.3598,1413.09
91,Other,3,East North Central,2,Cool,4200,1,8,0,,25.8129,8786.36
2,Office,5,South Atlantic,5,Hot or very hot,54000,2,8,10,50.0,55.8356,117.32
5,Nonrefrigerated warehouse,2,Middle Atlantic,2,Cool,55000,5,2,60,,17.7518,529.5
2,Office,8,Mountain,2,Cool,425000,12,8,80,95.0,31.201,8.76
18,Lodging,4,West North Central,7,Withheld for confidentiality,154000,12,7,168,,74.2952,97.52
8,Outpatient health care,5,South Atlantic,3,Mixed mild,275000,5,8,78,100.0,89.321,9.07
14,Education,2,Middle Atlantic,2,Cool,220000,2,8,60,,109.6518,16.28
5,Nonrefrigerated warehouse,2,Middle Atlantic,2,Cool,4000,1,5,40,,30.677,14.9
15,Food service,6,East South Central,4,Warm,1850,1,6,119,,692.9946,1218.03
14,Education,5,South Atlantic,5,Hot or very hot,41500,1,3,45,,15.2324,429.63
2,Office,1,New England,2,Cool,41000,3,7,55,66.0,36.0976,240.4
23,Strip shopping center,9,Pacific,4,Warm,102000,1,9,117,95.0,139.9025,175.02
16,Inpatient health care,8,Mountain,7,Withheld for confidentiality,600000,12,5,168,,237.7661,8.95
8,Outpatient health care,7,West South Central,5,Hot or very hot,58000,2,6,60,100.0,69.1095,244.16
18,Lodging,8,Mountain,7,Withheld for confidentiality,180000,6,2,168,,39.9114,14.22
25,Retail other than mall,5,South Atlantic,4,Warm,205000,1,8,168,,103.8378,21.45
26,Service,9,Pacific,2,Cool,4000,1,4,40,,0.4858,1420.0
25,Retail other than mall,3,East North Central,2,Cool,17500,2,4,55,,44.4224,3075.23
13,Public assembly,9,Pacific,2,Cool,4500,1,3,50,,3.3651,2934.43
18,Lodging,2,Middle Atlantic,3,Mixed mild,500001,5,2,168,,112.4039,5.98
2,Office,1,New England,2,Cool,124000,3,5,40,100.0,41.6686,14.73
4,Laboratory,9,Pacific,4,Warm,87000,4,6,10,,186.3456,117.27
2,Office,5,South Atlantic,4,Warm,2200,1,6,40,100.0,79.1709,2990.63
14,Education,7,West South Central,7,Withheld for confidentiality,40000,3,8,80,,109.0046,502.9
5,Nonrefrigerated warehouse,3,East North Central,7,Withheld for confidentiality,1800000,1,8,99,,31.7518,87.57
2,Office,7,West South Central,5,Hot or very hot,230000,9,5,60,90.0,111.0045,97.52
5,Nonrefrigerated warehouse,5,South Atlantic,4,Warm,330000,1,9,96,,91.3197,14.9
2,Office,7,West South Central,5,Hot or very hot,1600,1,7,50,100.0,82.345,1218.03
2,Office,7,West South Central,3,Mixed mild,26500,1,7,45,95.0,71.1135,1413.09
5,Nonrefrigerated warehouse,3,East North Central,1,Cold or very cold,12000,1,2,50,,7.3178,1531.55
16,Inpatient health care,4,West North Central,7,Withheld for confidentiality,235000,5,6,168,,263.2588,9.92
2,Office,3,East North Central,2,Cool,10000,2,3,60,100.0,105.1786,1531.55
13,Public assembly,3,East North Central,2,Cool,1850,1,4,7,,61.6627,253.07
12,Religious worship,5,South Atlantic,4,Warm,1200,1,2,3,,77.415,2990.63
15,Food service,4,West North Central,2,Cool,6400,1,7,112,,333.3044,1218.03
5,Nonrefrigerated warehouse,5,South Atlantic,5,Hot or very hot,14250,2,7,85,,15.0143,1026.85
14,Education,2,Middle Atlantic,3,Mixed mild,100000,6,2,84,,38.1978,97.52
2,Office,5,South Atlantic,5,Hot or very hot,40000,2,8,40,87.0,51.5654,14.9
13,Public assembly,5,South Atlantic,7,Withheld for confidentiality,1700000,4,7,84,,48.4726,19.43
13,Public assembly,7,West South Central,4,Warm,162000,3,7,70,,61.8123,8.44
14,Education,4,West North Central,1,Cold or very cold,305000,4,3,83,,50.2307,9.01
25,Retail other than mall,2,Middle Atlantic,2,Cool,148000,1,7,160,,82.3028,107.76
24,Enclosed mall,9,Pacific,7,Withheld for confidentiality,500000,1,6,84,80.0,80.6585,14.67
7,Public order and safety,7,West South Central,3,Mixed mild,46500,1,6,168,,120.4831,1399.59
15,Food service,5,South Atlantic,5,Hot or very hot,10000,2,9,14,,253.4262,355.18
2,Office,3,East North Central,2,Cool,48000,3,2,50,85.0,23.6951,611.8
2,Office,2,Middle Atlantic,3,Mixed mild,600000,12,9,168,100.0,75.6545,14.9
2,Office,3,East North Central,3,Mixed mild,5000,2,5,40,100.0,89.6144,3075.23
14,Education,7,West South Central,5,Hot or very hot,84000,2,7,84,,45.3994,330.8
25,Retail other than mall,5,South Atlantic,3,Mixed mild,196000,1,8,168,,123.5286,20.9
16,Inpatient health care,5,South Atlantic,7,Withheld for confidentiality,75000,2,9,168,,253.4931,199.65
23,Strip shopping center,7,West South Central,4,Warm,35000,1,7,55,58.0,128.7591,841.34
12,Religious worship,5,South Atlantic,4,Warm,6000,1,5,6,,12.8577,2990.63
2,Office,7,West South Central,5,Hot or very hot,215000,4,8,60,85.0,41.9124,14.9
5,Nonrefrigerated warehouse,4,West North Central,1,Cold or very cold,65000,2,4,168,,134.9315,245.01
23,Strip shopping center,2,Middle Atlantic,3,Mixed mild,158000,2,6,75,94.0,150.0987,84.48
2,Office,9,Pacific,5,Hot or very hot,1200,1,6,48,100.0,17.96,3075.23
18,Lodging,8,Mountain,7,Withheld for confidentiality,900000,18,6,168,,48.8264,50.03
5,Nonrefrigerated warehouse,9,Pacific,4,Warm,65000,2,4,40,,3.6379,249.3
14,Education,7,West South Central,5,Hot or very hot,360000,3,4,60,,70.8194,9.01
2,Office,8,Mountain,2,Cool,79000,4,8,56,78.0,81.4001,244.16
14,Education,3,East North Central,2,Cool,64000,3,2,40,,98.6798,495.15
12,Religious worship,7,West South Central,4,Warm,34500,3,9,41,,32.3019,589.53
26,Service,9,Pacific,4,Warm,9700,1,7,30,,2.1125,3075.23
13,Public assembly,3,East North Central,2,Cool,32000,2,7,90,,157.8573,648.9
2,Office,4,West North Central,3,Mixed mild,50000,3,4,54,91.0,69.8974,480.27
18,Lodging,7,West South Central,7,Withheld for confidentiality,192000,12,6,168,,39.87,55.75
25,Retail other than mall,3,East North Central,2,Cool,156000,1,8,133,,115.7534,122.69
2,Office,4,West North Central,7,Withheld for confidentiality,1800000,18,4,60,97.0,42.9639,6.52
18,Lodging,8,Mountain,7,Withheld for confidentiality,500000,18,5,168,,49.3388,8.84
15,Food service,7,West South Central,5,Hot or very hot,5000,1,4,84,,288.8274,1218.03
14,Education,3,East North Central,3,Mixed mild,420000,4,3,84,,79.5782,49.16
23,Strip shopping center,4,West North Central,1,Cold or very cold,76000,2,8,42,83.0,116.1436,175.02
2,Office,1,New England,3,Mixed mild,310000,3,8,40,70.0,73.5552,14.73
6,Food sales,1,New England,1,Cold or very cold,39000,1,8,104,,141.64,1601.81
16,Inpatient health care,9,Pacific,7,Withheld for confidentiality,260000,12,3,168,,204.75,9.16
17,Nursing,2,Middle Atlantic,3,Mixed mild,126000,5,7,168,,122.8857,97.52
6,Food sales,3,East North Central,3,Mixed mild,14500,1,5,105,,261.8744,1386.54
13,Public assembly,2,Middle Atlantic,2,Cool,6100,1,6,24,,61.0202,8.84
2,Office,7,West South Central,7,Withheld for confidentiality,1700000,18,6,65,96.0,41.1685,14.9
23,Strip shopping center,7,West South Central,4,Warm,37500,1,8,55,76.0,124.9983,841.34
14,Education,1,New England,2,Cool,20000,4,8,40,,41.0992,4384.99
5,Nonrefrigerated warehouse,6,East South Central,4,Warm,80000,2,6,18,,27.2425,245.01
14,Education,1,New England,2,Cool,75000,2,3,75,,67.4741,97.52
8,Outpatient health care,3,East North Central,2,Cool,85000,3,8,60,100.0,71.5716,117.27
5,Nonrefrigerated warehouse,7,West South Central,3,Mixed mild,4550,1,8,84,,37.8908,6659.94
23,Strip shopping center,5,South Atlantic,5,Hot or very hot,365000,1,5,168,95.0,194.911,10.71
2,Office,2,Middle Atlantic,2,Cool,130000,5,7,66,100.0,13.5778,8.84
2,Office,8,Mountain,1,Cold or very cold,15000,2,2,50,100.0,32.7839,2528.63
2,Office,8,Mountain,2,Cool,91000,5,7,61,90.0,92.7279,137.69
16,Inpatient health care,4,West North Central,7,Withheld for confidentiality,600000,5,5,168,,155.247,7.71
16,Inpatient health care,3,East North Central,7,Withheld for confidentiality,1800000,18,8,168,,205.3651,9.01
5,Nonrefrigerated warehouse,5,South Atlantic,4,Warm,89000,1,6,50,,33.0579,213.58
17,Nursing,3,East North Central,2,Cool,142000,4,8,168,,100.5881,100.08
14,Education,4,West North Central,1,Cold or very cold,265000,2,5,90,,67.4978,8.84
14,Education,7,West South Central,4,Warm,80000,1,8,50,,43.3349,330.8
7,Public order and safety,4,West North Central,7,Withheld for confidentiality,235000,12,3,68,,61.4803,14.9
18,Lodging,5,South Atlantic,7,Withheld for confidentiality,192000,8,6,168,,84.7462,50.03
2,Office,3,East North Central,2,Cool,49000,2,2,40,100.0,49.5197,416.41
18,Lodging,8,Mountain,7,Withheld for confidentiality,300000,12,9,168,,20.8044,51.49
2,Office,5,South Atlantic,5,Hot or very hot,3950,2,7,84,100.0,195.6286,2990.63
18,Lodging,5,South Atlantic,5,Hot or very hot,30000,1,4,168,,21.5437,460.21
12,Religious worship,6,East South Central,4,Warm,2700,1,6,12,,19.2037,460.31
16,Inpatient health care,3,East North Central,7,Withheld for confidentiality,192000,7,6,168,,286.3077,10.8
14,Education,7,West South Central,4,Warm,94000,1,8,70,,33.1984,99.38
8,Outpatient health care,4,West North Central,1,Cold or very cold,54000,3,8,50,60.0,96.3634,126.08
4,Laboratory,3,East North Central,2,Cool,110000,3,4,168,,237.3962,3.95
13,Public assembly,3,East North Central,2,Cool,2000,1,9,10,,37.171,3075.23
26,Service,5,South Atlantic,5,Hot or very hot,1700,1,5,45,,45.4876,2990.63
12,Religious worship,5,South Atlantic,4,Warm,12750,1,8,12,,31.7963,1122.76
13,Public assembly,9,Pacific,2,Cool,104000,5,5,24,,137.998,52.8
13,Public assembly,9,Pacific,5,Hot or very hot,32000,3,3,24,,33.6556,304.76
14,Education,8,Mountain,5,Hot or very hot,78000,1,6,55,,13.7878,324.59
23,Strip shopping center,7,West South Central,3,Mixed mild,33500,2,8,55,36.0,39.8401,841.34
12,Religious worship,5,South Atlantic,4,Warm,9000,1,8,10,,78.336,3320.27
13,Public assembly,5,South Atlantic,3,Mixed mild,25000,3,2,168,,13.5332,1214.38
5,Nonrefrigerated warehouse,3,East North Central,2,Cool,250000,1,8,110,,13.9114,66.72
16,Inpatient health care,3,East North Central,7,Withheld for confidentiality,380000,8,5,168,,253.0997,10.17
26,Service,6,East South Central,4,Warm,75000,3,5,168,,98.9753,245.01
14,Education,8,Mountain,3,Mixed mild,28000,1,5,40,,72.1642,587.89
2,Office,5,South Atlantic,5,Hot or very hot,122000,3,6,84,90.0,58.1904,14.9
14,Education,3,East North Central,1,Cold or very cold,158000,2,7,60,,45.7235,45.1
14,Education,7,West South Central,5,Hot or very hot,1500,1,8,55,,41.3427,4468.96
2,Office,9,Pacific,3,Mixed mild,2100,2,2,50,100.0,49.7981,3075.23
18,Lodging,2,Middle Atlantic,7,Withheld for confidentiality,20000,3,8,168,,159.651,502.9
26,Service,2,Middle Atlantic,3,Mixed mild,17500,2,4,168,,100.8597,621.37
14,Education,7,West South Central,5,Hot or very hot,1500,1,7,40,,54.7447,4468.96
14,Education,2,Middle Atlantic,3,Mixed mild,33000,4,2,55,,73.4564,332.94
12,Religious worship,5,South Atlantic,4,Warm,5600,1,6,6,,13.8936,2990.63
2,Office,7,West South Central,4,Warm,10250,3,7,40,100.0,50.2704,1421.48
26,Service,5,South Atlantic,4,Warm,7500,1,8,43,,48.1487,2990.63
26,Service,4,West North Central,2,Cool,24750,1,7,50,,0.8415,6659.94
14,Education,5,South Atlantic,4,Warm,87000,1,8,40,,56.1495,99.38
5,Nonrefrigerated warehouse,9,Pacific,4,Warm,25001,2,7,50,,4.8125,227.11
14,Education,8,Mountain,7,Withheld for confidentiality,68000,2,5,50,,79.4215,244.16
13,Public assembly,5,South Atlantic,5,Hot or very hot,2800,1,7,10,,167.9911,1380.94
2,Office,8,Mountain,2,Cool,50000,3,9,74,100.0,43.6643,603.25
25,Retail other than mall,5,South Atlantic,4,Warm,120000,1,7,107,,80.1916,125.04
2,Office,2,Middle Atlantic,3,Mixed mild,90000,4,5,60,100.0,58.635,14.9
16,Inpatient health care,9,Pacific,7,Withheld for confidentiality,300000,7,5,168,,165.5151,10.17
2,Office,5,South Atlantic,3,Mixed mild,225000,9,6,74,94.0,93.7727,14.9
13,Public assembly,5,South Atlantic,4,Warm,25000,2,2,8,,61.3301,1118.9
2,Office,3,East North Central,3,Mixed mild,1450,2,2,40,100.0,81.2579,3075.23
2,Office,3,East North Central,2,Cool,2200,2,6,35,100.0,58.79,3075.23
8,Outpatient health care,8,Mountain,3,Mixed mild,68000,2,8,65,80.0,113.4653,126.08
14,Education,3,East North Central,2,Cool,77000,2,3,70,,96.1555,100.08
18,Lodging,2,Middle Atlantic,7,Withheld for confidentiality,104000,4,5,168,,77.9495,97.52
14,Education,5,South Atlantic,7,Withheld for confidentiality,8800,1,6,40,,30.2762,4468.96
13,Public assembly,3,East North Central,3,Mixed mild,9900,1,8,50,,122.1717,1531.55
26,Service,6,East South Central,4,Warm,6900,1,5,40,,31.0609,2990.63
14,Education,9,Pacific,7,Withheld for confidentiality,300000,6,3,104,,85.168,6.04
15,Food service,3,East North Central,3,Mixed mild,2500,1,4,54,,455.3432,1195.14
16,Inpatient health care,6,East South Central,7,Withheld for confidentiality,200000,5,7,168,,226.7008,7.59
18,Lodging,9,Pacific,7,Withheld for confidentiality,270000,5,7,168,,219.247,45.1
5,Nonrefrigerated warehouse,2,Middle Atlantic,2,Cool,94000,7,2,85,,9.7802,149.25
5,Nonrefrigerated warehouse,9,Pacific,4,Warm,100000,1,5,50,,4.7156,215.07
2,Office,4,West North Central,1,Cold or very cold,134000,2,3,168,100.0,37.44,125.04
13,Public assembly,5,South Atlantic,5,Hot or very hot,15250,1,3,60,,5.4641,4084.96
14,Education,8,Mountain,7,Withheld for confidentiality,320000,5,8,120,,77.1503,6.77
5,Nonrefrigerated warehouse,6,East South Central,4,Warm,600000,1,8,50,,17.4784,27.17
2,Office,9,Pacific,4,Warm,12250,1,9,50,100.0,48.7038,1531.55
2,Office,2,Middle Atlantic,7,Withheld for confidentiality,1500000,18,2,168,90.0,123.7495,14.9
6,Food sales,9,Pacific,4,Warm,300000,3,5,144,,122.0557,15.06
2,Office,7,West South Central,7,Withheld for confidentiality,1700000,18,6,70,70.0,62.7967,14.9
14,Education,6,East South Central,3,Mixed mild,265000,2,3,40,,71.7486,43.95
5,Nonrefrigerated warehouse,5,South Atlantic,4,Warm,205000,1,8,168,,49.2348,32.47
5,Nonrefrigerated warehouse,5,South Atlantic,4,Warm,28000,1,6,50,,45.4329,224.76
14,Education,3,East North Central,1,Cold or very cold,122000,2,5,108,,49.5533,100.08
2,Office,3,East North Central,3,Mixed mild,410000,7,7,168,90.0,85.2117,8.93
5,Nonrefrigerated warehouse,2,Middle Atlantic,2,Cool,108000,1,6,105,,12.3338,247.57
25,Retail other than mall,7,West South Central,3,Mixed mild,1200,1,6,73,,53.8558,3695.52
17,Nursing,2,Middle Atlantic,3,Mixed mild,71000,3,7,168,,98.3932,297.13
5,Nonrefrigerated warehouse,3,East North Central,2,Cool,84000,3,2,46,,41.2433,555.87
12,Religious worship,5,South Atlantic,4,Warm,7200,2,4,12,,17.7422,1118.9
24,Enclosed mall,5,South Atlantic,7,Withheld for confidentiality,800000,3,4,96,90.0,77.0934,48.85
7,Public order and safety,9,Pacific,4,Warm,24750,2,6,168,,84.4376,495.15
18,Lodging,5,South Atlantic,7,Withheld for confidentiality,500000,18,4,168,,92.1199,8.84
14,Education,7,West South Central,5,Hot or very hot,400000,2,6,60,,49.1886,8.84
5,Nonrefrigerated warehouse,5,South Atlantic,4,Warm,128000,1,6,144,,37.2439,235.71
16,Inpatient health care,9,Pacific,7,Withheld for confidentiality,184000,4,8,168,,248.3115,10.17
5,Nonrefrigerated warehouse,3,East North Central,3,Mixed mild,24000,2,9,12,,33.1847,1829.53
25,Retail other than mall,4,West North Central,3,Mixed mild,25500,1,5,94,,74.01,1030.4
18,Lodging,4,West North Central,2,Cool,82000,2,8,168,,52.1205,721.38
5,Nonrefrigerated warehouse,4,West North Central,2,Cool,140000,2,9,65,,22.3957,63.01
5,Nonrefrigerated warehouse,2,Middle Atlantic,2,Cool,80000,1,6,55,,44.7478,580.91
2,Office,5,South Atlantic,5,Hot or very hot,800000,18,6,168,70.0,58.5446,14.9
23,Strip shopping center,9,Pacific,5,Hot or very hot,9000,1,3,75,100.0,79.5617,2009.74
14,Education,5,South Atlantic,4,Warm,250000,1,7,60,,54.4296,54.84
7,Public order and safety,8,Mountain,3,Mixed mild,5600,1,6,168,,76.4445,4468.96
17,Nursing,9,Pacific,4,Warm,32000,1,6,168,,59.5571,495.15
13,Public assembly,5,South Atlantic,3,Mixed mild,2900,3,2,36,,52.1024,2990.63
15,Food service,9,Pacific,5,Hot or very hot,8000,1,7,84,,213.9472,1531.55
14,Education,2,Middle Atlantic,3,Mixed mild,68000,4,2,50,,87.8872,97.52
14,Education,8,Mountain,5,Hot or very hot,18000,1,5,65,,98.0218,1195.68
16,Inpatient health care,7,West South Central,7,Withheld for confidentiality,600000,8,5,168,,210.5529,8.76
14,Education,7,West South Central,4,Warm,59000,1,8,50,,26.226,330.8
14,Education,7,West South Central,5,Hot or very hot,63000,2,3,45,,58.0717,504.63
26,Service,1,New England,2,Cool,3600,1,9,50,,145.5922,1472.45
2,Office,7,West South Central,4,Warm,1100,1,6,40,100.0,37.3918,2990.63
5,Nonrefrigerated warehouse,9,Pacific,4,Warm,80000,1,7,40,,9.3043,312.77
2,Office,8,Mountain,2,Cool,108000,3,7,45,100.0,94.6597,14.9
13,Public assembly,5,South Atlantic,4,Warm,385000,3,7,112,,138.536,16.58
2,Office,5,South Atlantic,3,Mixed mild,345000,18,5,68,97.0,41.0571,14.9
14,Education,4,West North Central,7,Withheld for confidentiality,30000,1,7,80,,69.6626,504.63
8,Outpatient health care,3,East North Central,2,Cool,148000,4,6,50,100.0,51.0989,52.84
12,Religious worship,8,Mountain,5,Hot or very hot,59000,1,5,85,,22.2558,240.4
5,Nonrefrigerated warehouse,7,West South Central,5,Hot or very hot,32000,1,7,50,,20.6665,14.9
23,Strip shopping center,9,Pacific,4,Warm,150000,1,8,77,97.0,121.7584,175.02
13,Public assembly,5,South Atlantic,4,Warm,16000,2,8,40,,107.4662,1218.58
14,Education,2,Middle Atlantic,7,Withheld for confidentiality,166000,4,4,126,,115.5929,112.58
5,Nonrefrigerated warehouse,5,South Atlantic,4,Warm,130000,1,7,168,,31.0336,66.03
24,Enclosed mall,9,Pacific,7,Withheld for confidentiality,2100000,3,6,72,80.0,11.1209,9.16
5,Nonrefrigerated warehouse,9,Pacific,4,Warm,25000,1,5,40,,3.7434,611.8
13,Public assembly,5,South Atlantic,4,Warm,300000,5,2,40,,73.3911,14.9
23,Strip shopping center,3,East North Central,3,Mixed mild,350000,1,7,168,95.0,191.5705,74.37
14,Education,8,Mountain,2,Cool,140000,1,5,45,,46.7047,217.37
2,Office,7,West South Central,5,Hot or very hot,28000,2,2,40,100.0,31.9032,747.01
18,Lodging,8,Mountain,5,Hot or very hot,30000,2,9,168,,143.7752,423.01
2,Office,5,South Atlantic,7,Withheld for confidentiality,1700000,9,2,60,100.0,34.8643,6.52
2,Office,2,Middle Atlantic,3,Mixed mild,146000,5,5,58,95.0,81.9005,14.9
5,Nonrefrigerated warehouse,7,West South Central,5,Hot or very hot,82000,1,5,40,,19.735,4.35
4,Laboratory,6,East South Central,4,Warm,365000,3,3,168,,343.1245,3.85
2,Office,2,Middle Atlantic,3,Mixed mild,38500,2,7,40,100.0,44.0623,621.37
5,Nonrefrigerated warehouse,7,West South Central,5,Hot or very hot,350000,2,6,55,,3.9992,69.36
2,Office,2,Middle Atlantic,3,Mixed mild,220000,7,6,65,94.0,67.2579,14.9
26,Service,3,East North Central,2,Cool,6000,2,4,60,,91.9525,1531.55
25,Retail other than mall,4,West North Central,1,Cold or very cold,114000,1,7,168,,68.0072,125.04
13,Public assembly,9,Pacific,3,Mixed mild,124000,2,8,168,,168.5907,54.94
25,Retail other than mall,6,East South Central,3,Mixed mild,3000,2,2,70,,25.6897,2747.83
26,Service,7,West South Central,3,Mixed mild,25000,2,7,50,,30.6901,79.99
26,Service,4,West North Central,1,Cold or very cold,16000,1,5,60,,38.7936,621.37
18,Lodging,3,East North Central,2,Cool,90000,4,8,168,,54.2754,100.08
5,Nonrefrigerated warehouse,3,East North Central,1,Cold or very cold,310000,1,7,12,,19.2619,31.68
2,Office,3,East North Central,1,Cold or very cold,400000,5,7,60,100.0,66.5909,15.06
14,Education,4,West North Central,2,Cool,140000,3,3,40,,35.5973,282.98
5,Nonrefrigerated warehouse,8,Mountain,4,Warm,4150,1,7,80,,36.0887,677.49
13,Public assembly,3,East North Central,2,Cool,800000,4,4,168,,180.961,29.27
14,Education,4,West North Central,2,Cool,61000,3,3,40,,63.4635,473.86
18,Lodging,7,West South Central,7,Withheld for confidentiality,455000,18,6,168,,98.543,9.01
5,Nonrefrigerated warehouse,2,Middle Atlantic,3,Mixed mild,30000,1,3,68,,114.783,623.52
13,Public assembly,2,Middle Atlantic,2,Cool,180000,3,3,75,,88.7488,55.7
2,Office,6,East South Central,4,Warm,350000,18,5,60,69.0,101.5201,14.67
14,Education,3,East North Central,2,Cool,8800,1,5,60,,74.5591,12528.53
2,Office,5,South Atlantic,3,Mixed mild,460000,5,4,72,58.0,72.4086,11.75
26,Service,4,West North Central,3,Mixed mild,7000,2,4,40,,95.6696,1218.03
13,Public assembly,8,Mountain,2,Cool,130000,2,8,168,,167.352,117.32
7,Public order and safety,3,East North Central,3,Mixed mild,500001,4,4,168,,147.673,125.57
14,Education,7,West South Central,7,Withheld for confidentiality,57000,3,2,70,,154.5659,329.67
2,Office,6,East South Central,4,Warm,126000,4,8,66,88.0,81.6538,137.69
16,Inpatient health care,7,West South Central,7,Withheld for confidentiality,88000,1,5,168,,163.6858,136.45
26,Service,9,Pacific,4,Warm,3850,1,4,88,,41.106,1829.53
18,Lodging,5,South Atlantic,4,Warm,47500,4,2,168,,49.2528,429.63
18,Lodging,5,South Atlantic,7,Withheld for confidentiality,450000,18,6,168,,98.0887,69.64
13,Public assembly,5,South Atlantic,5,Hot or very hot,500001,2,8,168,,98.8513,10.14
25,Retail other than mall,5,South Atlantic,3,Mixed mild,154000,1,8,126,,75.0675,125.04
26,Service,6,East South Central,4,Warm,5000,1,7,168,,80.4548,376.78
5,Nonrefrigerated warehouse,5,South Atlantic,4,Warm,70000,1,8,168,,13.3018,213.58
26,Service,7,West South Central,5,Hot or very hot,1800,1,7,40,,35.2578,6534.79
18,Lodging,3,East North Central,7,Withheld for confidentiality,395000,12,7,168,,92.3901,8.85
2,Office,5,South Atlantic,5,Hot or very hot,75000,3,6,50,20.0,31.5615,159.83
23,Strip shopping center,8,Mountain,2,Cool,124000,1,9,140,100.0,169.2864,175.02
2,Office,5,South Atlantic,3,Mixed mild,106000,2,2,40,100.0,132.306,117.32
2,Office,5,South Atlantic,3,Mixed mild,168000,5,6,50,95.0,18.9014,14.9
13,Public assembly,2,Middle Atlantic,2,Cool,2600,1,8,2,,33.0223,4084.96
13,Public assembly,5,South Atlantic,4,Warm,255000,4,3,168,,137.6458,5.98
14,Education,5,South Atlantic,4,Warm,70000,1,4,60,,109.7033,99.38
26,Service,7,West South Central,4,Warm,2200,1,5,60,,104.8741,2990.63
2,Office,9,Pacific,4,Warm,28000,3,6,54,67.0,41.1868,655.85
2,Office,5,South Atlantic,3,Mixed mild,700000,5,2,168,100.0,107.7102,6.52
13,Public assembly,7,West South Central,3,Mixed mild,900000,4,2,80,,43.4766,9.21
16,Inpatient health care,6,East South Central,7,Withheld for confidentiality,210000,5,9,168,,129.4887,52.53
18,Lodging,9,Pacific,7,Withheld for confidentiality,235000,12,6,168,,84.7846,9.11
14,Education,4,West North Central,2,Cool,4000,2,5,60,,26.0778,12768.47
12,Religious worship,4,West North Central,2,Cool,4000,2,2,4,,23.4585,1745.76
14,Education,4,West North Central,1,Cold or very cold,225000,3,7,84,,85.2632,44.64
14,Education,4,West North Central,2,Cool,305000,2,7,40,,97.4677,44.64
16,Inpatient health care,3,East North Central,7,Withheld for confidentiality,1800000,9,5,168,,204.4707,9.01
14,Education,6,East South Central,7,Withheld for confidentiality,61000,4,3,80,,94.411,324.59
8,Outpatient health care,3,East North Central,1,Cold or very cold,7600,2,5,66,100.0,72.3999,1265.79
18,Lodging,4,West North Central,7,Withheld for confidentiality,700000,18,7,168,,143.0769,9.01
5,Nonrefrigerated warehouse,2,Middle Atlantic,3,Mixed mild,128000,1,4,140,,58.243,31.35
23,Strip shopping center,3,East North Central,2,Cool,10750,1,8,75,78.0,182.3036,2009.74
14,Education,6,East South Central,7,Withheld for confidentiality,40000,1,5,90,,82.3182,330.8
4,Laboratory,5,South Atlantic,4,Warm,285000,5,3,168,,180.4637,99.04
5,Nonrefrigerated warehouse,3,East North Central,2,Cool,4500,1,5,168,,1.8758,6534.79
5,Nonrefrigerated warehouse,6,East South Central,4,Warm,80000,2,5,48,,23.7501,247.57
2,Office,7,West South Central,5,Hot or very hot,3000,1,8,54,100.0,124.626,2990.63
5,Nonrefrigerated warehouse,6,East South Central,4,Warm,200000,1,7,120,,67.7267,7.59
18,Lodging,9,Pacific,7,Withheld for confidentiality,700000,9,3,168,,58.9281,51.34
5,Nonrefrigerated warehouse,9,Pacific,3,Mixed mild,600000,2,4,76,,14.6561,15.06
13,Public assembly,3,East North Central,2,Cool,6200,2,2,59,,63.1929,2747.83
26,Service,4,West North Central,2,Cool,9600,1,9,50,,14.3799,1632.49
16,Inpatient health care,5,South Atlantic,7,Withheld for confidentiality,415000,7,4,168,,283.0474,17.12
4,Laboratory,9,Pacific,4,Warm,44500,3,8,168,,184.8884,15.06
13,Public assembly,7,West South Central,5,Hot or very hot,10000,2,2,20,,71.7366,3257.88
15,Food service,7,West South Central,5,Hot or very hot,1300,1,5,25,,197.1469,1218.03
2,Office,8,Mountain,2,Cool,390000,2,2,60,50.0,65.9673,7.84
14,Education,8,Mountain,7,Withheld for confidentiality,700000,5,4,126,,50.4146,8.57
14,Education,2,Middle Atlantic,3,Mixed mild,102000,2,4,40,,93.6738,99.38
2,Office,9,Pacific,3,Mixed mild,700000,18,6,60,99.0,72.5246,15.06
7,Public order and safety,1,New England,7,Withheld for confidentiality,192000,6,7,50,,49.7078,60.64
5,Nonrefrigerated warehouse,8,Mountain,2,Cool,14000,1,4,70,,39.3346,1489.41
7,Public order and safety,3,East North Central,1,Cold or very cold,11500,1,8,15,,42.2137,1399.59
5,Nonrefrigerated warehouse,6,East South Central,4,Warm,10500,1,3,50,,22.5848,1413.09
4,Laboratory,6,East South Central,4,Warm,162000,1,4,10,,21.903,57.51
13,Public assembly,7,West South Central,3,Mixed mild,7000,2,2,24,,5.0983,2934.43
14,Education,2,Middle Atlantic,2,Cool,500001,5,5,60,,80.5058,8.84
13,Public assembly,9,Pacific,3,Mixed mild,5200,2,2,78,,42.9419,9.11
6,Food sales,3,East North Central,2,Cool,2000,1,5,168,,142.257,3075.23
18,Lodging,3,East North Central,2,Cool,166000,18,2,168,,89.5695,5.66
2,Office,9,Pacific,1,Cold or very cold,16750,2,8,40,100.0,78.7116,593.96
13,Public assembly,1,New England,2,Cool,2600,1,5,40,,134.3046,1745.76
2,Office,9,Pacific,4,Warm,9600,2,7,60,100.0,35.4935,1829.53
14,Education,3,East North Central,3,Mixed mild,68000,1,7,40,,46.5041,290.39
14,Education,9,Pacific,4,Warm,52000,1,6,40,,37.2483,290.39
2,Office,9,Pacific,4,Warm,1550,1,4,45,50.0,51.3626,3075.23
13,Public assembly,3,East North Central,1,Cold or very cold,104000,3,5,60,,157.2121,60.05
15,Food service,5,South Atlantic,3,Mixed mild,1800,3,2,80,,486.2883,1195.14
13,Public assembly,1,New England,2,Cool,2750,2,2,40,,8.7095,1472.45
13,Public assembly,1,New England,2,Cool,2600,1,2,10,,73.9008,2934.43
14,Education,7,West South Central,7,Withheld for confidentiality,270000,8,4,168,,73.3361,12.61
25,Retail other than mall,5,South Atlantic,4,Warm,205000,1,8,168,,105.0315,14.9
15,Food service,7,West South Central,5,Hot or very hot,8000,1,9,87,,59.7865,1218.03
26,Service,4,West North Central,3,Mixed mild,12750,2,2,45,,101.9853,2990.63
25,Retail other than mall,3,East North Central,1,Cold or very cold,25000,3,2,70,,19.5671,227.11
14,Education,7,West South Central,5,Hot or very hot,455000,2,7,73,,56.4604,44.79
2,Office,3,East North Central,1,Cold or very cold,12000,1,7,45,100.0,104.636,1531.55
26,Service,7,West South Central,5,Hot or very hot,10000,1,4,72,,16.2052,1790.56
14,Education,9,Pacific,7,Withheld for confidentiality,5001,1,3,55,,75.8514,4384.99
26,Service,9,Pacific,4,Warm,3000,1,7,45,,58.9473,6921.06
15,Food service,1,New England,1,Cold or very cold,1850,2,4,100,,290.1173,1195.14
18,Lodging,1,New England,7,Withheld for confidentiality,56000,2,6,168,,117.8078,97.52
18,Lodging,2,Middle Atlantic,7,Withheld for confidentiality,132000,4,8,168,,62.4391,97.52
26,Service,4,West North Central,2,Cool,11000,1,8,10,,12.0218,8544.65
5,Nonrefrigerated warehouse,6,East South Central,3,Mixed mild,8100,1,8,50,,49.3967,2990.63
5,Nonrefrigerated warehouse,5,South Atlantic,4,Warm,2000,1,3,0,,25.8235,2990.63
25,Retail other than mall,2,Middle Atlantic,2,Cool,205000,1,7,168,,120.7546,19.13
4,Laboratory,9,Pacific,4,Warm,196000,2,6,60,,176.5922,15.06
2,Office,8,Mountain,2,Cool,2100,1,8,45,100.0,24.6557,2800.45
23,Strip shopping center,5,South Atlantic,5,Hot or very hot,146000,1,6,55,81.0,70.5073,175.02
12,Religious worship,2,Middle Atlantic,2,Cool,38000,4,4,35,,61.6082,621.37
16,Inpatient health care,5,South Atlantic,7,Withheld for confidentiality,700000,6,4,168,,328.9263,10.07
2,Office,5,South Atlantic,4,Warm,36500,1,8,50,100.0,58.8422,591.56
91,Other,1,New England,2,Cool,50000,1,4,85,,200.4783,134.42
14,Education,7,West South Central,5,Hot or very hot,68000,1,6,40,,28.0931,99.04
15,Food service,3,East North Central,2,Cool,10000,3,2,25,,152.5053,677.21
14,Education,7,West South Central,5,Hot or very hot,114000,1,8,55,,27.2178,99.38
91,Other,8,Mountain,4,Warm,10000,1,6,60,,40.5077,30.86
12,Religious worship,7,West South Central,5,Hot or very hot,25000,1,7,21,,34.6353,621.37
2,Office,4,West North Central,1,Cold or very cold,140000,2,7,45,100.0,50.618,357.27
25,Retail other than mall,7,West South Central,5,Hot or very hot,290000,3,6,48,,23.5809,8.76
2,Office,2,Middle Atlantic,3,Mixed mild,13000,1,7,168,100.0,140.6775,502.9
2,Office,9,Pacific,4,Warm,30000,1,4,50,100.0,147.9424,611.8
2,Office,1,New England,1,Cold or very cold,12250,2,2,40,25.0,11.3169,2934.43
6,Food sales,5,South Atlantic,4,Warm,1900,1,6,72,,77.8616,3320.27
5,Nonrefrigerated warehouse,9,Pacific,4,Warm,8500,2,7,84,,9.1042,3554.88
23,Strip shopping center,9,Pacific,3,Mixed mild,23250,1,7,80,88.0,119.6811,406.08
15,Food service,9,Pacific,3,Mixed mild,3200,1,9,63,,219.305,9.16
16,Inpatient health care,3,East North Central,7,Withheld for confidentiality,250000,8,8,168,,158.4298,8.44
2,Office,7,West South Central,5,Hot or very hot,3900,2,3,50,100.0,32.5587,1784.4
26,Service,5,South Atlantic,3,Mixed mild,35000,2,2,60,,18.0141,66.03
14,Education,5,South Atlantic,5,Hot or very hot,280000,3,6,70,,50.716,8.84
14,Education,8,Mountain,7,Withheld for confidentiality,255000,2,4,108,,62.0609,8.6
12,Religious worship,5,South Atlantic,5,Hot or very hot,34500,1,3,12,,6.3379,1489.41
2,Office,3,East North Central,3,Mixed mild,435000,12,5,60,100.0,117.3976,3.85
16,Inpatient health care,9,Pacific,7,Withheld for confidentiality,500001,5,7,168,,198.4945,3.95
2,Office,2,Middle Atlantic,2,Cool,1400,2,6,40,20.0,176.1136,2934.43
18,Lodging,5,South Atlantic,4,Warm,18000,2,7,168,,65.9074,1218.58
15,Food service,9,Pacific,4,Warm,5200,1,2,70,,413.8762,1265.79
14,Education,2,Middle Atlantic,1,Cold or very cold,85000,1,4,50,,76.9219,288.37
13,Public assembly,2,Middle Atlantic,2,Cool,50000,3,5,98,,145.1936,623.52
15,Food service,8,Mountain,2,Cool,3500,1,7,98,,350.9351,1218.03
18,Lodging,6,East South Central,7,Withheld for confidentiality,205000,12,6,168,,90.1728,14.67
2,Office,9,Pacific,4,Warm,600000,18,6,66,92.0,27.7615,15.06
18,Lodging,7,West South Central,5,Hot or very hot,300000,6,8,168,,52.7341,5.89
15,Food service,7,West South Central,5,Hot or very hot,1500,1,4,70,,270.678,1218.03
14,Education,2,Middle Atlantic,2,Cool,220000,3,2,60,,75.1632,44.64
23,Strip shopping center,7,West South Central,4,Warm,13250,1,5,52,100.0,81.8595,2009.74
15,Food service,7,West South Central,5,Hot or very hot,88000,2,5,12,,154.1182,245.01
5,Nonrefrigerated warehouse,9,Pacific,4,Warm,23750,1,4,40,,31.6712,1531.55
8,Outpatient health care,9,Pacific,3,Mixed mild,500000,4,8,112,100.0,132.3805,15.06
14,Education,1,New England,2,Cool,250000,2,9,90,,29.7275,8.74
17,Nursing,2,Middle Atlantic,1,Cold or very cold,230000,4,9,168,,141.374,9.96
25,Retail other than mall,7,West South Central,5,Hot or very hot,196000,1,6,168,,82.3733,14.9
14,Education,2,Middle Atlantic,3,Mixed mild,98000,6,2,70,,112.3181,97.52
2,Office,4,West North Central,3,Mixed mild,41500,2,6,40,50.0,71.9844,747.01
2,Office,5,South Atlantic,3,Mixed mild,61000,7,4,76,94.0,48.2038,267.28
91,Other,6,East South Central,4,Warm,20000,1,8,50,,23.4548,690.18
16,Inpatient health care,9,Pacific,7,Withheld for confidentiality,800000,6,5,168,,184.257,9.01
13,Public assembly,5,South Atlantic,4,Warm,42000,2,9,102,,165.1971,224.76
14,Education,8,Mountain,2,Cool,210000,2,3,60,,48.1401,8.84
13,Public assembly,7,West South Central,4,Warm,60000,2,6,74,,73.577,8.84
14,Education,3,East North Central,1,Cold or very cold,205000,3,8,60,,35.1048,45.53
18,Lodging,4,West North Central,7,Withheld for confidentiality,174000,3,6,168,,20.1502,330.8
14,Education,5,South Atlantic,3,Mixed mild,130000,1,3,60,,99.5656,99.38
13,Public assembly,7,West South Central,5,Hot or very hot,50000,2,8,60,,3.8914,245.01
12,Religious worship,7,West South Central,4,Warm,30000,1,8,48,,26.0017,244.16
8,Outpatient health care,6,East South Central,4,Warm,2100,1,6,40,100.0,96.5205,2800.45
2,Office,9,Pacific,2,Cool,69000,6,9,55,90.0,52.083,460.22
26,Service,3,East North Central,2,Cool,5000,2,2,58,,66.528,1531.55
5,Nonrefrigerated warehouse,8,Mountain,5,Hot or very hot,800000,4,7,20,,41.287,14.67
2,Office,4,West North Central,3,Mixed mild,60000,3,8,66,70.0,52.9346,14.9
25,Retail other than mall,4,West North Central,1,Cold or very cold,41000,1,5,80,,64.6673,623.52
2,Office,5,South Atlantic,4,Warm,14000,1,6,50,100.0,29.6542,1413.09
18,Lodging,7,West South Central,7,Withheld for confidentiality,255000,12,4,168,,37.1747,9.01
2,Office,2,Middle Atlantic,3,Mixed mild,250000,5,6,50,95.0,31.6889,117.32
2,Office,5,South Atlantic,4,Warm,1450,1,8,50,100.0,148.5876,2990.63
5,Nonrefrigerated warehouse,3,East North Central,2,Cool,166000,3,9,85,,58.3013,49.37
14,Education,3,East North Central,2,Cool,480000,3,8,18,,53.9207,9.11
14,Education,2,Middle Atlantic,2,Cool,210000,3,3,100,,81.5511,9.96
7,Public order and safety,8,Mountain,4,Warm,400000,1,7,168,,122.6935,76.01
15,Food service,7,West South Central,4,Warm,3200,1,8,60,,152.0012,1218.03
5,Nonrefrigerated warehouse,9,Pacific,4,Warm,24000,1,7,40,,30.6594,3343.72
2,Office,9,Pacific,4,Warm,5600,1,6,120,100.0,48.3329,3075.23
26,Service,3,East North Central,2,Cool,3000,1,5,40,,39.8503,3709.28
2,Office,9,Pacific,5,Hot or very hot,210000,18,5,60,95.0,36.5131,15.06
14,Education,3,East North Central,1,Cold or very cold,300000,4,2,60,,32.0538,10.55
2,Office,5,South Atlantic,3,Mixed mild,800000,18,7,64,64.0,45.9522,14.9
14,Education,5,South Atlantic,5,Hot or very hot,91000,1,5,100,,59.8093,298.16
13,Public assembly,8,Mountain,1,Cold or very cold,12000,4,2,52,,62.0422,593.96
26,Service,4,West North Central,2,Cool,5100,1,2,67,,53.78,2990.63
14,Education,3,East North Central,3,Mixed mild,59000,1,4,40,,59.5444,282.95
18,Lodging,5,South Atlantic,3,Mixed mild,106000,12,8,168,,88.8927,5.52
2,Office,3,East North Central,2,Cool,51000,3,8,50,100.0,143.3212,8.85
2,Office,4,West North Central,1,Cold or very cold,9900,1,6,43,100.0,62.3597,2990.63
23,Strip shopping center,9,Pacific,4,Warm,220000,1,8,105,91.0,118.8379,175.02
12,Religious worship,3,East North Central,2,Cool,13500,3,3,8,,35.4641,1101.66
17,Nursing,3,East North Central,2,Cool,150000,9,4,168,,176.332,100.08
13,Public assembly,2,Middle Atlantic,3,Mixed mild,385000,4,8,140,,107.7467,31.35
13,Public assembly,6,East South Central,4,Warm,14000,1,8,168,,166.3744,1413.09
5,Nonrefrigerated warehouse,7,West South Central,4,Warm,75000,1,5,70,,13.5069,245.01
23,Strip shopping center,5,South Atlantic,5,Hot or very hot,33000,1,9,56,94.0,145.4513,10.71
5,Nonrefrigerated warehouse,5,South Atlantic,3,Mixed mild,35000,2,6,60,,18.746,470.02
2,Office,2,Middle Atlantic,3,Mixed mild,3750,2,4,40,100.0,46.8216,797.99
2,Office,5,South Atlantic,4,Warm,60000,1,7,90,100.0,73.4157,213.58
14,Education,2,Middle Atlantic,2,Cool,310000,2,8,75,,62.8269,8.84
24,Enclosed mall,9,Pacific,7,Withheld for confidentiality,455000,3,6,84,98.0,94.7865,14.96
8,Outpatient health care,9,Pacific,4,Warm,28000,2,3,72,100.0,146.9589,497.31
15,Food service,8,Mountain,1,Cold or very cold,16000,2,8,84,,232.1249,1445.98
13,Public assembly,5,South Atlantic,4,Warm,450000,1,8,96,,119.4737,52.07
13,Public assembly,7,West South Central,5,Hot or very hot,495000,6,5,168,,89.3711,8.44
2,Office,3,East North Central,2,Cool,40000,1,3,66,100.0,62.8591,611.8
26,Service,7,West South Central,4,Warm,1300,1,6,65,,96.2208,2934.43
2,Office,5,South Atlantic,3,Mixed mild,500001,12,8,56,60.0,27.8845,14.9
5,Nonrefrigerated warehouse,6,East South Central,3,Mixed mild,255000,1,3,50,,31.3485,17.77
23,Strip shopping center,3,East North Central,2,Cool,92000,2,8,136,98.0,208.5964,204.11
16,Inpatient health care,7,West South Central,7,Withheld for confidentiality,70000,1,3,168,,80.8352,126.51
5,Nonrefrigerated warehouse,2,Middle Atlantic,3,Mixed mild,7500,1,2,0,,4.7867,1779.2
15,Food service,4,West North Central,3,Mixed mild,2400,1,7,30,,264.2942,14.9
23,Strip shopping center,3,East North Central,2,Cool,27000,1,6,42,78.0,160.822,841.34
8,Outpatient health care,6,East South Central,4,Warm,5500,1,5,40,100.0,60.6358,2990.63
25,Retail other than mall,2,Middle Atlantic,3,Mixed mild,3000,1,4,48,,22.444,2990.63
14,Education,7,West South Central,5,Hot or very hot,170000,2,9,60,,51.6619,67.85
2,Office,5,South Atlantic,3,Mixed mild,188000,8,7,65,95.0,61.5752,137.69
14,Education,6,East South Central,4,Warm,84000,2,4,40,,56.1549,97.52
5,Nonrefrigerated warehouse,3,East North Central,3,Mixed mild,30000,1,7,63,,25.5444,215.07
2,Office,5,South Atlantic,4,Warm,100000,1,7,40,70.0,43.776,213.58
18,Lodging,9,Pacific,7,Withheld for confidentiality,22750,4,6,168,,27.5451,426.97
14,Education,1,New England,2,Cool,225000,3,7,100,,68.5648,126.07
8,Outpatient health care,5,South Atlantic,4,Warm,6400,1,8,48,100.0,175.4469,1218.03
12,Religious worship,2,Middle Atlantic,2,Cool,8000,2,4,168,,44.9849,2990.63
13,Public assembly,7,West South Central,3,Mixed mild,12000,2,6,70,,21.1216,1413.09
25,Retail other than mall,9,Pacific,4,Warm,205000,1,9,168,,78.7833,56.41
5,Nonrefrigerated warehouse,3,East North Central,2,Cool,176000,1,6,120,,75.7959,15.06
2,Office,8,Mountain,2,Cool,250000,4,8,60,100.0,72.0695,14.9
2,Office,2,Middle Atlantic,3,Mixed mild,158000,4,5,55,92.0,69.9589,14.9
26,Service,1,New England,1,Cold or very cold,38000,1,7,64,,18.7265,670.57
23,Strip shopping center,3,East North Central,1,Cold or very cold,97000,1,6,60,100.0,91.5539,395.28
91,Other,4,West North Central,1,Cold or very cold,285000,3,6,168,,345.5657,14.9
25,Retail other than mall,5,South Atlantic,4,Warm,26000,1,9,83,,60.4867,591.56
25,Retail other than mall,9,Pacific,4,Warm,3500,1,8,68,,9.8966,3075.23
17,Nursing,7,West South Central,4,Warm,40000,1,7,168,,108.7615,504.63
12,Religious worship,5,South Atlantic,4,Warm,100000,2,5,50,,32.3475,117.32
5,Nonrefrigerated warehouse,9,Pacific,4,Warm,265000,1,7,17,,6.4445,32.81
8,Outpatient health care,9,Pacific,4,Warm,52000,1,4,10,100.0,94.606,290.39
18,Lodging,8,Mountain,3,Mixed mild,160000,3,6,168,,75.4436,8.84
17,Nursing,4,West North Central,1,Cold or very cold,126000,4,8,168,,75.824,8.84
14,Education,3,East North Central,1,Cold or very cold,190000,1,7,84,,56.4744,97.52
16,Inpatient health care,6,East South Central,7,Withheld for confidentiality,285000,6,4,168,,307.544,14.87
18,Lodging,8,Mountain,7,Withheld for confidentiality,30000,3,7,168,,81.0756,1195.68
5,Nonrefrigerated warehouse,5,South Atlantic,3,Mixed mild,350000,2,3,40,,25.0856,66.03
18,Lodging,2,Middle Atlantic,7,Withheld for confidentiality,98000,5,8,168,,63.6456,332.94
2,Office,2,Middle Atlantic,3,Mixed mild,20500,2,7,63,68.0,41.7705,1489.41
13,Public assembly,5,South Atlantic,4,Warm,128000,2,2,168,,220.0669,90.79
12,Religious worship,7,West South Central,3,Mixed mild,3200,1,7,26,,36.7062,1426.39
2,Office,9,Pacific,4,Warm,2500,1,7,50,50.0,16.8744,3075.23
5,Nonrefrigerated warehouse,4,West North Central,1,Cold or very cold,30000,1,6,60,,154.7739,621.37
18,Lodging,6,East South Central,7,Withheld for confidentiality,122000,5,8,168,,67.273,12.93
16,Inpatient health care,2,Middle Atlantic,7,Withheld for confidentiality,345000,7,5,168,,201.2902,11.7
13,Public assembly,9,Pacific,3,Mixed mild,2400,1,3,1,,13.7921,3075.23
13,Public assembly,9,Pacific,4,Warm,7700,1,4,9,,84.2471,3825.74
4,Laboratory,5,South Atlantic,3,Mixed mild,410000,12,6,168,,240.9368,8.84
4,Laboratory,5,South Atlantic,4,Warm,186000,6,4,168,,170.1932,15.29
6,Food sales,2,Middle Atlantic,3,Mixed mild,54000,1,9,168,,337.9161,213.58
16,Inpatient health care,9,Pacific,7,Withheld for confidentiality,2100000,12,5,168,,186.4686,9.01
12,Religious worship,7,West South Central,4,Warm,1100,1,8,5,,18.4845,2990.63
2,Office,2,Middle Atlantic,3,Mixed mild,320000,6,6,168,100.0,74.2378,14.9
8,Outpatient health care,3,East North Central,2,Cool,178000,6,7,91,100.0,106.3627,52.84
4,Laboratory,2,Middle Atlantic,3,Mixed mild,355000,9,8,168,,282.902,6.63
2,Office,5,South Atlantic,5,Hot or very hot,6500,1,8,40,90.0,43.6545,1214.38
2,Office,3,East North Central,2,Cool,275000,8,8,60,100.0,59.4349,8.93
15,Food service,8,Mountain,1,Cold or very cold,8000,3,2,72,,107.0452,1029.87
13,Public assembly,9,Pacific,5,Hot or very hot,4500,1,6,20,,7.3324,677.49
16,Inpatient health care,8,Mountain,7,Withheld for confidentiality,92000,1,7,168,,268.8255,146.85
13,Public assembly,3,East North Central,2,Cool,200001,6,2,168,,180.0882,8.85
5,Nonrefrigerated warehouse,8,Mountain,3,Mixed mild,350000,1,8,40,,45.9422,69.6
18,Lodging,8,Mountain,2,Cool,250000,12,6,168,,37.3217,50.03
2,Office,5,South Atlantic,4,Warm,4000,1,5,35,100.0,51.155,2990.63
15,Food service,6,East South Central,4,Warm,7200,2,2,70,,221.715,1218.03
25,Retail other than mall,3,East North Central,3,Mixed mild,35000,2,5,71,,124.1546,227.11
15,Food service,8,Mountain,5,Hot or very hot,5000,1,2,81,,211.0488,1195.14
5,Nonrefrigerated warehouse,3,East North Central,2,Cool,60000,1,7,40,,55.4247,614.49
91,Other,2,Middle Atlantic,2,Cool,46000,2,4,128,,139.1268,1030.4
8,Outpatient health care,5,South Atlantic,4,Warm,360000,3,9,60,100.0,110.944,9.24
25,Retail other than mall,2,Middle Atlantic,3,Mixed mild,20000,1,3,46,,33.6919,1489.41
23,Strip shopping center,5,South Atlantic,4,Warm,106000,1,6,75,69.0,71.1254,175.02
2,Office,3,East North Central,2,Cool,2500,1,8,168,100.0,116.8,3075.23
18,Lodging,4,West North Central,7,Withheld for confidentiality,196000,7,6,168,,108.7364,50.03
2,Office,3,East North Central,1,Cold or very cold,380000,3,6,70,75.0,58.9532,15.06
26,Service,3,East North Central,2,Cool,11000,1,6,40,,63.3072,1531.55
5,Nonrefrigerated warehouse,4,West North Central,1,Cold or very cold,10000,2,6,10,,39.0261,1489.41
2,Office,5,South Atlantic,3,Mixed mild,1100,1,5,32,75.0,50.1773,2990.63
17,Nursing,9,Pacific,4,Warm,12000,1,4,168,,208.2298,1399.59
14,Education,8,Mountain,4,Warm,69000,1,3,60,,22.9409,376.78
25,Retail other than mall,3,East North Central,2,Cool,104000,1,8,126,,122.3655,95.94
16,Inpatient health care,2,Middle Atlantic,7,Withheld for confidentiality,230000,5,3,168,,211.6586,9.91
25,Retail other than mall,6,East South Central,4,Warm,225000,1,8,168,,91.3644,14.67
5,Nonrefrigerated warehouse,3,East North Central,2,Cool,340000,3,2,50,,28.1594,58.79
14,Education,3,East North Central,2,Cool,255000,4,2,80,,104.0511,45.1
18,Lodging,7,West South Central,7,Withheld for confidentiality,82000,3,8,168,,83.3588,97.52
15,Food service,8,Mountain,2,Cool,3600,1,9,80,,468.6556,691.38
25,Retail other than mall,2,Middle Atlantic,3,Mixed mild,6000,1,3,46,,24.1792,2990.63
18,Lodging,6,East South Central,7,Withheld for confidentiality,162000,5,5,168,,71.1773,8.7
13,Public assembly,5,South Atlantic,4,Warm,40000,3,8,88,,97.7172,470.02
11,Refrigerated warehouse,7,West South Central,4,Warm,126000,2,7,144,,184.3109,31.35
12,Religious worship,6,East South Central,3,Mixed mild,3600,2,2,7,,10.5317,1472.45
2,Office,6,East South Central,4,Warm,3500,1,4,70,100.0,178.4557,1218.03
2,Office,2,Middle Atlantic,2,Cool,124000,3,8,60,100.0,61.9284,117.32
5,Nonrefrigerated warehouse,6,East South Central,3,Mixed mild,200000,1,6,50,,2.9541,27.17
2,Office,7,West South Central,4,Warm,1150,1,3,50,100.0,92.8704,2990.63
25,Retail other than mall,5,South Atlantic,3,Mixed mild,122000,2,8,168,,101.8459,213.58
26,Service,2,Middle Atlantic,3,Mixed mild,1600,2,8,60,,151.835,2934.43
4,Laboratory,2,Middle Atlantic,3,Mixed mild,126000,8,2,168,,148.7198,5.98
13,Public assembly,1,New England,1,Cold or very cold,10000,1,7,80,,190.0199,1195.68
5,Nonrefrigerated warehouse,3,East North Central,2,Cool,4500,1,8,168,,4.9904,3195.83
14,Education,2,Middle Atlantic,2,Cool,220000,3,4,100,,154.1,8.84
13,Public assembly,2,Middle Atlantic,3,Mixed mild,10000,3,2,35,,135.1307,1118.9
18,Lodging,4,West North Central,1,Cold or very cold,310000,4,7,168,,65.9993,8.84
14,Education,2,Middle Atlantic,7,Withheld for confidentiality,600000,12,5,88,,84.0465,6.63
14,Education,9,Pacific,2,Cool,96000,2,8,40,,50.5504,63.31
7,Public order and safety,7,West South Central,7,Withheld for confidentiality,800000,18,7,45,,35.5183,6.63
2,Office,5,South Atlantic,3,Mixed mild,70000,9,6,100,70.0,80.8409,246.59
18,Lodging,5,South Atlantic,7,Withheld for confidentiality,174000,18,8,168,,73.737,51.1
23,Strip shopping center,7,West South Central,4,Warm,150000,2,4,59,61.0,82.9243,175.02
5,Nonrefrigerated warehouse,9,Pacific,3,Mixed mild,245000,2,5,55,,14.8708,249.3
17,Nursing,5,South Atlantic,4,Warm,142000,3,9,168,,119.3255,99.04
2,Office,7,West South Central,4,Warm,54000,3,5,108,80.0,81.107,1413.09
23,Strip shopping center,3,East North Central,1,Cold or very cold,225000,3,8,46,100.0,116.7731,117.7
17,Nursing,4,West North Central,1,Cold or very cold,120000,4,7,168,,142.5405,50.03
4,Laboratory,3,East North Central,2,Cool,215000,7,8,168,,281.6682,12.76
2,Office,5,South Atlantic,5,Hot or very hot,270000,12,8,60,95.0,31.1548,14.9
14,Education,3,East North Central,7,Withheld for confidentiality,285000,12,7,88,,60.4416,9.11
25,Retail other than mall,8,Mountain,4,Warm,2400,1,9,100,,38.1017,2528.63
25,Retail other than mall,4,West North Central,1,Cold or very cold,10000,1,5,39,,57.3553,1489.41
7,Public order and safety,3,East North Central,2,Cool,3000,1,6,168,,78.8307,678.39
5,Nonrefrigerated warehouse,9,Pacific,2,Cool,13250,2,5,40,,46.3654,1531.55
23,Strip shopping center,3,East North Central,2,Cool,31000,1,8,55,84.0,151.6464,841.34
25,Retail other than mall,4,West North Central,1,Cold or very cold,3200,1,5,60,,26.9656,2990.63
8,Outpatient health care,5,South Atlantic,3,Mixed mild,12000,1,7,50,100.0,51.3304,690.18
2,Office,9,Pacific,4,Warm,490000,8,6,55,96.0,31.9958,15.06
14,Education,9,Pacific,7,Withheld for confidentiality,210000,2,8,45,,24.0066,48.31
15,Food service,6,East South Central,4,Warm,2500,1,7,168,,727.2988,1218.03
26,Service,2,Middle Atlantic,2,Cool,11000,1,4,60,,42.8716,3420.76
2,Office,2,Middle Atlantic,2,Cool,3500,3,2,40,100.0,80.2049,1195.14
2,Office,2,Middle Atlantic,3,Mixed mild,3750,2,7,45,100.0,49.3035,3780.32
23,Strip shopping center,5,South Atlantic,5,Hot or very hot,3800,1,9,105,100.0,149.0818,1930.83
2,Office,2,Middle Atlantic,7,Withheld for confidentiality,1500000,18,4,65,90.0,77.2202,14.9
14,Education,1,New England,2,Cool,83000,3,3,40,,59.2861,97.52
18,Lodging,9,Pacific,7,Withheld for confidentiality,500000,18,6,168,,52.326,51.34
16,Inpatient health care,8,Mountain,7,Withheld for confidentiality,600000,4,6,168,,117.9231,9.91
13,Public assembly,9,Pacific,4,Warm,89000,4,9,95,,56.5526,141.31
15,Food service,5,South Atlantic,4,Warm,5000,1,8,117,,175.542,1218.03
14,Education,3,East North Central,7,Withheld for confidentiality,104000,3,4,84,,100.611,298.79
14,Education,2,Middle Atlantic,3,Mixed mild,172000,4,8,65,,95.3268,44.64
14,Education,2,Middle Atlantic,3,Mixed mild,75000,3,2,55,,80.2007,99.04
14,Education,5,South Atlantic,7,Withheld for confidentiality,52000,1,4,60,,43.5048,467.07
2,Office,3,East North Central,2,Cool,600000,12,6,72,74.0,37.3388,15.06
16,Inpatient health care,9,Pacific,7,Withheld for confidentiality,2100000,12,8,168,,65.7966,6.68
14,Education,4,West North Central,1,Cold or very cold,110000,2,8,65,,28.0912,172.9
2,Office,9,Pacific,4,Warm,60000,3,8,168,90.0,75.485,312.77
18,Lodging,9,Pacific,4,Warm,23000,2,6,168,,51.435,495.15
17,Nursing,5,South Atlantic,3,Mixed mild,152000,5,4,168,,70.441,97.52
25,Retail other than mall,4,West North Central,2,Cool,4050,1,8,60,,158.8862,2990.63
12,Religious worship,7,West South Central,4,Warm,20000,2,8,40,,40.7774,1413.09
13,Public assembly,6,East South Central,4,Warm,184000,1,5,84,,117.5747,14.67
13,Public assembly,3,East North Central,2,Cool,3800,1,5,54,,84.435,1531.55
26,Service,2,Middle Atlantic,1,Cold or very cold,4750,1,9,55,,77.5836,2990.63
2,Office,1,New England,2,Cool,320000,4,5,40,100.0,187.0417,14.73
2,Office,5,South Atlantic,4,Warm,3200,2,6,47,100.0,29.8162,1413.09
2,Office,4,West North Central,3,Mixed mild,36500,5,2,50,75.0,45.0181,580.45
2,Office,7,West South Central,5,Hot or very hot,500001,18,5,45,65.0,38.4063,14.9
13,Public assembly,5,South Atlantic,4,Warm,176000,2,8,75,,60.3931,125.04
2,Office,7,West South Central,5,Hot or very hot,82000,6,6,70,80.0,75.2011,14.9
15,Food service,2,Middle Atlantic,2,Cool,2250,2,2,55,,157.7084,1218.03
2,Office,9,Pacific,5,Hot or very hot,3450,1,5,35,100.0,63.6522,3075.23
26,Service,9,Pacific,3,Mixed mild,500001,3,5,168,,100.9974,15.06
2,Office,6,East South Central,3,Mixed mild,22000,4,6,54,100.0,176.325,1601.81
14,Education,5,South Atlantic,4,Warm,35500,1,7,68,,66.7774,431.11
13,Public assembly,3,East North Central,2,Cool,3600,2,5,4,,27.8469,1472.45
5,Nonrefrigerated warehouse,7,West South Central,4,Warm,700000,1,9,168,,71.8591,30.86
2,Office,7,West South Central,5,Hot or very hot,9500,1,5,45,100.0,29.5172,2990.63
26,Service,8,Mountain,2,Cool,17000,1,5,48,,105.1494,3420.76
17,Nursing,5,South Atlantic,4,Warm,53000,1,4,168,,110.8015,460.21
5,Nonrefrigerated warehouse,2,Middle Atlantic,3,Mixed mild,72000,1,5,50,,35.7115,247.57
11,Refrigerated warehouse,9,Pacific,4,Warm,245000,2,5,45,,81.7838,70.08
14,Education,8,Mountain,2,Cool,116000,2,5,55,,86.6053,99.38
5,Nonrefrigerated warehouse,9,Pacific,3,Mixed mild,2400,1,5,53,,18.6979,6921.06
26,Service,5,South Atlantic,4,Warm,3000,1,8,54,,49.4233,2990.63
2,Office,2,Middle Atlantic,3,Mixed mild,106000,4,6,60,96.0,89.817,97.44
12,Religious worship,1,New England,2,Cool,2700,1,2,6,,83.4774,2934.43
5,Nonrefrigerated warehouse,2,Middle Atlantic,3,Mixed mild,1000000,1,7,168,,29.9243,14.9
2,Office,9,Pacific,4,Warm,9700,1,8,60,100.0,38.6706,1486.89
14,Education,5,South Atlantic,4,Warm,150000,1,3,60,,35.679,288.37
18,Lodging,9,Pacific,4,Warm,102000,5,5,168,,76.8608,51.34
25,Retail other than mall,3,East North Central,2,Cool,64000,2,6,47,,37.484,215.07
2,Office,3,East North Central,2,Cool,61000,3,6,75,80.0,58.5206,1748.0
5,Nonrefrigerated warehouse,4,West North Central,1,Cold or very cold,176000,2,9,90,,48.3153,66.03
2,Office,4,West North Central,3,Mixed mild,1150,1,2,45,100.0,27.6704,2990.63
26,Service,9,Pacific,4,Warm,1200,1,4,70,,113.145,3872.84
5,Nonrefrigerated warehouse,9,Pacific,4,Warm,166000,2,4,68,,4.2373,70.08
2,Office,9,Pacific,4,Warm,110000,6,7,65,100.0,92.4068,227.11
14,Education,5,South Atlantic,3,Mixed mild,140000,2,4,60,,69.3172,99.38
25,Retail other than mall,3,East North Central,2,Cool,13500,1,4,62,,87.1644,1531.55
2,Office,9,Pacific,4,Warm,700000,18,6,54,93.0,26.3962,15.06
15,Food service,9,Pacific,2,Cool,3500,1,8,84,,245.4091,1265.79
2,Office,2,Middle Atlantic,2,Cool,166000,12,7,168,80.0,118.5054,14.9
2,Office,5,South Atlantic,4,Warm,13250,1,6,45,100.0,49.8641,21.45
5,Nonrefrigerated warehouse,3,East North Central,2,Cool,6000,1,9,168,,4.826,13927.66
2,Office,4,West North Central,1,Cold or very cold,240000,9,8,56,95.0,60.0132,9.01
13,Public assembly,9,Pacific,4,Warm,192000,6,7,82,,58.3562,8.66
25,Retail other than mall,9,Pacific,4,Warm,7500,1,5,112,,50.0721,15.06
23,Strip shopping center,9,Pacific,4,Warm,10750,1,7,56,100.0,130.931,2009.74
12,Religious worship,4,West North Central,2,Cool,11000,2,5,72,,42.2086,1489.41
7,Public order and safety,7,West South Central,7,Withheld for confidentiality,55000,6,2,40,,102.7146,324.59
14,Education,4,West North Central,1,Cold or very cold,470000,3,8,90,,37.5882,8.84
23,Strip shopping center,5,South Atlantic,4,Warm,75000,1,8,99,100.0,133.1295,395.28
17,Nursing,3,East North Central,2,Cool,150000,4,6,168,,134.4669,45.1
5,Nonrefrigerated warehouse,7,West South Central,3,Mixed mild,270000,1,8,55,,14.1267,31.35
12,Religious worship,5,South Atlantic,4,Warm,7000,2,4,8,,27.8404,21.45
5,Nonrefrigerated warehouse,3,East North Central,1,Cold or very cold,140000,1,8,132,,21.1218,237.36
12,Religious worship,8,Mountain,5,Hot or very hot,30000,1,7,49,,31.335,611.8
2,Office,8,Mountain,3,Mixed mild,1800,1,7,48,100.0,60.555,2990.63
25,Retail other than mall,8,Mountain,5,Hot or very hot,6500,1,5,45,,61.5178,1461.43
2,Office,5,South Atlantic,5,Hot or very hot,3250,1,9,54,100.0,42.7523,1218.03
18,Lodging,6,East South Central,7,Withheld for confidentiality,300000,18,5,168,,83.0772,8.7
25,Retail other than mall,1,New England,2,Cool,116000,1,7,96,,136.5506,105.74
2,Office,9,Pacific,4,Warm,3600,1,6,45,100.0,28.9714,3414.19
25,Retail other than mall,5,South Atlantic,5,Hot or very hot,12000,1,5,55,,22.6941,6659.94
2,Office,3,East North Central,1,Cold or very cold,15250,3,2,60,70.0,82.3538,1531.55
2,Office,1,New England,2,Cool,280000,12,2,168,85.0,98.4941,14.73
2,Office,3,East North Central,2,Cool,20500,2,2,55,100.0,47.7684,4375.84
15,Food service,6,East South Central,4,Warm,3500,1,5,60,,379.13,1218.03
13,Public assembly,8,Mountain,5,Hot or very hot,63000,2,8,98,,125.8312,611.8
14,Education,5,South Atlantic,7,Withheld for confidentiality,97000,4,2,168,,231.178,99.04
5,Nonrefrigerated warehouse,8,Mountain,3,Mixed mild,128000,2,5,168,,62.6907,48.85
18,Lodging,7,West South Central,7,Withheld for confidentiality,1700000,18,8,168,,37.2934,14.9
14,Education,3,East North Central,1,Cold or very cold,24500,1,8,40,,73.7807,1399.59
25,Retail other than mall,5,South Atlantic,5,Hot or very hot,41000,2,9,73,,26.8634,310.59
14,Education,3,East North Central,2,Cool,490000,1,3,100,,68.3947,22.49
14,Education,7,West South Central,5,Hot or very hot,250000,2,4,50,,66.7338,44.64
18,Lodging,9,Pacific,7,Withheld for confidentiality,260000,18,3,168,,74.4721,51.34
2,Office,8,Mountain,5,Hot or very hot,106000,5,6,60,80.0,92.8578,137.69
2,Office,4,West North Central,3,Mixed mild,400000,18,2,55,95.0,67.7021,14.9
2,Office,5,South Atlantic,5,Hot or very hot,130000,7,6,55,80.0,65.6932,14.9
15,Food service,8,Mountain,1,Cold or very cold,3200,1,9,115,,410.2322,562.43
14,Education,5,South Atlantic,4,Warm,104000,1,8,50,,53.8788,288.37
2,Office,5,South Atlantic,5,Hot or very hot,110000,3,8,50,80.0,39.2559,117.32
2,Office,5,South Atlantic,3,Mixed mild,330000,18,6,60,91.0,73.3102,14.9
2,Office,9,Pacific,4,Warm,1000000,12,4,60,100.0,40.5367,15.06
2,Office,5,South Atlantic,3,Mixed mild,205000,12,6,60,62.0,84.6169,58.26
16,Inpatient health care,2,Middle Atlantic,7,Withheld for confidentiality,460000,12,3,168,,289.7531,9.17
16,Inpatient health care,2,Middle Atlantic,7,Withheld for confidentiality,180000,5,9,168,,96.1628,50.09
13,Public assembly,9,Pacific,2,Cool,48000,3,6,40,,35.5584,246.59
13,Public assembly,5,South Atlantic,4,Warm,6000,2,5,69,,39.4582,2990.63
14,Education,2,Middle Atlantic,2,Cool,168000,2,7,45,,82.534,44.64
2,Office,5,South Atlantic,3,Mixed mild,150000,7,6,55,95.0,111.812,21.42
91,Other,8,Mountain,2,Cool,144000,12,2,50,,581.4567,137.69
14,Education,9,Pacific,4,Warm,52000,1,4,60,,88.4881,495.15
23,Strip shopping center,8,Mountain,5,Hot or very hot,102000,1,8,75,97.0,141.6224,175.02
91,Other,3,East North Central,3,Mixed mild,5000,1,6,24,,66.922,1531.55
91,Other,5,South Atlantic,4,Warm,1000000,4,5,168,,94.3401,62.07
13,Public assembly,7,West South Central,4,Warm,43000,1,9,107,,70.0485,591.56
13,Public assembly,9,Pacific,2,Cool,25000,3,7,77,,137.5265,31.97
5,Nonrefrigerated warehouse,5,South Atlantic,4,Warm,440000,1,4,16,,18.9373,28.53
5,Nonrefrigerated warehouse,7,West South Central,5,Hot or very hot,290000,2,8,55,,19.0701,31.35
14,Education,1,New England,2,Cool,80000,2,6,50,,42.4616,97.52
5,Nonrefrigerated warehouse,3,East North Central,2,Cool,320000,1,8,80,,68.212,15.06
23,Strip shopping center,7,West South Central,5,Hot or very hot,50001,1,8,55,63.0,85.7026,841.34
2,Office,2,Middle Atlantic,2,Cool,134000,3,3,60,100.0,71.0281,117.32
5,Nonrefrigerated warehouse,5,South Atlantic,4,Warm,200000,1,5,84,,38.3728,14.9
8,Outpatient health care,9,Pacific,3,Mixed mild,365000,12,8,112,100.0,120.2007,17.76
5,Nonrefrigerated warehouse,9,Pacific,5,Hot or very hot,17250,1,8,168,,50.5725,3554.88
14,Education,3,East North Central,2,Cool,350000,5,2,75,,76.2997,51.34
18,Lodging,2,Middle Atlantic,3,Mixed mild,122000,5,6,168,,74.0314,332.94
25,Retail other than mall,5,South Atlantic,4,Warm,205000,1,8,168,,104.0363,25.2
2,Office,9,Pacific,7,Withheld for confidentiality,2100000,18,4,66,97.0,55.0456,15.06
2,Office,5,South Atlantic,5,Hot or very hot,5600,1,6,40,80.0,35.5021,14.9
23,Strip shopping center,5,South Atlantic,3,Mixed mild,310000,1,8,55,52.0,129.5296,175.02
15,Food service,8,Mountain,4,Warm,1600,1,5,55,,163.405,1195.14
15,Food service,8,Mountain,5,Hot or very hot,6800,1,6,168,,113.9229,8.62
23,Strip shopping center,9,Pacific,4,Warm,154000,1,8,75,100.0,119.0375,175.02
25,Retail other than mall,8,Mountain,3,Mixed mild,205000,1,7,126,,96.8581,14.67
13,Public assembly,3,East North Central,3,Mixed mild,15000,2,8,20,,95.1532,935.99
8,Outpatient health care,2,Middle Atlantic,2,Cool,95000,3,4,168,100.0,198.1528,8.76
14,Education,2,Middle Atlantic,7,Withheld for confidentiality,102000,7,8,98,,98.0389,97.52
5,Nonrefrigerated warehouse,5,South Atlantic,3,Mixed mild,25001,2,4,60,,61.8496,797.99
26,Service,5,South Atlantic,4,Warm,3950,1,8,40,,16.8653,2990.63
12,Religious worship,6,East South Central,4,Warm,11500,2,3,8,,21.997,1386.54
26,Service,3,East North Central,1,Cold or very cold,2200,1,9,168,,101.1264,3075.23
5,Nonrefrigerated warehouse,5,South Atlantic,4,Warm,500001,2,4,168,,128.8387,66.26
2,Office,9,Pacific,4,Warm,235000,8,9,85,70.0,79.1356,59.79
26,Service,8,Mountain,2,Cool,11000,2,5,60,,77.6924,8544.65
7,Public order and safety,6,East South Central,7,Withheld for confidentiality,140000,12,6,45,,73.517,240.4
5,Nonrefrigerated warehouse,5,South Atlantic,4,Warm,200000,1,7,65,,6.7656,14.9
8,Outpatient health care,3,East North Central,2,Cool,61000,1,9,68,100.0,145.0416,349.71
2,Office,5,South Atlantic,4,Warm,600000,18,7,50,90.0,57.553,14.9
25,Retail other than mall,1,New England,2,Cool,2400,2,2,47,,45.5967,2934.43
5,Nonrefrigerated warehouse,8,Mountain,2,Cool,120000,1,2,0,,30.1021,107.76
18,Lodging,5,South Atlantic,7,Withheld for confidentiality,144000,12,6,168,,78.5344,8.84
14,Education,2,Middle Atlantic,3,Mixed mild,55000,4,2,40,,58.0591,99.04
2,Office,5,South Atlantic,4,Warm,36000,2,2,60,90.0,54.2751,589.53
25,Retail other than mall,3,East North Central,3,Mixed mild,98000,1,6,55,,59.221,555.87
2,Office,5,South Atlantic,3,Mixed mild,174000,4,2,55,85.0,55.3398,14.9
26,Service,8,Mountain,1,Cold or very cold,4200,1,3,59,,58.909,2577.06
14,Education,9,Pacific,4,Warm,100000,3,8,68,,41.8718,9.11
12,Religious worship,6,East South Central,3,Mixed mild,30000,3,3,30,,20.4875,580.45
25,Retail other than mall,8,Mountain,4,Warm,31500,1,5,94,,45.3483,279.06
12,Religious worship,5,South Atlantic,4,Warm,23000,2,4,8,,39.8429,1408.23
14,Education,3,East North Central,2,Cool,410000,2,7,84,,58.7439,13.91
18,Lodging,1,New England,7,Withheld for confidentiality,164000,3,6,168,,101.95,14.73
12,Religious worship,7,West South Central,5,Hot or very hot,2700,1,5,8,,25.7048,2990.63
14,Education,3,East North Central,2,Cool,43500,3,2,60,,68.1168,300.25
14,Education,3,East North Central,2,Cool,126000,2,8,45,,37.9752,97.52
25,Retail other than mall,6,East South Central,3,Mixed mild,200001,1,7,168,,93.8812,14.67
12,Religious worship,9,Pacific,1,Cold or very cold,49500,3,4,24,,30.7733,1531.55
14,Education,4,West North Central,2,Cool,62000,3,3,50,,28.4114,1436.84
14,Education,1,New England,1,Cold or very cold,150000,2,8,80,,47.4147,44.12
5,Nonrefrigerated warehouse,5,South Atlantic,4,Warm,66000,1,5,54,,19.807,97.78
2,Office,3,East North Central,2,Cool,200000,3,6,45,80.0,72.1661,49.37
26,Service,7,West South Central,4,Warm,3850,1,8,72,,411.1094,1218.03
11,Refrigerated warehouse,2,Middle Atlantic,3,Mixed mild,300000,2,9,137,,91.1885,48.85
6,Food sales,4,West North Central,2,Cool,2500,1,7,118,,265.2768,1218.03
15,Food service,6,East South Central,4,Warm,6400,1,6,110,,547.8255,1218.03
18,Lodging,9,Pacific,4,Warm,42000,2,6,168,,66.8894,306.64
26,Service,6,East South Central,4,Warm,160000,1,6,40,,66.078,245.01
2,Office,2,Middle Atlantic,2,Cool,12250,4,2,45,25.0,57.3669,1484.29
5,Nonrefrigerated warehouse,5,South Atlantic,5,Hot or very hot,80000,3,8,52,,7.4216,14.9
2,Office,5,South Atlantic,4,Warm,14000,2,6,40,100.0,45.21,534.51
5,Nonrefrigerated warehouse,5,South Atlantic,3,Mixed mild,114000,2,9,54,,47.0961,117.32
13,Public assembly,5,South Atlantic,5,Hot or very hot,20000,1,7,112,,144.19,429.63
14,Education,4,West North Central,1,Cold or very cold,30000,1,5,60,,67.5001,11.33
15,Food service,7,West South Central,5,Hot or very hot,1500,1,6,168,,458.1587,1218.03
2,Office,5,South Atlantic,4,Warm,420000,8,8,50,100.0,22.2506,9.01
2,Office,9,Pacific,3,Mixed mild,290000,6,2,74,90.0,128.0311,9.11
14,Education,3,East North Central,2,Cool,205000,2,4,50,,100.6986,9.11
2,Office,2,Middle Atlantic,2,Cool,23500,3,2,40,100.0,148.7778,1421.48
2,Office,3,East North Central,3,Mixed mild,2000,1,5,40,100.0,40.0685,2934.43
5,Nonrefrigerated warehouse,9,Pacific,4,Warm,310000,1,4,12,,12.7143,15.06
5,Nonrefrigerated warehouse,3,East North Central,3,Mixed mild,15000,1,7,40,,18.2187,1906.18
14,Education,7,West South Central,3,Mixed mild,150000,1,7,40,,37.7609,57.95
13,Public assembly,4,West North Central,1,Cold or very cold,260000,8,7,56,,152.5207,10.63
91,Other,4,West North Central,2,Cool,38500,2,7,9,,31.0349,3420.76
15,Food service,5,South Atlantic,3,Mixed mild,4000,2,8,17,,190.4165,2990.63
25,Retail other than mall,1,New England,1,Cold or very cold,19000,3,3,44,,44.3624,3356.48
25,Retail other than mall,7,West South Central,3,Mixed mild,220000,1,7,168,,108.3613,14.9
14,Education,3,East North Central,3,Mixed mild,126000,2,5,80,,45.7026,103.22
15,Food service,5,South Atlantic,3,Mixed mild,7000,2,6,140,,1376.0076,690.18
26,Service,7,West South Central,5,Hot or very hot,2400,2,5,45,,41.8275,2934.43
14,Education,6,East South Central,4,Warm,53000,1,3,45,,49.0196,504.63
5,Nonrefrigerated warehouse,3,East North Central,1,Cold or very cold,255000,1,7,16,,16.7177,31.68
25,Retail other than mall,7,West South Central,5,Hot or very hot,150000,3,9,84,,108.1255,117.32
13,Public assembly,9,Pacific,3,Mixed mild,60000,2,5,90,,34.762,611.8
2,Office,2,Middle Atlantic,3,Mixed mild,600000,3,7,100,98.0,76.4771,14.9
2,Office,3,East North Central,2,Cool,2400,3,2,40,100.0,37.3779,3075.23
13,Public assembly,2,Middle Atlantic,2,Cool,200000,1,8,96,,14.8641,14.9
25,Retail other than mall,7,West South Central,3,Mixed mild,41000,2,8,60,,71.7583,591.56
2,Office,2,Middle Atlantic,3,Mixed mild,192000,18,8,168,80.0,67.3784,14.9
26,Service,5,South Atlantic,5,Hot or very hot,50001,1,4,82,,5.5743,310.59
12,Religious worship,9,Pacific,4,Warm,67000,2,9,50,,11.5055,227.11
13,Public assembly,5,South Atlantic,3,Mixed mild,192000,8,6,56,,113.8695,14.9
25,Retail other than mall,2,Middle Atlantic,3,Mixed mild,75000,2,5,80,,33.3134,213.58
2,Office,5,South Atlantic,4,Warm,300000,3,6,120,100.0,88.1373,8.84
16,Inpatient health care,2,Middle Atlantic,7,Withheld for confidentiality,1500000,18,3,168,,182.6749,4.7
2,Office,1,New England,2,Cool,180000,7,4,50,70.0,28.827,19.3
5,Nonrefrigerated warehouse,5,South Atlantic,4,Warm,38000,2,8,40,,18.3524,1030.4
5,Nonrefrigerated warehouse,1,New England,2,Cool,3200,1,7,40,,17.9938,4384.99
23,Strip shopping center,9,Pacific,2,Cool,44000,1,9,71,79.0,159.2867,841.34
2,Office,6,East South Central,3,Mixed mild,75000,3,7,168,100.0,255.5132,240.4
14,Education,3,East North Central,1,Cold or very cold,355000,2,8,96,,79.6341,10.55
14,Education,2,Middle Atlantic,7,Withheld for confidentiality,156000,5,5,60,,147.8535,5.89
2,Office,5,South Atlantic,4,Warm,2500,1,8,40,100.0,80.3248,1218.03
25,Retail other than mall,5,South Atlantic,5,Hot or very hot,215000,1,6,126,,116.4897,14.9
14,Education,9,Pacific,1,Cold or very cold,25000,3,7,40,,44.3693,386.68
15,Food service,5,South Atlantic,4,Warm,2100,1,7,80,,63.8871,1417.97
2,Office,9,Pacific,4,Warm,190000,5,8,13,100.0,52.7323,141.31
2,Office,9,Pacific,4,Warm,66000,3,9,65,100.0,67.4363,15.06
2,Office,5,South Atlantic,4,Warm,2000,1,5,65,100.0,93.945,14.9
5,Nonrefrigerated warehouse,7,West South Central,4,Warm,800000,2,8,168,,78.1343,48.85
2,Office,2,Middle Atlantic,3,Mixed mild,210000,6,7,60,100.0,67.1896,7.84
18,Lodging,8,Mountain,7,Withheld for confidentiality,200000,3,6,168,,64.4942,8.87
5,Nonrefrigerated warehouse,5,South Atlantic,4,Warm,250000,2,4,48,,11.139,235.71
26,Service,3,East North Central,2,Cool,7900,1,8,40,,29.2862,1391.33
2,Office,9,Pacific,4,Warm,500001,18,6,60,95.0,39.3497,15.06
25,Retail other than mall,2,Middle Atlantic,3,Mixed mild,2500,1,4,56,,64.8724,2990.63
25,Retail other than mall,8,Mountain,3,Mixed mild,205000,1,8,133,,111.2384,44.87
5,Nonrefrigerated warehouse,5,South Atlantic,5,Hot or very hot,4500,2,8,80,,5.5987,6659.94
16,Inpatient health care,9,Pacific,7,Withheld for confidentiality,480000,4,4,168,,83.8643,11.65
5,Nonrefrigerated warehouse,9,Pacific,4,Warm,36000,1,5,44,,5.8471,3554.88
5,Nonrefrigerated warehouse,2,Middle Atlantic,2,Cool,136000,1,6,45,,11.6849,247.57
14,Education,7,West South Central,5,Hot or very hot,53000,1,7,45,,64.3501,330.8
12,Religious worship,5,South Atlantic,4,Warm,24500,1,7,65,,26.604,470.02
13,Public assembly,7,West South Central,3,Mixed mild,100000,2,6,124,,145.5869,117.32
13,Public assembly,2,Middle Atlantic,3,Mixed mild,10000,1,8,168,,104.8672,911.48
2,Office,8,Mountain,5,Hot or very hot,230000,18,7,60,70.0,52.2788,58.26
26,Service,4,West North Central,2,Cool,1500,1,8,77,,118.5753,6659.94
16,Inpatient health care,7,West South Central,7,Withheld for confidentiality,900000,12,6,168,,192.0933,9.88
14,Education,3,East North Central,3,Mixed mild,106000,1,5,50,,60.1285,97.52
14,Education,9,Pacific,3,Mixed mild,92000,1,4,70,,51.7819,100.08
12,Religious worship,6,East South Central,3,Mixed mild,42000,3,5,40,,46.7574,670.57
2,Office,5,South Atlantic,3,Mixed mild,350000,7,6,70,75.0,25.9116,9.07
14,Education,8,Mountain,5,Hot or very hot,3600,1,6,35,,35.1022,4384.99
2,Office,9,Pacific,7,Withheld for confidentiality,2100000,18,6,60,75.0,16.2485,15.06
5,Nonrefrigerated warehouse,9,Pacific,4,Warm,176000,2,4,168,,92.2332,52.14
8,Outpatient health care,2,Middle Atlantic,3,Mixed mild,200000,6,8,45,100.0,45.4046,54.0
6,Food sales,8,Mountain,2,Cool,3000,1,6,30,,70.559,582.23
5,Nonrefrigerated warehouse,2,Middle Atlantic,2,Cool,215000,2,7,168,,43.7491,45.41
16,Inpatient health care,2,Middle Atlantic,7,Withheld for confidentiality,290000,8,2,168,,231.6789,9.88
23,Strip shopping center,9,Pacific,4,Warm,41500,1,4,84,100.0,106.1562,395.28
2,Office,3,East North Central,2,Cool,445000,4,6,64,91.0,122.5608,8.85
14,Education,9,Pacific,7,Withheld for confidentiality,25000,1,5,60,,69.6226,495.15
14,Education,2,Middle Atlantic,3,Mixed mild,156000,5,4,84,,44.3494,8.84
13,Public assembly,4,West North Central,1,Cold or very cold,79000,2,9,65,,139.0389,117.32
91,Other,4,West North Central,1,Cold or very cold,1150,1,8,0,,29.3826,1218.03
2,Office,2,Middle Atlantic,3,Mixed mild,1200,1,5,35,50.0,100.41,1779.2
23,Strip shopping center,8,Mountain,5,Hot or very hot,12500,1,8,56,100.0,137.4997,2009.74
14,Education,4,West North Central,1,Cold or very cold,100000,3,2,60,,112.4879,329.67
12,Religious worship,2,Middle Atlantic,3,Mixed mild,11250,3,2,26,,66.9286,1413.09
17,Nursing,5,South Atlantic,3,Mixed mild,142000,8,8,168,,92.1369,332.94
15,Food service,2,Middle Atlantic,3,Mixed mild,7200,1,7,91,,196.2928,1218.03
14,Education,3,East North Central,1,Cold or very cold,54000,2,3,90,,65.0293,290.39
2,Office,7,West South Central,5,Hot or very hot,3950,1,6,40,100.0,65.0344,2990.63
16,Inpatient health care,7,West South Central,7,Withheld for confidentiality,215000,6,9,168,,210.7939,10.07
18,Lodging,5,South Atlantic,7,Withheld for confidentiality,315000,18,6,168,,65.0539,9.01
7,Public order and safety,5,South Atlantic,3,Mixed mild,3000,1,7,40,,47.8613,4468.96
2,Office,2,Middle Atlantic,3,Mixed mild,240000,3,5,90,97.0,68.1749,14.9
23,Strip shopping center,3,East North Central,2,Cool,36500,1,9,42,83.0,170.7684,841.34
2,Office,5,South Atlantic,3,Mixed mild,114000,12,6,168,92.0,58.098,21.42
18,Lodging,9,Pacific,3,Mixed mild,30000,2,5,168,,140.2462,1834.88
14,Education,8,Mountain,7,Withheld for confidentiality,270000,5,9,120,,87.1971,6.87
25,Retail other than mall,3,East North Central,3,Mixed mild,100000,2,8,10,,40.2634,215.07
2,Office,4,West North Central,3,Mixed mild,2500,1,8,40,100.0,41.4692,2990.63
2,Office,5,South Atlantic,4,Warm,600000,18,7,55,78.0,65.0815,14.9
13,Public assembly,5,South Atlantic,4,Warm,98000,1,3,10,,28.4825,288.37
16,Inpatient health care,2,Middle Atlantic,7,Withheld for confidentiality,1500000,18,3,168,,143.5871,9.21
18,Lodging,5,South Atlantic,7,Withheld for confidentiality,315000,12,6,168,,117.2927,10.92
5,Nonrefrigerated warehouse,6,East South Central,4,Warm,150000,2,8,40,,19.7693,247.57
2,Office,8,Mountain,5,Hot or very hot,275000,4,6,168,80.0,65.8155,14.67
4,Laboratory,9,Pacific,3,Mixed mild,225000,5,8,90,,433.0394,100.08
14,Education,5,South Atlantic,5,Hot or very hot,132000,2,5,40,,34.9406,99.04
2,Office,2,Middle Atlantic,3,Mixed mild,10000,2,8,70,80.0,49.716,2990.63
5,Nonrefrigerated warehouse,6,East South Central,4,Warm,2000,1,9,60,,42.0685,460.31
14,Education,8,Mountain,4,Warm,235000,2,4,45,,62.358,142.75
16,Inpatient health care,5,South Atlantic,7,Withheld for confidentiality,295000,3,6,168,,258.3732,69.58
2,Office,9,Pacific,2,Cool,3450,2,4,40,100.0,87.4293,1829.53
2,Office,2,Middle Atlantic,3,Mixed mild,350000,5,2,168,85.0,55.4164,8.84
5,Nonrefrigerated warehouse,8,Mountain,2,Cool,10500,2,7,60,,84.2684,621.37
5,Nonrefrigerated warehouse,1,New England,2,Cool,48000,1,8,45,,22.5931,1094.79
15,Food service,3,East North Central,2,Cool,4300,1,5,168,,520.1321,1265.79
14,Education,5,South Atlantic,7,Withheld for confidentiality,102000,2,5,168,,100.6121,99.04
8,Outpatient health care,2,Middle Atlantic,3,Mixed mild,154000,18,8,50,95.0,69.9962,50.09
5,Nonrefrigerated warehouse,3,East North Central,2,Cool,102000,2,6,65,,56.4626,160.01
14,Education,2,Middle Atlantic,7,Withheld for confidentiality,320000,12,5,114,,139.5381,13.73
13,Public assembly,3,East North Central,2,Cool,120000,3,7,90,,87.9286,118.55
26,Service,3,East North Central,2,Cool,2000,1,4,30,,26.521,8786.36
5,Nonrefrigerated warehouse,5,South Atlantic,3,Mixed mild,40500,2,4,40,,2.7574,224.76
14,Education,2,Middle Atlantic,2,Cool,250000,2,5,12,,85.242,9.81
17,Nursing,8,Mountain,2,Cool,12000,2,7,168,,63.3761,1214.38
2,Office,9,Pacific,4,Warm,400000,18,7,60,100.0,91.8955,15.06
5,Nonrefrigerated warehouse,5,South Atlantic,4,Warm,10500,1,9,40,,12.4474,1413.09
8,Outpatient health care,9,Pacific,3,Mixed mild,2000,1,6,40,100.0,46.811,1265.79
5,Nonrefrigerated warehouse,3,East North Central,3,Mixed mild,200000,1,5,64,,11.9769,19.68
17,Nursing,4,West North Central,3,Mixed mild,150000,3,8,168,,29.9904,99.04
12,Religious worship,9,Pacific,3,Mixed mild,29000,3,8,28,,42.4337,1531.55
17,Nursing,4,West North Central,1,Cold or very cold,250000,9,5,168,,145.0673,50.03
5,Nonrefrigerated warehouse,1,New England,1,Cold or very cold,4500,1,8,45,,7.4509,4084.96
25,Retail other than mall,2,Middle Atlantic,3,Mixed mild,34000,1,6,76,,39.2752,623.52
91,Other,1,New England,3,Mixed mild,45000,2,6,168,,53.3697,1461.43
6,Food sales,5,South Atlantic,5,Hot or very hot,3000,1,6,112,,134.2073,2990.63
13,Public assembly,6,East South Central,4,Warm,285000,9,7,168,,150.7294,12.93
14,Education,7,West South Central,5,Hot or very hot,110000,2,7,40,,41.7231,44.64
12,Religious worship,9,Pacific,4,Warm,57000,2,6,50,,13.4419,227.11
2,Office,6,East South Central,4,Warm,85000,3,4,55,90.0,33.3078,124.14
12,Religious worship,4,West North Central,2,Cool,8000,1,8,30,,18.0934,1779.2
13,Public assembly,7,West South Central,5,Hot or very hot,132000,2,8,84,,94.7206,14.9
2,Office,5,South Atlantic,7,Withheld for confidentiality,1700000,8,4,168,100.0,66.7069,6.52
5,Nonrefrigerated warehouse,7,West South Central,5,Hot or very hot,88000,1,9,10,,19.3185,633.24
13,Public assembly,7,West South Central,7,Withheld for confidentiality,1700000,6,8,168,,146.8577,10.14
18,Lodging,8,Mountain,3,Mixed mild,114000,6,9,168,,54.5077,97.52
23,Strip shopping center,8,Mountain,2,Cool,176000,2,7,75,100.0,92.3289,175.02
5,Nonrefrigerated warehouse,1,New England,1,Cold or very cold,9800,3,2,55,,33.9466,2934.43
16,Inpatient health care,2,Middle Atlantic,7,Withheld for confidentiality,290000,2,5,168,,159.4343,10.1
14,Education,2,Middle Atlantic,3,Mixed mild,116000,9,8,55,,65.2754,58.86
8,Outpatient health care,9,Pacific,1,Cold or very cold,148000,5,8,30,95.0,90.2945,9.01
7,Public order and safety,5,South Atlantic,5,Hot or very hot,28000,2,8,168,,79.8003,431.11
12,Religious worship,3,East North Central,3,Mixed mild,5600,1,7,6,,14.495,2934.43
2,Office,2,Middle Atlantic,3,Mixed mild,340000,18,2,65,91.0,73.6255,58.26
18,Lodging,7,West South Central,4,Warm,200000,2,4,168,,57.1232,324.59
23,Strip shopping center,9,Pacific,4,Warm,41000,1,5,112,100.0,133.4285,841.34
18,Lodging,5,South Atlantic,4,Warm,126000,5,3,168,,100.961,303.46
13,Public assembly,9,Pacific,2,Cool,35000,4,2,40,,53.689,1531.55
14,Education,2,Middle Atlantic,3,Mixed mild,102000,1,3,55,,59.8984,44.64
18,Lodging,1,New England,2,Cool,16250,3,6,168,,45.9499,1195.68
7,Public order and safety,7,West South Central,7,Withheld for confidentiality,47000,3,3,45,,89.1749,330.8
5,Nonrefrigerated warehouse,2,Middle Atlantic,3,Mixed mild,300000,1,6,67,,55.4357,14.9
91,Other,5,South Atlantic,4,Warm,8600,1,7,63,,2.6221,1218.03
13,Public assembly,5,South Atlantic,4,Warm,43000,1,3,40,,54.5976,303.46
18,Lodging,7,West South Central,7,Withheld for confidentiality,154000,6,6,168,,100.0906,97.52
25,Retail other than mall,2,Middle Atlantic,2,Cool,2400,3,2,168,,180.045,1195.14
2,Office,9,Pacific,4,Warm,28000,2,5,20,100.0,20.3101,611.8
2,Office,3,East North Central,3,Mixed mild,140000,2,7,100,50.0,54.4304,598.75
5,Nonrefrigerated warehouse,5,South Atlantic,3,Mixed mild,45000,3,7,52,,44.9445,2649.21
7,Public order and safety,1,New England,7,Withheld for confidentiality,200001,6,7,60,,64.2561,7.75
12,Religious worship,4,West North Central,3,Mixed mild,116000,1,6,50,,42.2898,125.04
2,Office,7,West South Central,5,Hot or very hot,66000,2,8,45,100.0,51.3853,329.67
14,Education,7,West South Central,5,Hot or very hot,100000,1,6,40,,49.159,99.04
13,Public assembly,3,East North Central,3,Mixed mild,200000,4,8,65,,166.3093,115.51
6,Food sales,3,East North Central,3,Mixed mild,1800,1,2,137,,516.0383,3075.23
5,Nonrefrigerated warehouse,6,East South Central,4,Warm,200001,1,8,55,,16.6767,69.6
16,Inpatient health care,2,Middle Atlantic,7,Withheld for confidentiality,350000,5,5,168,,81.3518,11.7
2,Office,8,Mountain,2,Cool,1800,1,7,60,100.0,17.0494,300.63
15,Food service,3,East North Central,2,Cool,1200,1,5,48,,370.0825,1391.33
13,Public assembly,9,Pacific,4,Warm,55000,3,2,6,,59.1082,306.64
14,Education,3,East North Central,2,Cool,230000,3,8,80,,75.6045,45.1
2,Office,5,South Atlantic,4,Warm,235000,18,9,65,60.0,122.6625,58.26
5,Nonrefrigerated warehouse,4,West North Central,2,Cool,3000,3,2,40,,116.1807,2934.43
26,Service,5,South Atlantic,4,Warm,32000,1,6,45,,33.6127,591.56
8,Outpatient health care,7,West South Central,4,Warm,16250,1,8,168,98.0,106.1654,836.4
18,Lodging,3,East North Central,7,Withheld for confidentiality,600000,18,5,168,,48.97,8.93
18,Lodging,6,East South Central,7,Withheld for confidentiality,47500,2,7,168,,28.4753,495.15
5,Nonrefrigerated warehouse,5,South Atlantic,4,Warm,89000,1,7,18,,30.1379,110.28
8,Outpatient health care,5,South Atlantic,4,Warm,24000,2,8,50,100.0,78.7668,458.62
12,Religious worship,4,West North Central,1,Cold or very cold,23000,3,7,50,,80.0326,621.37
15,Food service,2,Middle Atlantic,2,Cool,22000,6,2,58,,78.2245,711.5
2,Office,2,Middle Atlantic,3,Mixed mild,420000,9,2,168,100.0,22.1133,42.58
2,Office,5,South Atlantic,4,Warm,1600,1,3,55,100.0,57.7444,2990.63
15,Food service,3,East North Central,2,Cool,3500,1,7,84,,488.3251,1265.79
14,Education,4,West North Central,1,Cold or very cold,41000,1,7,60,,50.7115,504.63
25,Retail other than mall,6,East South Central,4,Warm,205000,1,8,168,,106.0571,15.65
2,Office,6,East South Central,4,Warm,5400,1,5,50,90.0,57.8917,2990.63
2,Office,9,Pacific,4,Warm,50000,2,8,40,100.0,41.3714,312.77
2,Office,2,Middle Atlantic,2,Cool,300000,4,7,45,100.0,95.4796,14.9
13,Public assembly,2,Middle Atlantic,3,Mixed mild,30000,2,2,75,,167.3872,589.53
16,Inpatient health care,1,New England,7,Withheld for confidentiality,55000,4,6,168,,64.7156,488.97
2,Office,7,West South Central,5,Hot or very hot,3000,1,8,40,100.0,116.3193,2990.63
5,Nonrefrigerated warehouse,9,Pacific,4,Warm,335000,2,8,65,,12.903,70.08
8,Outpatient health care,1,New England,2,Cool,65000,5,5,40,100.0,35.2854,190.44
91,Other,7,West South Central,5,Hot or very hot,3000,1,7,168,,59.438,7753.17
14,Education,4,West North Central,2,Cool,110000,2,8,60,,87.9458,475.5
26,Service,3,East North Central,3,Mixed mild,2000,1,6,40,,90.702,3075.23
2,Office,7,West South Central,5,Hot or very hot,124000,12,6,55,90.0,67.4344,14.9
2,Office,3,East North Central,2,Cool,97000,3,4,168,90.0,163.4035,111.06
13,Public assembly,3,East North Central,2,Cool,19250,1,5,50,,206.4971,1748.0
5,Nonrefrigerated warehouse,6,East South Central,3,Mixed mild,2700,1,9,16,,10.9307,6659.94
5,Nonrefrigerated warehouse,4,West North Central,2,Cool,600000,2,7,120,,52.2607,27.6
2,Office,8,Mountain,2,Cool,156000,4,9,66,100.0,78.0661,117.51
26,Service,5,South Atlantic,5,Hot or very hot,10000,1,9,40,,27.8755,2990.63
25,Retail other than mall,3,East North Central,1,Cold or very cold,50000,2,7,100,,75.2075,215.07
5,Nonrefrigerated warehouse,9,Pacific,4,Warm,240000,4,8,168,,5.3367,15.06
2,Office,8,Mountain,5,Hot or very hot,100001,4,8,50,95.0,45.2958,137.69
14,Education,2,Middle Atlantic,2,Cool,285000,5,2,60,,59.5343,14.9
15,Food service,9,Pacific,4,Warm,7200,1,5,18,,375.1685,1265.79
18,Lodging,5,South Atlantic,7,Withheld for confidentiality,53000,5,7,168,,38.8789,423.01
8,Outpatient health care,5,South Atlantic,4,Warm,8200,2,8,45,100.0,39.7841,1417.97
13,Public assembly,5,South Atlantic,3,Mixed mild,305000,6,9,168,,135.5304,8.57
5,Nonrefrigerated warehouse,5,South Atlantic,3,Mixed mild,600000,1,7,55,,19.4463,14.9
25,Retail other than mall,3,East North Central,2,Cool,20000,1,8,94,,24.9186,3075.23
13,Public assembly,5,South Atlantic,5,Hot or very hot,1550,1,2,50,,129.8045,2990.63
13,Public assembly,2,Middle Atlantic,2,Cool,210000,2,4,168,,144.1402,8.6
2,Office,5,South Atlantic,5,Hot or very hot,26000,3,6,54,95.0,56.2207,14.9
2,Office,5,South Atlantic,5,Hot or very hot,6300,2,6,40,90.0,78.831,1354.99
16,Inpatient health care,9,Pacific,7,Withheld for confidentiality,700000,6,8,168,,142.8125,9.16
18,Lodging,7,West South Central,7,Withheld for confidentiality,88000,4,9,168,,26.5074,324.59
2,Office,2,Middle Atlantic,3,Mixed mild,1000000,18,6,68,88.0,99.7322,14.9
18,Lodging,9,Pacific,7,Withheld for confidentiality,30000,4,7,168,,59.036,306.64
18,Lodging,5,South Atlantic,7,Withheld for confidentiality,210000,12,6,168,,99.385,8.84
14,Education,7,West South Central,5,Hot or very hot,75000,1,7,40,,53.1783,99.04
13,Public assembly,5,South Atlantic,5,Hot or very hot,50000,2,7,18,,100.2463,9.07
14,Education,4,West North Central,3,Mixed mild,69000,1,3,55,,37.8792,330.8
5,Nonrefrigerated warehouse,2,Middle Atlantic,2,Cool,178000,1,5,168,,53.073,247.57
2,Office,2,Middle Atlantic,3,Mixed mild,150000,12,2,60,70.0,30.0324,246.59
5,Nonrefrigerated warehouse,7,West South Central,5,Hot or very hot,475000,1,6,168,,42.8545,14.9
15,Food service,8,Mountain,2,Cool,5500,1,6,91,,57.9682,1218.03
6,Food sales,4,West North Central,3,Mixed mild,2500,1,6,117,,248.536,2990.63
18,Lodging,9,Pacific,7,Withheld for confidentiality,162000,4,6,168,,109.8353,8.93
11,Refrigerated warehouse,9,Pacific,2,Cool,375000,1,4,168,,70.7169,31.97
2,Office,5,South Atlantic,3,Mixed mild,144000,6,6,65,90.0,82.2828,21.42
14,Education,5,South Atlantic,4,Warm,20000,1,8,60,,17.4514,14.9
26,Service,7,West South Central,3,Mixed mild,9000,1,5,50,,16.5874,1413.09
25,Retail other than mall,5,South Atlantic,4,Warm,220000,1,7,126,,104.1796,14.9
16,Inpatient health care,7,West South Central,7,Withheld for confidentiality,800000,7,6,168,,236.015,8.92
2,Office,5,South Atlantic,4,Warm,80000,2,8,66,75.0,37.5254,224.76
14,Education,2,Middle Atlantic,2,Cool,235000,4,2,55,,82.9861,50.03
2,Office,2,Middle Atlantic,2,Cool,172000,3,7,60,85.0,21.3349,8.84
5,Nonrefrigerated warehouse,6,East South Central,3,Mixed mild,15500,1,8,5,,23.9329,893.54
5,Nonrefrigerated warehouse,3,East North Central,2,Cool,56000,1,8,47,,50.0065,1748.0
14,Education,4,West North Central,1,Cold or very cold,69000,1,9,70,,59.3797,170.14
13,Public assembly,5,South Atlantic,4,Warm,4250,3,2,40,,53.464,6659.94
23,Strip shopping center,5,South Atlantic,4,Warm,6000,1,4,55,75.0,96.5552,4740.75
26,Service,3,East North Central,2,Cool,56000,2,5,10,,55.622,118.55
8,Outpatient health care,4,West North Central,1,Cold or very cold,230000,7,3,72,80.0,79.9686,7.71
2,Office,3,East North Central,3,Mixed mild,148000,2,8,168,30.0,67.4019,31.68
12,Religious worship,7,West South Central,5,Hot or very hot,260000,5,6,105,,46.403,14.9
8,Outpatient health care,2,Middle Atlantic,3,Mixed mild,76000,4,8,52,80.0,58.1993,111.88
14,Education,7,West South Central,4,Warm,61000,1,4,45,,51.9464,330.8
12,Religious worship,9,Pacific,4,Warm,30000,3,9,12,,12.202,611.8
26,Service,8,Mountain,4,Warm,2800,1,4,40,,33.435,6534.79
14,Education,5,South Atlantic,4,Warm,300000,2,8,50,,32.4847,8.84
2,Office,2,Middle Atlantic,3,Mixed mild,3000,3,3,100,50.0,90.7317,2934.43
13,Public assembly,4,West North Central,1,Cold or very cold,500001,7,8,70,,185.5092,14.9
13,Public assembly,5,South Atlantic,4,Warm,120000,2,7,90,,112.0784,117.32
2,Office,7,West South Central,5,Hot or very hot,30000,2,8,45,70.0,23.6883,621.37
23,Strip shopping center,2,Middle Atlantic,3,Mixed mild,134000,1,8,51,83.0,131.739,108.76
2,Office,5,South Atlantic,4,Warm,390000,18,6,60,98.0,66.2259,9.01
23,Strip shopping center,2,Middle Atlantic,3,Mixed mild,38500,1,9,51,88.0,111.3755,1196.36
26,Service,5,South Atlantic,4,Warm,1500,1,4,168,,153.9327,2990.63
2,Office,2,Middle Atlantic,3,Mixed mild,35000,6,3,168,100.0,71.8955,580.45
2,Office,7,West South Central,4,Warm,800000,18,5,50,30.0,23.8517,14.9
16,Inpatient health care,3,East North Central,7,Withheld for confidentiality,200000,9,2,168,,364.3623,8.85
12,Religious worship,5,South Atlantic,4,Warm,215000,1,7,45,,33.623,66.47
14,Education,1,New England,2,Cool,215000,3,7,80,,70.7645,8.95
6,Food sales,8,Mountain,4,Warm,4800,1,4,35,,102.6827,2934.43
25,Retail other than mall,9,Pacific,4,Warm,23000,1,6,84,,51.3871,1531.55
2,Office,5,South Atlantic,3,Mixed mild,460000,18,3,70,98.0,70.6378,14.9
26,Service,6,East South Central,4,Warm,260000,2,5,40,,3.3729,14.67
2,Office,4,West North Central,3,Mixed mild,270000,6,6,50,90.0,62.2125,14.9
26,Service,9,Pacific,4,Warm,32500,1,6,40,,76.9845,611.8
11,Refrigerated warehouse,2,Middle Atlantic,3,Mixed mild,50000,3,2,60,,66.9092,14.9
13,Public assembly,2,Middle Atlantic,2,Cool,43000,2,6,112,,56.7249,14.9
7,Public order and safety,5,South Atlantic,7,Withheld for confidentiality,350000,5,5,45,,60.5615,8.84
16,Inpatient health care,2,Middle Atlantic,7,Withheld for confidentiality,400000,5,3,168,,212.0721,10.07
26,Service,8,Mountain,2,Cool,2500,1,8,55,,48.9404,582.23
16,Inpatient health care,3,East North Central,7,Withheld for confidentiality,495000,8,3,168,,216.7102,9.01
2,Office,7,West South Central,5,Hot or very hot,60000,3,8,45,100.0,50.2225,621.37
12,Religious worship,6,East South Central,4,Warm,5600,1,4,3,,47.95,2990.63
13,Public assembly,3,East North Central,2,Cool,80000,2,5,109,,124.3801,118.55
2,Office,8,Mountain,5,Hot or very hot,114000,3,7,55,100.0,99.8302,58.26
5,Nonrefrigerated warehouse,3,East North Central,2,Cool,5000,1,6,8,,64.1826,4207.0
16,Inpatient health care,9,Pacific,7,Withheld for confidentiality,375000,6,4,168,,164.7598,9.01
23,Strip shopping center,9,Pacific,4,Warm,49000,1,8,117,100.0,139.6716,395.28
2,Office,2,Middle Atlantic,2,Cool,134000,3,4,168,100.0,22.5351,8.84
8,Outpatient health care,2,Middle Atlantic,3,Mixed mild,335000,8,2,168,80.0,121.4943,8.76
2,Office,5,South Atlantic,3,Mixed mild,700000,12,7,60,90.0,53.9147,6.52
5,Nonrefrigerated warehouse,5,South Atlantic,4,Warm,600000,1,5,72,,39.6175,14.9
17,Nursing,2,Middle Atlantic,3,Mixed mild,300000,4,6,168,,132.7099,9.01
23,Strip shopping center,5,South Atlantic,3,Mixed mild,114000,1,6,55,19.0,179.7137,175.02
7,Public order and safety,7,West South Central,5,Hot or very hot,3700,1,6,168,,58.0954,1218.03
12,Religious worship,2,Middle Atlantic,2,Cool,24500,1,5,15,,46.0338,1122.76
13,Public assembly,4,West North Central,2,Cool,3150,2,2,9,,38.7971,2934.43
6,Food sales,8,Mountain,2,Cool,25500,1,8,168,,299.1258,245.01
5,Nonrefrigerated warehouse,6,East South Central,5,Hot or very hot,27000,2,4,47,,9.6499,14.67
2,Office,8,Mountain,2,Cool,180000,9,6,60,95.0,46.0267,7.84
16,Inpatient health care,3,East North Central,7,Withheld for confidentiality,1800000,8,5,168,,95.7755,13.43
2,Office,7,West South Central,5,Hot or very hot,35000,1,9,90,100.0,71.2406,502.9
18,Lodging,3,East North Central,7,Withheld for confidentiality,98000,5,8,168,,82.5999,8.93
2,Office,7,West South Central,5,Hot or very hot,5600,2,2,50,100.0,38.4202,9.01
2,Office,1,New England,2,Cool,38500,2,3,40,90.0,63.1375,240.4
14,Education,9,Pacific,4,Warm,1200,1,7,40,,14.01,4384.99
13,Public assembly,5,South Atlantic,4,Warm,30000,2,3,40,,33.5534,429.63
14,Education,5,South Atlantic,3,Mixed mild,100000,2,3,40,,39.0125,303.46
2,Office,2,Middle Atlantic,3,Mixed mild,1750,2,6,40,100.0,62.7983,2990.63
5,Nonrefrigerated warehouse,4,West North Central,1,Cold or very cold,62000,2,5,10,,37.3717,621.37
2,Office,2,Middle Atlantic,3,Mixed mild,310000,12,3,60,80.0,63.4042,14.9
13,Public assembly,1,New England,2,Cool,1500,1,4,10,,0.454,2934.43
4,Laboratory,2,Middle Atlantic,2,Cool,220000,6,6,168,,211.8156,5.89
14,Education,5,South Atlantic,3,Mixed mild,400000,4,8,80,,57.9152,8.84
2,Office,5,South Atlantic,3,Mixed mild,166000,7,6,54,90.0,82.6933,9.07
2,Office,3,East North Central,1,Cold or very cold,500001,2,8,50,20.0,93.9678,66.72
23,Strip shopping center,2,Middle Atlantic,3,Mixed mild,220000,1,5,75,87.0,136.7272,72.88
18,Lodging,8,Mountain,7,Withheld for confidentiality,2100000,18,6,168,,182.289,88.39
6,Food sales,6,East South Central,4,Warm,2400,1,5,105,,102.035,2990.63
25,Retail other than mall,5,South Atlantic,4,Warm,5000,1,2,168,,79.2746,1413.09
23,Strip shopping center,3,East North Central,2,Cool,100001,1,8,140,88.0,214.8562,395.28
23,Strip shopping center,8,Mountain,2,Cool,110000,1,8,75,100.0,155.313,6.52
16,Inpatient health care,8,Mountain,7,Withheld for confidentiality,57000,2,3,168,,164.6135,124.14
14,Education,2,Middle Atlantic,3,Mixed mild,34000,3,7,14,,84.4952,502.9
18,Lodging,5,South Atlantic,7,Withheld for confidentiality,500000,18,6,168,,95.909,8.84
2,Office,6,East South Central,4,Warm,26500,1,6,44,50.0,18.2872,623.52
14,Education,8,Mountain,5,Hot or very hot,152000,2,7,60,,52.8863,8.87
2,Office,4,West North Central,1,Cold or very cold,290000,2,8,168,92.0,78.9206,27.6
5,Nonrefrigerated warehouse,2,Middle Atlantic,2,Cool,600000,1,6,168,,31.8501,69.6
14,Education,5,South Atlantic,5,Hot or very hot,160000,1,6,83,,43.9452,112.96
13,Public assembly,3,East North Central,3,Mixed mild,3800,1,4,49,,29.4463,3075.23
18,Lodging,2,Middle Atlantic,3,Mixed mild,176000,12,8,168,,86.1137,6.63
25,Retail other than mall,1,New England,3,Mixed mild,116000,1,8,105,,71.7504,105.74
13,Public assembly,4,West North Central,3,Mixed mild,3150,2,2,15,,22.379,2990.63
16,Inpatient health care,1,New England,7,Withheld for confidentiality,138000,8,4,168,,212.9282,9.95
18,Lodging,8,Mountain,7,Withheld for confidentiality,200000,12,4,168,,56.9907,50.03
11,Refrigerated warehouse,5,South Atlantic,5,Hot or very hot,65000,2,6,168,,102.7331,32.47
14,Education,4,West North Central,3,Mixed mild,150000,1,4,45,,44.0085,107.8
2,Office,5,South Atlantic,5,Hot or very hot,21500,3,7,60,100.0,77.1062,468.41
13,Public assembly,8,Mountain,3,Mixed mild,65000,1,6,36,,94.6472,107.76
12,Religious worship,8,Mountain,5,Hot or very hot,14000,1,9,45,,13.5382,1461.43
17,Nursing,3,East North Central,1,Cold or very cold,126000,3,8,168,,64.5847,100.08
12,Religious worship,7,West South Central,5,Hot or very hot,9500,1,4,35,,67.7559,1489.41
18,Lodging,4,West North Central,7,Withheld for confidentiality,6300,1,7,168,,30.5051,4384.99
8,Outpatient health care,3,East North Central,1,Cold or very cold,31000,1,6,72,100.0,179.571,117.27
2,Office,2,Middle Atlantic,3,Mixed mild,1500,1,6,50,100.0,90.436,4468.96
23,Strip shopping center,9,Pacific,5,Hot or very hot,74000,2,6,75,91.0,128.1118,175.02
25,Retail other than mall,2,Middle Atlantic,2,Cool,210000,1,8,168,,128.6196,44.87
2,Office,7,West South Central,5,Hot or very hot,130000,8,6,62,90.0,48.4918,58.26
5,Nonrefrigerated warehouse,6,East South Central,4,Warm,800000,1,9,102,,17.9443,69.6
2,Office,5,South Atlantic,4,Warm,1150,1,3,40,80.0,65.3687,2990.63
15,Food service,7,West South Central,3,Mixed mild,2600,1,8,66,,303.2454,1218.03
2,Office,4,West North Central,3,Mixed mild,122000,5,6,40,70.0,62.0392,14.9
8,Outpatient health care,5,South Atlantic,5,Hot or very hot,2750,1,4,55,100.0,49.1956,1218.03
25,Retail other than mall,1,New England,2,Cool,24000,2,4,168,,23.3721,1461.43
13,Public assembly,2,Middle Atlantic,7,Withheld for confidentiality,1500000,3,8,84,,89.9242,14.9
2,Office,3,East North Central,2,Cool,6000,1,5,40,55.0,28.851,1531.55
2,Office,7,West South Central,4,Warm,116000,5,6,73,82.0,86.815,137.69
15,Food service,3,East North Central,2,Cool,10000,1,8,57,,633.4865,1587.04
14,Education,4,West North Central,7,Withheld for confidentiality,89000,5,4,96,,88.7119,69.36
5,Nonrefrigerated warehouse,4,West North Central,1,Cold or very cold,10000,1,4,60,,57.0205,2990.63
26,Service,1,New England,1,Cold or very cold,3000,1,2,10,,20.8293,2934.43
17,Nursing,5,South Atlantic,5,Hot or very hot,45000,1,5,168,,106.9487,460.21
14,Education,3,East North Central,2,Cool,60000,4,4,45,,59.2416,9.11
5,Nonrefrigerated warehouse,3,East North Central,2,Cool,280000,1,5,40,,57.6341,31.68
5,Nonrefrigerated warehouse,5,South Atlantic,3,Mixed mild,210000,1,5,80,,3.8834,66.26
5,Nonrefrigerated warehouse,6,East South Central,4,Warm,355000,2,6,50,,6.9007,27.17
13,Public assembly,9,Pacific,4,Warm,32500,2,8,90,,75.0106,227.11
5,Nonrefrigerated warehouse,9,Pacific,3,Mixed mild,14250,1,3,40,,8.9956,3554.88
13,Public assembly,5,South Atlantic,4,Warm,9400,1,7,40,,14.9294,1122.76
8,Outpatient health care,8,Mountain,5,Hot or very hot,5000,1,5,70,100.0,25.3178,2934.43
13,Public assembly,3,East North Central,2,Cool,60000,3,8,80,,87.0628,227.11
18,Lodging,8,Mountain,7,Withheld for confidentiality,230000,12,8,168,,104.3802,50.03
18,Lodging,9,Pacific,4,Warm,4000,1,8,168,,34.7983,4384.99
18,Lodging,5,South Atlantic,7,Withheld for confidentiality,104000,18,8,168,,96.1555,17.7
2,Office,5,South Atlantic,3,Mixed mild,355000,6,5,55,86.0,58.0638,14.9
14,Education,3,East North Central,2,Cool,235000,6,5,77,,77.4219,8.93
23,Strip shopping center,7,West South Central,3,Mixed mild,5000,2,8,42,70.0,75.3808,4740.75
26,Service,5,South Atlantic,4,Warm,2200,1,2,72,,79.8982,1218.03
23,Strip shopping center,9,Pacific,4,Warm,91000,2,7,75,92.0,69.6715,395.28
25,Retail other than mall,7,West South Central,4,Warm,100000,1,8,168,,132.1301,125.04
17,Nursing,1,New England,1,Cold or very cold,100000,1,8,168,,104.1071,58.57
5,Nonrefrigerated warehouse,4,West North Central,1,Cold or very cold,350000,2,6,144,,71.2782,42.58
16,Inpatient health care,1,New England,7,Withheld for confidentiality,440000,12,5,168,,271.0716,20.31
5,Nonrefrigerated warehouse,3,East North Central,2,Cool,16250,1,5,50,,41.4169,1531.55
5,Nonrefrigerated warehouse,3,East North Central,2,Cool,3000,1,5,40,,22.3133,3075.23
2,Office,9,Pacific,5,Hot or very hot,1700,1,3,40,100.0,82.4647,4384.99
16,Inpatient health care,5,South Atlantic,7,Withheld for confidentiality,152000,5,5,168,,266.9943,65.23
26,Service,8,Mountain,1,Cold or very cold,2500,2,3,60,,68.3016,2577.06
7,Public order and safety,1,New England,7,Withheld for confidentiality,136000,8,7,75,,69.0545,137.69
12,Religious worship,9,Pacific,2,Cool,50000,2,5,60,,24.4516,65.96
91,Other,5,South Atlantic,4,Warm,1150,1,7,30,,38.6113,1218.03
18,Lodging,9,Pacific,7,Withheld for confidentiality,300000,8,6,168,,44.7744,9.11
2,Office,9,Pacific,5,Hot or very hot,3450,1,5,40,100.0,28.2084,2934.43
5,Nonrefrigerated warehouse,7,West South Central,5,Hot or very hot,80000,1,6,60,,24.3547,633.24
23,Strip shopping center,9,Pacific,4,Warm,22750,1,8,55,65.0,74.3017,841.34
23,Strip shopping center,5,South Atlantic,4,Warm,45500,1,9,46,26.0,74.3164,841.34
14,Education,7,West South Central,5,Hot or very hot,15000,1,2,55,,52.8349,1426.39
6,Food sales,3,East North Central,1,Cold or very cold,11000,1,5,126,,137.3335,717.24
2,Office,8,Mountain,2,Cool,132000,4,6,65,100.0,36.3076,137.69
23,Strip shopping center,7,West South Central,5,Hot or very hot,96000,1,2,72,97.0,110.7123,175.02
2,Office,3,East North Central,1,Cold or very cold,94000,7,3,43,80.0,75.0989,15.06
2,Office,7,West South Central,4,Warm,1200,1,4,32,33.0,15.5,2990.63
25,Retail other than mall,1,New England,2,Cool,128000,1,7,112,,91.6748,105.74
16,Inpatient health care,5,South Atlantic,7,Withheld for confidentiality,600000,5,7,168,,201.3616,10.4
5,Nonrefrigerated warehouse,9,Pacific,4,Warm,10000,1,6,68,,32.1214,6921.06
2,Office,8,Mountain,5,Hot or very hot,280000,12,8,40,75.0,52.6313,6.63
13,Public assembly,9,Pacific,2,Cool,27500,2,7,75,,85.1201,1531.55
23,Strip shopping center,3,East North Central,2,Cool,70000,1,6,112,98.0,169.8676,395.28
2,Office,5,South Atlantic,4,Warm,700000,18,6,168,85.0,57.8209,14.9
5,Nonrefrigerated warehouse,5,South Atlantic,4,Warm,4000,1,6,35,,12.45,1779.2
25,Retail other than mall,9,Pacific,3,Mixed mild,330000,5,6,40,,13.3317,59.79
13,Public assembly,9,Pacific,5,Hot or very hot,124000,3,7,168,,100.8518,8.93
2,Office,5,South Atlantic,3,Mixed mild,405000,12,8,8,95.0,40.9024,21.42
26,Service,3,East North Central,2,Cool,36500,2,4,120,,56.4571,1531.55
12,Religious worship,7,West South Central,5,Hot or very hot,49500,2,8,50,,20.1385,245.01
5,Nonrefrigerated warehouse,8,Mountain,2,Cool,55000,2,5,45,,59.4936,244.16
2,Office,5,South Atlantic,4,Warm,132000,5,7,60,87.0,58.5252,149.25
25,Retail other than mall,7,West South Central,3,Mixed mild,150000,1,8,85,,59.9861,125.04
18,Lodging,8,Mountain,7,Withheld for confidentiality,2100000,18,6,168,,86.1939,8.84
2,Office,1,New England,7,Withheld for confidentiality,1500000,18,8,66,100.0,39.4731,14.73
8,Outpatient health care,6,East South Central,4,Warm,360000,4,5,65,85.0,235.838,5.89
26,Service,3,East North Central,2,Cool,5000,2,2,48,,51.1406,2934.43
23,Strip shopping center,4,West North Central,3,Mixed mild,97000,1,6,51,87.0,80.503,395.28
12,Religious worship,4,West North Central,1,Cold or very cold,12000,2,2,10,,34.1,4175.5
14,Education,4,West North Central,2,Cool,100000,2,4,55,,66.6571,114.27
6,Food sales,7,West South Central,4,Warm,2500,1,5,50,,51.5908,2990.63
13,Public assembly,6,East South Central,4,Warm,450000,3,7,168,,163.0547,15.65
2,Office,2,Middle Atlantic,3,Mixed mild,3000,3,9,35,100.0,75.8653,1745.76
2,Office,3,East North Central,1,Cold or very cold,5200,2,5,50,100.0,32.7569,3075.23
26,Service,3,East North Central,2,Cool,50000,2,4,66,,38.5406,611.8
2,Office,5,South Atlantic,5,Hot or very hot,3200,1,8,50,100.0,26.0506,2990.63
2,Office,4,West North Central,3,Mixed mild,360000,6,8,60,100.0,68.7146,6.52
14,Education,3,East North Central,3,Mixed mild,116000,2,7,45,,21.3666,97.52
2,Office,9,Pacific,4,Warm,174000,2,6,50,100.0,70.2395,63.64
2,Office,1,New England,1,Cold or very cold,110000,4,5,45,100.0,86.1,14.73
16,Inpatient health care,5,South Atlantic,7,Withheld for confidentiality,88000,3,5,168,,214.982,10.91
14,Education,7,West South Central,7,Withheld for confidentiality,35500,2,8,83,,75.2706,137.69
91,Other,6,East South Central,4,Warm,445000,4,8,168,,651.5965,3.85
14,Education,6,East South Central,4,Warm,265000,2,3,50,,39.9111,8.7
5,Nonrefrigerated warehouse,2,Middle Atlantic,3,Mixed mild,3200,1,7,66,,8.2209,1779.2
8,Outpatient health care,3,East North Central,2,Cool,26000,2,5,68,75.0,58.5334,717.24
8,Outpatient health care,1,New England,3,Mixed mild,20250,2,2,168,100.0,169.5019,677.21
13,Public assembly,9,Pacific,5,Hot or very hot,156000,2,9,119,,75.4533,8.66
16,Inpatient health care,7,West South Central,7,Withheld for confidentiality,1700000,9,7,168,,101.8988,4.7
2,Office,4,West North Central,2,Cool,3000,1,9,63,100.0,112.5,3320.27
14,Education,5,South Atlantic,3,Mixed mild,178000,2,7,55,,74.6125,44.64
2,Office,5,South Atlantic,3,Mixed mild,80000,5,7,60,70.0,53.1491,234.86
16,Inpatient health care,6,East South Central,7,Withheld for confidentiality,600000,12,5,168,,129.505,13.73
18,Lodging,1,New England,7,Withheld for confidentiality,200000,3,4,168,,121.0494,9.21
15,Food service,7,West South Central,3,Mixed mild,3750,1,9,10,,140.4163,2990.63
13,Public assembly,3,East North Central,2,Cool,5500,2,7,50,,150.2855,15.06
15,Food service,5,South Atlantic,4,Warm,4500,1,9,140,,528.3476,1218.03
8,Outpatient health care,2,Middle Atlantic,3,Mixed mild,11000,1,6,44,60.0,42.4668,690.18
2,Office,5,South Atlantic,5,Hot or very hot,235000,18,5,64,92.0,39.1622,14.9
8,Outpatient health care,5,South Atlantic,4,Warm,5100,1,8,45,100.0,14.7437,532.67
18,Lodging,7,West South Central,7,Withheld for confidentiality,42000,4,9,168,,85.3612,495.15
26,Service,7,West South Central,5,Hot or very hot,13250,1,4,0,,18.2788,1489.41
2,Office,9,Pacific,4,Warm,150000,2,7,119,100.0,37.1243,15.06
25,Retail other than mall,8,Mountain,1,Cold or very cold,55000,1,9,84,,34.6895,245.01
2,Office,6,East South Central,4,Warm,280000,12,7,40,96.0,115.9514,14.67
2,Office,2,Middle Atlantic,3,Mixed mild,245000,18,2,168,94.0,73.3585,9.01
16,Inpatient health care,8,Mountain,7,Withheld for confidentiality,126000,3,9,168,,212.1101,74.72
18,Lodging,7,West South Central,5,Hot or very hot,10250,2,8,168,,99.5389,1421.48
18,Lodging,7,West South Central,7,Withheld for confidentiality,700000,7,4,168,,75.0535,8.84
2,Office,4,West North Central,2,Cool,4250,2,2,45,50.0,25.4198,2990.63
13,Public assembly,4,West North Central,1,Cold or very cold,600000,3,5,63,,113.856,8.79
18,Lodging,3,East North Central,2,Cool,3250,2,9,168,,190.5997,3271.02
2,Office,3,East North Central,2,Cool,178000,1,5,46,95.0,87.6177,108.39
15,Food service,3,East North Central,2,Cool,4450,1,8,120,,675.8063,1265.79
14,Education,3,East North Central,2,Cool,500000,8,4,60,,67.8752,148.45
18,Lodging,7,West South Central,7,Withheld for confidentiality,192000,12,3,168,,80.235,176.77
18,Lodging,8,Mountain,2,Cool,132000,7,7,168,,55.5269,8.84
2,Office,3,East North Central,2,Cool,148000,12,4,68,85.0,108.5569,15.06
13,Public assembly,2,Middle Atlantic,3,Mixed mild,10000,1,6,24,,51.4138,1218.03
23,Strip shopping center,7,West South Central,4,Warm,290000,1,7,55,98.0,119.1963,12.56
15,Food service,5,South Atlantic,3,Mixed mild,2500,1,8,140,,447.326,1218.03
12,Religious worship,5,South Atlantic,4,Warm,3100,1,5,2,,30.8542,4084.96
14,Education,8,Mountain,4,Warm,122000,1,3,50,,26.8899,43.95
25,Retail other than mall,6,East South Central,4,Warm,12000,2,6,65,,38.3994,2990.63
14,Education,6,East South Central,4,Warm,19750,1,5,40,,38.5731,330.8
2,Office,5,South Atlantic,3,Mixed mild,205000,9,6,168,90.0,43.3726,21.42
2,Office,8,Mountain,1,Cold or very cold,2600,2,2,30,80.0,21.815,1380.94
2,Office,2,Middle Atlantic,3,Mixed mild,60000,2,6,38,100.0,141.3947,14.9
15,Food service,5,South Atlantic,3,Mixed mild,3200,1,7,84,,507.8159,1218.03
16,Inpatient health care,2,Middle Atlantic,7,Withheld for confidentiality,800000,6,2,168,,316.6351,8.92
23,Strip shopping center,8,Mountain,2,Cool,28500,1,8,75,100.0,151.7847,2009.74
2,Office,8,Mountain,2,Cool,5000,1,6,45,33.0,47.939,2990.63
14,Education,5,South Atlantic,4,Warm,8500,1,3,75,,102.0591,3899.01
2,Office,5,South Atlantic,3,Mixed mild,280000,12,6,65,100.0,91.1784,14.9
2,Office,7,West South Central,4,Warm,13000,1,6,42,100.0,78.7577,458.62
24,Enclosed mall,5,South Atlantic,7,Withheld for confidentiality,1700000,2,5,72,98.0,39.8436,14.9
23,Strip shopping center,9,Pacific,5,Hot or very hot,98000,1,8,75,95.0,107.2024,395.28
23,Strip shopping center,7,West South Central,3,Mixed mild,11000,1,7,55,68.0,69.826,2009.74
18,Lodging,3,East North Central,2,Cool,30000,3,7,168,,58.0705,495.15
14,Education,5,South Atlantic,3,Mixed mild,86000,2,3,55,,48.1674,99.04
5,Nonrefrigerated warehouse,3,East North Central,2,Cool,36000,1,3,43,,33.3696,461.19
2,Office,3,East North Central,2,Cool,400000,18,4,40,96.0,124.5252,15.06
25,Retail other than mall,3,East North Central,2,Cool,305000,2,8,70,,43.853,15.06
14,Education,3,East North Central,2,Cool,176000,4,8,84,,85.5132,45.1
12,Religious worship,2,Middle Atlantic,3,Mixed mild,25500,3,7,168,,81.4067,1413.09
2,Office,5,South Atlantic,4,Warm,148000,6,7,65,87.0,52.5785,14.9
16,Inpatient health care,2,Middle Atlantic,7,Withheld for confidentiality,390000,7,3,168,,150.1437,10.4
6,Food sales,3,East North Central,2,Cool,9500,1,9,168,,309.9415,1531.55
12,Religious worship,5,South Atlantic,3,Mixed mild,41000,1,4,8,,27.6644,591.56
2,Office,7,West South Central,5,Hot or very hot,205000,12,6,61,85.0,93.015,31.35
14,Education,1,New England,2,Cool,182000,2,4,75,,83.3322,44.12
14,Education,5,South Atlantic,5,Hot or very hot,7200,1,7,10,,33.2182,4468.96
18,Lodging,1,New England,2,Cool,50001,4,4,168,,65.3207,423.01
5,Nonrefrigerated warehouse,1,New England,1,Cold or very cold,1500,1,4,45,,15.1827,4084.96
25,Retail other than mall,5,South Atlantic,4,Warm,205000,1,7,168,,96.2116,21.45
5,Nonrefrigerated warehouse,6,East South Central,3,Mixed mild,130000,2,5,50,,7.2208,240.4
5,Nonrefrigerated warehouse,7,West South Central,4,Warm,136000,1,6,40,,7.7847,247.57
2,Office,3,East North Central,2,Cool,6200,3,2,40,75.0,55.349,3709.28
26,Service,3,East North Central,2,Cool,3000,1,7,1,,29.323,4057.15
23,Strip shopping center,5,South Atlantic,5,Hot or very hot,64000,1,7,117,100.0,161.1784,10.71
26,Service,3,East North Central,2,Cool,2700,1,5,80,,131.2363,3075.23
14,Education,3,East North Central,1,Cold or very cold,100000,2,8,50,,46.7335,100.08
14,Education,4,West North Central,3,Mixed mild,30000,2,3,60,,69.0891,690.18
14,Education,9,Pacific,4,Warm,87000,3,2,50,,70.5714,100.08
14,Education,9,Pacific,3,Mixed mild,194000,2,2,50,,60.2308,100.08
14,Education,7,West South Central,3,Mixed mild,37000,2,9,50,,65.0529,324.59
25,Retail other than mall,3,East North Central,2,Cool,20000,1,5,84,,63.2566,581.87
2,Office,2,Middle Atlantic,3,Mixed mild,500001,18,4,168,82.0,281.5111,14.9
13,Public assembly,3,East North Central,1,Cold or very cold,9900,2,4,60,,92.8909,1531.55
5,Nonrefrigerated warehouse,7,West South Central,3,Mixed mild,2400,1,4,126,,24.0092,6534.79
2,Office,9,Pacific,4,Warm,60000,2,8,72,90.0,76.3111,15.06
2,Office,9,Pacific,4,Warm,29500,2,8,8,100.0,66.4601,611.8
8,Outpatient health care,2,Middle Atlantic,2,Cool,92000,3,9,60,100.0,96.3286,116.06
25,Retail other than mall,5,South Atlantic,4,Warm,12000,1,8,65,,56.622,1413.09
14,Education,2,Middle Atlantic,3,Mixed mild,40500,3,2,55,,67.1645,332.94
18,Lodging,1,New England,7,Withheld for confidentiality,500000,8,5,168,,84.8354,8.74
2,Office,5,South Atlantic,5,Hot or very hot,33500,1,8,50,100.0,19.4428,621.37
2,Office,8,Mountain,5,Hot or very hot,88000,4,8,50,90.0,18.259,240.4
25,Retail other than mall,3,East North Central,2,Cool,220000,1,8,126,,98.4267,15.06
2,Office,4,West North Central,2,Cool,35000,3,9,168,85.0,78.3801,502.9
13,Public assembly,4,West North Central,3,Mixed mild,156000,2,8,108,,99.3376,14.9
14,Education,4,West North Central,3,Mixed mild,11500,1,4,35,,51.8844,1426.39
14,Education,6,East South Central,4,Warm,380000,3,8,80,,26.6698,8.7
5,Nonrefrigerated warehouse,2,Middle Atlantic,2,Cool,40000,2,4,132,,77.3926,1030.4
12,Religious worship,2,Middle Atlantic,2,Cool,2500,2,2,10,,97.516,2990.63
18,Lodging,2,Middle Atlantic,7,Withheld for confidentiality,62000,12,2,168,,68.183,495.15
18,Lodging,7,West South Central,3,Mixed mild,50000,3,4,168,,105.5433,329.67
15,Food service,8,Mountain,2,Cool,3750,1,4,92,,383.1592,1218.03
8,Outpatient health care,2,Middle Atlantic,3,Mixed mild,8200,2,2,40,80.0,8.6199,1195.14
2,Office,9,Pacific,4,Warm,138000,9,4,65,100.0,57.0249,15.06
16,Inpatient health care,5,South Atlantic,7,Withheld for confidentiality,1700000,7,5,168,,184.9664,8.92
2,Office,5,South Atlantic,4,Warm,55000,2,6,168,90.0,154.7527,14.9
2,Office,3,East North Central,2,Cool,275000,8,5,168,75.0,90.6851,15.06
15,Food service,9,Pacific,4,Warm,9000,1,7,40,,66.7996,4384.99
2,Office,3,East North Central,2,Cool,108000,3,8,45,75.0,44.6621,338.72
18,Lodging,9,Pacific,4,Warm,400000,5,9,168,,85.7688,51.34
18,Lodging,2,Middle Atlantic,2,Cool,5700,2,6,168,,111.6318,9.67
26,Service,1,New England,1,Cold or very cold,6400,1,9,44,,16.2934,2934.43
11,Refrigerated warehouse,3,East North Central,2,Cool,126000,2,8,144,,129.3771,80.37
12,Religious worship,5,South Atlantic,4,Warm,1100,2,5,60,,35.7736,2990.63
2,Office,2,Middle Atlantic,3,Mixed mild,600000,18,7,60,85.0,34.2385,9.01
2,Office,6,East South Central,4,Warm,225000,6,6,55,87.0,50.7675,60.86
13,Public assembly,5,South Atlantic,5,Hot or very hot,1500,1,7,28,,158.8893,2990.63
2,Office,2,Middle Atlantic,3,Mixed mild,73000,2,5,45,100.0,74.9235,116.06
2,Office,1,New England,2,Cool,490000,18,6,60,80.0,61.9817,14.73
91,Other,8,Mountain,3,Mixed mild,10000,1,7,54,,15.946,2990.63
2,Office,5,South Atlantic,4,Warm,27500,2,2,40,100.0,59.1613,589.53
13,Public assembly,2,Middle Atlantic,2,Cool,5300,2,2,10,,186.1638,1779.2
2,Office,2,Middle Atlantic,3,Mixed mild,410000,18,4,55,80.0,93.1656,31.35
2,Office,2,Middle Atlantic,3,Mixed mild,220000,4,6,50,95.0,42.3264,14.9
18,Lodging,2,Middle Atlantic,3,Mixed mild,66000,6,5,168,,102.84,502.9
16,Inpatient health care,4,West North Central,7,Withheld for confidentiality,122000,3,8,168,,155.5554,75.71
14,Education,5,South Atlantic,5,Hot or very hot,270000,5,7,112,,13.3671,50.63
2,Office,5,South Atlantic,5,Hot or very hot,205000,7,8,55,60.0,44.4251,14.9
16,Inpatient health care,5,South Atlantic,7,Withheld for confidentiality,425000,5,4,168,,138.4649,9.07
14,Education,3,East North Central,7,Withheld for confidentiality,210000,2,5,45,,24.6188,22.49
16,Inpatient health care,3,East North Central,7,Withheld for confidentiality,1800000,12,5,168,,147.1787,9.3
15,Food service,3,East North Central,2,Cool,3500,1,2,12,,16.7151,1391.33
5,Nonrefrigerated warehouse,5,South Atlantic,4,Warm,380000,1,7,168,,47.8935,189.32
18,Lodging,8,Mountain,7,Withheld for confidentiality,9500,2,6,168,,194.8025,1195.68
91,Other,1,New England,2,Cool,23000,1,6,80,,280.2213,1461.43
18,Lodging,5,South Atlantic,7,Withheld for confidentiality,270000,6,3,168,,81.818,99.38
2,Office,5,South Atlantic,3,Mixed mild,900000,8,2,50,100.0,59.2992,6.52
23,Strip shopping center,4,West North Central,1,Cold or very cold,12000,1,8,75,74.0,203.7921,2009.74
18,Lodging,5,South Atlantic,7,Withheld for confidentiality,360000,12,4,168,,50.4032,8.84
5,Nonrefrigerated warehouse,1,New England,2,Cool,13000,2,7,100,,24.1886,4145.52
14,Education,7,West South Central,4,Warm,350000,2,4,50,,18.8429,44.64
2,Office,5,South Atlantic,3,Mixed mild,300000,18,4,70,48.0,88.3751,14.9
15,Food service,5,South Atlantic,4,Warm,7500,1,4,50,,283.9545,4468.96
8,Outpatient health care,9,Pacific,4,Warm,126000,5,8,50,100.0,57.6889,52.84
5,Nonrefrigerated warehouse,6,East South Central,4,Warm,265000,2,6,168,,90.8164,14.67
26,Service,5,South Atlantic,4,Warm,3600,1,6,54,,30.5622,3320.27
18,Lodging,5,South Atlantic,7,Withheld for confidentiality,124000,1,6,168,,85.1516,97.52
14,Education,8,Mountain,2,Cool,85000,2,8,56,,54.1251,216.62
18,Lodging,5,South Atlantic,7,Withheld for confidentiality,1700000,18,8,168,,34.1117,5.52
14,Education,3,East North Central,3,Mixed mild,116000,2,8,55,,56.2337,97.52
16,Inpatient health care,9,Pacific,7,Withheld for confidentiality,800000,6,8,168,,296.5,9.01
4,Laboratory,3,East North Central,2,Cool,490000,1,7,168,,285.5583,3.95
2,Office,2,Middle Atlantic,3,Mixed mild,3200,3,2,60,75.0,56.9828,1195.14
8,Outpatient health care,5,South Atlantic,5,Hot or very hot,128000,9,6,60,93.0,19.1997,51.49
14,Education,2,Middle Atlantic,3,Mixed mild,480000,4,5,45,,79.1514,44.64
2,Office,5,South Atlantic,5,Hot or very hot,22250,1,8,70,100.0,36.1577,799.99
4,Laboratory,8,Mountain,2,Cool,130000,4,3,50,,91.6784,7.45
6,Food sales,6,East South Central,4,Warm,1600,1,8,84,,259.325,2990.63
17,Nursing,5,South Atlantic,3,Mixed mild,63000,1,8,168,,73.9749,110.28
2,Office,2,Middle Atlantic,3,Mixed mild,53000,12,2,168,80.0,86.1936,246.59
14,Education,9,Pacific,2,Cool,31000,1,4,48,,68.859,611.8
14,Education,9,Pacific,4,Warm,41000,2,8,45,,38.7082,587.89
12,Religious worship,6,East South Central,4,Warm,3600,1,3,2,,36.0319,460.31
14,Education,3,East North Central,2,Cool,3500,2,2,60,,12.3243,4384.99
25,Retail other than mall,9,Pacific,3,Mixed mild,2000,1,2,44,,24.5655,3075.23
23,Strip shopping center,2,Middle Atlantic,3,Mixed mild,400000,3,5,75,92.0,159.1957,72.88
14,Education,4,West North Central,2,Cool,110000,1,4,45,,79.2526,101.36
14,Education,4,West North Central,3,Mixed mild,57000,3,4,56,,53.3767,99.04
2,Office,3,East North Central,2,Cool,108000,12,7,90,75.0,25.7073,68.53
2,Office,3,East North Central,2,Cool,1200,1,8,50,100.0,130.3883,6921.06
2,Office,5,South Atlantic,4,Warm,2400,1,2,50,100.0,50.0492,2990.63
2,Office,5,South Atlantic,3,Mixed mild,460000,6,2,66,100.0,61.4193,6.52
18,Lodging,1,New England,2,Cool,6000,2,7,168,,138.3852,1195.68
2,Office,4,West North Central,3,Mixed mild,215000,8,3,75,75.0,62.6943,14.9
15,Food service,2,Middle Atlantic,3,Mixed mild,3500,1,8,120,,308.6537,1417.97
13,Public assembly,8,Mountain,3,Mixed mild,300000,3,7,168,,97.7075,10.14
13,Public assembly,4,West North Central,1,Cold or very cold,250000,3,8,45,,64.6142,14.9
18,Lodging,4,West North Central,7,Withheld for confidentiality,375000,18,5,168,,79.7361,8.84
15,Food service,5,South Atlantic,4,Warm,9400,2,9,82,,208.0897,1195.14
2,Office,8,Mountain,3,Mixed mild,122000,5,9,55,100.0,82.6191,137.69
5,Nonrefrigerated warehouse,3,East North Central,2,Cool,10750,1,4,0,,28.3644,3554.88
2,Office,7,West South Central,5,Hot or very hot,102000,3,5,66,100.0,59.4604,126.08
13,Public assembly,3,East North Central,2,Cool,350000,4,3,120,,177.7186,24.75
14,Education,8,Mountain,5,Hot or very hot,142000,2,8,45,,126.0189,43.95
18,Lodging,2,Middle Atlantic,7,Withheld for confidentiality,30000,3,4,168,,172.0519,467.07
91,Other,5,South Atlantic,5,Hot or very hot,45000,1,7,60,,28.1771,14.9
2,Office,1,New England,3,Mixed mild,245000,12,6,60,100.0,70.9998,14.73
25,Retail other than mall,9,Pacific,5,Hot or very hot,14750,1,8,98,,78.2607,1531.55
26,Service,6,East South Central,4,Warm,62000,1,8,100,,628.4531,633.24
14,Education,2,Middle Atlantic,3,Mixed mild,170000,2,7,86,,103.616,13.73
18,Lodging,5,South Atlantic,4,Warm,192000,7,8,168,,48.7568,97.52
13,Public assembly,9,Pacific,4,Warm,30000,1,7,54,,17.772,495.15
13,Public assembly,4,West North Central,2,Cool,1750,1,9,72,,42.3566,1779.2
5,Nonrefrigerated warehouse,5,South Atlantic,5,Hot or very hot,61000,1,7,110,,33.1078,310.59
17,Nursing,4,West North Central,1,Cold or very cold,46500,2,4,168,,161.6283,99.04
18,Lodging,5,South Atlantic,7,Withheld for confidentiality,200000,6,5,168,,65.4248,8.84
2,Office,4,West North Central,1,Cold or very cold,275000,18,6,68,85.0,88.3931,14.9
7,Public order and safety,9,Pacific,4,Warm,20000,2,6,168,,103.8022,495.15
2,Office,7,West South Central,5,Hot or very hot,2100,1,5,44,100.0,128.9214,2990.63
18,Lodging,5,South Atlantic,5,Hot or very hot,170000,6,8,168,,59.2527,5.52
17,Nursing,2,Middle Atlantic,3,Mixed mild,162000,9,5,168,,124.449,8.84
18,Lodging,8,Mountain,7,Withheld for confidentiality,176000,8,9,168,,91.0514,97.52
13,Public assembly,3,East North Central,2,Cool,27000,1,5,75,,45.9172,1317.69
2,Office,7,West South Central,5,Hot or very hot,184000,3,5,65,78.0,44.7051,14.9
5,Nonrefrigerated warehouse,5,South Atlantic,4,Warm,60000,1,6,40,,11.485,797.99
14,Education,2,Middle Atlantic,1,Cold or very cold,174000,2,3,40,,55.3069,44.64
26,Service,5,South Atlantic,5,Hot or very hot,15250,1,8,98,,11.5448,1489.41
5,Nonrefrigerated warehouse,5,South Atlantic,3,Mixed mild,200000,1,6,120,,31.431,125.04
5,Nonrefrigerated warehouse,2,Middle Atlantic,3,Mixed mild,21000,3,2,55,,60.3351,1270.83
14,Education,3,East North Central,2,Cool,275000,1,4,45,,50.163,8.93
2,Office,2,Middle Atlantic,3,Mixed mild,390000,9,6,54,50.0,28.7751,14.9
25,Retail other than mall,1,New England,2,Cool,4000,3,7,55,,26.3025,2747.83
18,Lodging,3,East North Central,7,Withheld for confidentiality,500000,5,8,168,,86.4169,15.06
12,Religious worship,4,West North Central,3,Mixed mild,1600,2,2,2,,2.2419,2990.63
14,Education,9,Pacific,4,Warm,3600,1,7,40,,34.8492,4384.99
16,Inpatient health care,9,Pacific,7,Withheld for confidentiality,480000,9,8,168,,213.518,8.44
14,Education,5,South Atlantic,5,Hot or very hot,6000,2,6,70,,62.2053,2990.63
7,Public order and safety,9,Pacific,7,Withheld for confidentiality,47000,2,4,45,,67.7225,100.08
17,Nursing,4,West North Central,1,Cold or very cold,132000,3,7,168,,37.666,99.04
14,Education,5,South Atlantic,3,Mixed mild,350000,2,7,60,,16.7797,47.7
2,Office,5,South Atlantic,4,Warm,18000,2,7,45,100.0,27.4427,1408.23
13,Public assembly,3,East North Central,1,Cold or very cold,65000,1,9,40,,79.0616,290.39
2,Office,5,South Atlantic,4,Warm,67000,1,7,50,60.0,49.6116,213.58
2,Office,3,East North Central,7,Withheld for confidentiality,1800000,18,4,60,96.0,57.7197,6.59
26,Service,9,Pacific,4,Warm,10000,1,9,46,,5.5552,3075.23
14,Education,5,South Atlantic,3,Mixed mild,1600,1,4,60,,63.0362,4384.99
17,Nursing,3,East North Central,2,Cool,40000,1,5,168,,162.9998,349.71
2,Office,6,East South Central,4,Warm,270000,12,6,60,72.0,44.1886,8.7
5,Nonrefrigerated warehouse,9,Pacific,4,Warm,12000,1,4,60,,40.5263,1531.55
11,Refrigerated warehouse,8,Mountain,5,Hot or very hot,405000,2,8,144,,73.94,30.86
25,Retail other than mall,3,East North Central,1,Cold or very cold,31500,1,8,52,,40.0748,15.06
12,Religious worship,1,New England,1,Cold or very cold,11250,1,4,60,,85.7288,611.8
16,Inpatient health care,9,Pacific,7,Withheld for confidentiality,146000,5,3,168,,216.383,98.88
23,Strip shopping center,4,West North Central,2,Cool,38500,1,5,51,100.0,112.651,395.28
16,Inpatient health care,6,East South Central,7,Withheld for confidentiality,600000,7,9,168,,99.5492,12.09
13,Public assembly,3,East North Central,1,Cold or very cold,24000,2,5,70,,29.9554,1531.55
2,Office,6,East South Central,4,Warm,2550,1,2,45,100.0,99.6522,2990.63
2,Office,4,West North Central,7,Withheld for confidentiality,1800000,18,6,55,92.0,78.1185,14.9
12,Religious worship,6,East South Central,4,Warm,11000,1,8,30,,33.9916,1413.09
4,Laboratory,5,South Atlantic,4,Warm,102000,4,4,60,,189.1911,117.32
5,Nonrefrigerated warehouse,8,Mountain,2,Cool,16750,1,6,40,,17.0871,623.52
2,Office,9,Pacific,4,Warm,74000,2,6,65,68.0,78.1655,611.8
16,Inpatient health care,5,South Atlantic,7,Withheld for confidentiality,500000,4,8,168,,285.2586,16.15
15,Food service,3,East North Central,2,Cool,3850,1,9,110,,595.9182,1265.79
14,Education,1,New England,2,Cool,180000,3,3,35,,56.1006,44.12
18,Lodging,8,Mountain,7,Withheld for confidentiality,32000,2,6,168,,53.8923,429.63
14,Education,7,West South Central,3,Mixed mild,365000,4,9,67,,88.7032,99.38
2,Office,9,Pacific,5,Hot or very hot,2100,1,8,48,75.0,24.8271,3075.23
13,Public assembly,9,Pacific,4,Warm,220000,3,7,168,,128.7046,15.06
91,Other,4,West North Central,1,Cold or very cold,210000,1,8,168,,584.969,125.04
15,Food service,4,West North Central,1,Cold or very cold,3000,1,2,90,,240.3957,1218.03
5,Nonrefrigerated warehouse,7,West South Central,5,Hot or very hot,4900,1,7,50,,48.7324,2990.63
25,Retail other than mall,8,Mountain,2,Cool,205000,1,8,168,,113.2965,14.9
18,Lodging,5,South Atlantic,3,Mixed mild,10000,1,6,168,,63.7506,1218.58
5,Nonrefrigerated warehouse,2,Middle Atlantic,3,Mixed mild,3000,2,7,40,,85.3447,2990.63
23,Strip shopping center,5,South Atlantic,5,Hot or very hot,350000,1,8,75,87.0,76.4253,111.19
25,Retail other than mall,2,Middle Atlantic,2,Cool,3800,2,6,60,,5.0287,1195.14
8,Outpatient health care,2,Middle Atlantic,3,Mixed mild,148000,6,6,168,100.0,146.4647,51.49
14,Education,2,Middle Atlantic,2,Cool,100000,2,5,50,,76.2129,288.37
13,Public assembly,9,Pacific,5,Hot or very hot,14000,1,4,99,,23.9563,1461.43
26,Service,2,Middle Atlantic,3,Mixed mild,13000,1,6,60,,4.3688,1489.41
18,Lodging,5,South Atlantic,7,Withheld for confidentiality,205000,8,8,168,,138.6275,14.9
2,Office,7,West South Central,5,Hot or very hot,148000,4,5,45,100.0,57.3393,117.32
5,Nonrefrigerated warehouse,5,South Atlantic,3,Mixed mild,126000,1,2,60,,10.1049,32.47
25,Retail other than mall,8,Mountain,2,Cool,3800,1,4,50,,99.3805,2990.63
5,Nonrefrigerated warehouse,5,South Atlantic,4,Warm,9000,1,7,65,,10.6428,2990.63
13,Public assembly,6,East South Central,4,Warm,4000,1,6,8,,33.436,1218.03
14,Education,2,Middle Atlantic,2,Cool,196000,2,5,83,,101.1079,9.96
2,Office,9,Pacific,3,Mixed mild,600000,8,7,60,92.0,37.3702,15.06
5,Nonrefrigerated warehouse,9,Pacific,2,Cool,5000,1,7,20,,14.634,3075.23
2,Office,5,South Atlantic,4,Warm,86000,4,5,70,85.0,93.9364,589.53
8,Outpatient health care,4,West North Central,2,Cool,2000,1,8,35,100.0,89.6565,1417.97
13,Public assembly,2,Middle Atlantic,3,Mixed mild,30000,1,4,96,,202.1584,470.02
2,Office,7,West South Central,5,Hot or very hot,420000,5,2,60,90.0,22.6669,7.84
5,Nonrefrigerated warehouse,3,East North Central,2,Cool,365000,1,2,76,,22.1434,31.68
17,Nursing,1,New England,2,Cool,270000,3,8,168,,176.8462,97.52
7,Public order and safety,1,New England,7,Withheld for confidentiality,900000,12,7,50,,78.8085,8.91
12,Religious worship,2,Middle Atlantic,2,Cool,11000,2,4,9,,19.057,2934.43
13,Public assembly,2,Middle Atlantic,3,Mixed mild,700000,18,8,100,,220.7775,14.9
2,Office,5,South Atlantic,3,Mixed mild,83000,5,2,168,100.0,37.9536,3.1
15,Food service,1,New England,1,Cold or very cold,3600,1,2,90,,91.9503,1195.14
12,Religious worship,9,Pacific,3,Mixed mild,250000,3,7,80,,48.8027,15.06
14,Education,6,East South Central,4,Warm,100000,1,8,45,,49.3428,161.63
2,Office,2,Middle Atlantic,3,Mixed mild,190000,5,2,168,96.0,42.365,14.9
13,Public assembly,5,South Atlantic,3,Mixed mild,90000,9,2,54,,194.0627,97.52
23,Strip shopping center,3,East North Central,2,Cool,235000,1,7,96,95.0,140.8306,6.52
12,Religious worship,7,West South Central,4,Warm,335000,3,7,168,,42.3906,14.9
6,Food sales,6,East South Central,3,Mixed mild,1750,1,5,81,,101.9429,2990.63
2,Office,9,Pacific,4,Warm,6800,1,9,50,100.0,32.5297,1399.59
26,Service,5,South Atlantic,4,Warm,18000,1,9,55,,44.1797,2990.63
2,Office,9,Pacific,3,Mixed mild,700000,8,8,60,95.0,50.7408,17.76
5,Nonrefrigerated warehouse,7,West South Central,5,Hot or very hot,5000,2,6,40,,13.5112,5337.59
5,Nonrefrigerated warehouse,9,Pacific,4,Warm,198000,1,5,40,,6.4835,249.3
5,Nonrefrigerated warehouse,5,South Atlantic,4,Warm,325000,3,5,40,,6.4783,32.47
2,Office,5,South Atlantic,4,Warm,1500,1,3,40,100.0,103.938,2990.63
12,Religious worship,5,South Atlantic,4,Warm,15750,2,4,24,,13.9975,1408.23
13,Public assembly,5,South Atlantic,3,Mixed mild,182000,7,7,70,,91.3428,14.9
5,Nonrefrigerated warehouse,3,East North Central,2,Cool,600000,1,8,40,,36.9757,66.72
7,Public order and safety,8,Mountain,4,Warm,20000,1,6,168,,57.472,1661.74
2,Office,5,South Atlantic,3,Mixed mild,445000,18,8,65,98.0,54.1231,14.9
91,Other,3,East North Central,2,Cool,38500,1,2,168,,74.168,227.11
2,Office,8,Mountain,5,Hot or very hot,1050,1,5,40,100.0,45.3571,2934.43
91,Other,1,New England,2,Cool,19000,1,2,63,,3.0479,1195.14
2,Office,9,Pacific,4,Warm,235000,18,6,16,83.0,55.9591,15.06
18,Lodging,8,Mountain,2,Cool,53000,4,2,168,,66.0277,14.9
5,Nonrefrigerated warehouse,4,West North Central,3,Mixed mild,152000,2,6,168,,68.114,48.85
12,Religious worship,5,South Atlantic,5,Hot or very hot,1200,1,2,3,,46.49,2990.63
26,Service,3,East North Central,2,Cool,13000,3,2,45,,31.2813,1101.66
2,Office,4,West North Central,1,Cold or very cold,270000,5,4,168,90.0,71.6343,9.92
2,Office,5,South Atlantic,3,Mixed mild,370000,8,4,60,87.0,43.1972,14.9
91,Other,3,East North Central,3,Mixed mild,1500,1,2,0,,2.5393,2934.43
14,Education,9,Pacific,4,Warm,2900,1,7,30,,45.89,4384.99
5,Nonrefrigerated warehouse,5,South Atlantic,4,Warm,270000,1,7,50,,40.4292,32.47
15,Food service,5,South Atlantic,3,Mixed mild,6800,2,2,91,,116.5893,1218.03
13,Public assembly,3,East North Central,2,Cool,5000,2,7,15,,52.1316,6921.06
14,Education,7,West South Central,5,Hot or very hot,186000,1,8,45,,14.6994,54.9
16,Inpatient health care,9,Pacific,7,Withheld for confidentiality,90000,2,6,168,,331.7294,117.27
2,Office,7,West South Central,5,Hot or very hot,160000,7,7,12,86.0,66.3251,14.9
4,Laboratory,7,West South Central,5,Hot or very hot,325000,12,4,168,,281.9434,78.39
18,Lodging,2,Middle Atlantic,3,Mixed mild,34500,3,6,168,,124.444,502.9
2,Office,5,South Atlantic,3,Mixed mild,102000,2,6,50,90.0,71.4609,224.76
26,Service,2,Middle Atlantic,3,Mixed mild,5500,1,6,58,,47.076,2990.63
2,Office,5,South Atlantic,3,Mixed mild,4000,3,3,50,100.0,86.051,1195.14
2,Office,9,Pacific,4,Warm,124000,6,6,52,95.0,28.4093,117.27
8,Outpatient health care,3,East North Central,2,Cool,700000,18,9,80,75.0,58.7211,8.85
16,Inpatient health care,3,East North Central,7,Withheld for confidentiality,475000,12,4,168,,182.4737,27.22
26,Service,7,West South Central,5,Hot or very hot,7500,1,8,45,,67.3904,3420.76
2,Office,4,West North Central,3,Mixed mild,176000,4,3,12,75.0,46.3932,14.9
2,Office,9,Pacific,4,Warm,28000,7,2,60,100.0,37.7053,611.8
25,Retail other than mall,5,South Atlantic,3,Mixed mild,34000,2,7,50,,28.0611,1632.49
2,Office,3,East North Central,3,Mixed mild,345000,4,6,60,90.0,53.9096,15.06
2,Office,3,East North Central,2,Cool,200001,12,4,45,82.0,73.6806,15.06
2,Office,5,South Atlantic,3,Mixed mild,5000,1,8,40,75.0,9.0364,1408.23
2,Office,1,New England,2,Cool,60000,5,6,72,65.0,96.1633,8.74
5,Nonrefrigerated warehouse,2,Middle Atlantic,2,Cool,77000,1,8,50,,50.079,247.57
2,Office,9,Pacific,4,Warm,12500,2,5,84,100.0,72.6894,1531.55
6,Food sales,7,West South Central,5,Hot or very hot,5800,1,3,105,,278.1152,2990.63
7,Public order and safety,1,New England,2,Cool,8900,2,5,168,,82.1266,2050.06
5,Nonrefrigerated warehouse,5,South Atlantic,5,Hot or very hot,4200,1,5,168,,8.1064,6659.94
14,Education,3,East North Central,2,Cool,235000,2,7,43,,49.7011,43.95
14,Education,4,West North Central,3,Mixed mild,81000,2,6,50,,15.8293,99.04
2,Office,4,West North Central,3,Mixed mild,27000,5,5,40,95.0,113.3409,324.59
18,Lodging,7,West South Central,7,Withheld for confidentiality,60000,4,9,168,,65.6063,324.59
5,Nonrefrigerated warehouse,8,Mountain,5,Hot or very hot,34000,1,5,168,,65.1606,611.8
18,Lodging,5,South Atlantic,7,Withheld for confidentiality,160000,6,5,168,,132.3167,8.84
25,Retail other than mall,2,Middle Atlantic,2,Cool,205000,1,8,112,,124.6847,14.9
2,Office,7,West South Central,3,Mixed mild,13000,1,8,50,100.0,83.4773,1413.09
12,Religious worship,5,South Atlantic,4,Warm,4500,1,8,35,,44.0549,2990.63
5,Nonrefrigerated warehouse,8,Mountain,3,Mixed mild,300000,2,7,60,,8.4737,31.35
2,Office,7,West South Central,5,Hot or very hot,41500,2,8,60,80.0,60.1409,502.9
91,Other,9,Pacific,4,Warm,12000,1,7,168,,110.176,3554.88
6,Food sales,5,South Atlantic,4,Warm,1400,1,3,121,,174.4793,2990.63
2,Office,5,South Atlantic,3,Mixed mild,500001,12,6,64,100.0,60.8422,6.52
14,Education,9,Pacific,4,Warm,134000,2,2,60,,64.6333,45.1
2,Office,8,Mountain,2,Cool,225000,18,6,66,78.0,82.0875,14.9
18,Lodging,7,West South Central,7,Withheld for confidentiality,28500,2,7,168,,41.4311,502.9
13,Public assembly,3,East North Central,2,Cool,34000,1,9,168,,93.3005,216.68
2,Office,8,Mountain,3,Mixed mild,75000,5,8,60,85.0,83.2994,240.4
17,Nursing,2,Middle Atlantic,3,Mixed mild,260000,5,6,168,,66.7057,44.64
14,Education,8,Mountain,7,Withheld for confidentiality,31000,1,6,168,,111.3137,423.01
12,Religious worship,3,East North Central,2,Cool,10000,1,7,65,,29.1957,8786.36
26,Service,6,East South Central,4,Warm,10000,1,4,40,,7.2239,1489.41
24,Enclosed mall,2,Middle Atlantic,7,Withheld for confidentiality,1000000,2,7,92,80.0,36.3142,48.85
26,Service,2,Middle Atlantic,2,Cool,3000,2,7,60,,21.379,2990.63
14,Education,5,South Atlantic,3,Mixed mild,63000,2,2,60,,49.7825,431.11
5,Nonrefrigerated warehouse,7,West South Central,4,Warm,100000,1,6,55,,39.8948,245.01
2,Office,9,Pacific,4,Warm,3750,1,9,40,100.0,61.8581,3075.23
2,Office,6,East South Central,4,Warm,5000,2,3,40,100.0,30.8478,490.82
16,Inpatient health care,3,East North Central,7,Withheld for confidentiality,500000,5,4,168,,221.9568,20.95
15,Food service,9,Pacific,2,Cool,2000,3,2,88,,68.4795,1265.79
5,Nonrefrigerated warehouse,6,East South Central,4,Warm,80000,1,8,60,,1.346,126.51
14,Education,4,West North Central,2,Cool,30000,3,4,50,,45.3426,329.67
25,Retail other than mall,5,South Atlantic,3,Mixed mild,70000,1,9,150,,176.5816,220.83
6,Food sales,7,West South Central,5,Hot or very hot,1800,1,6,168,,325.6811,2990.63
26,Service,3,East North Central,3,Mixed mild,1450,1,2,30,,104.9241,2934.43
2,Office,4,West North Central,1,Cold or very cold,21500,3,6,40,100.0,70.7173,1484.29
7,Public order and safety,7,West South Central,3,Mixed mild,51000,2,6,168,,111.0085,504.63
2,Office,8,Mountain,2,Cool,300000,6,8,55,100.0,96.256,58.26
12,Religious worship,5,South Atlantic,4,Warm,50000,3,4,68,,41.1987,468.41
6,Food sales,5,South Atlantic,3,Mixed mild,2400,1,5,168,,308.7892,2990.63
13,Public assembly,5,South Atlantic,4,Warm,500000,12,4,40,,41.988,9.07
15,Food service,5,South Atlantic,3,Mixed mild,8000,1,7,112,,258.9852,1218.03
16,Inpatient health care,2,Middle Atlantic,7,Withheld for confidentiality,1500000,12,6,168,,191.7911,10.37
18,Lodging,9,Pacific,3,Mixed mild,5400,1,9,168,,36.1483,4384.99
25,Retail other than mall,3,East North Central,3,Mixed mild,180000,1,8,168,,104.5818,122.69
16,Inpatient health care,9,Pacific,7,Withheld for confidentiality,495000,8,3,168,,197.0679,10.17
5,Nonrefrigerated warehouse,6,East South Central,3,Mixed mild,176000,2,3,45,,6.3173,125.04
5,Nonrefrigerated warehouse,6,East South Central,4,Warm,215000,1,9,60,,18.9816,69.6
2,Office,3,East North Central,2,Cool,210000,3,7,71,70.0,51.4364,43.03
15,Food service,1,New England,3,Mixed mild,2400,1,3,70,,144.2296,1195.14
7,Public order and safety,2,Middle Atlantic,2,Cool,28000,2,8,168,,55.0576,1426.39
2,Office,3,East North Central,2,Cool,480000,18,2,100,88.0,67.5586,15.06
18,Lodging,2,Middle Atlantic,2,Cool,198000,7,8,168,,56.0818,6.63
26,Service,5,South Atlantic,4,Warm,10000,1,8,40,,12.5558,1122.76
13,Public assembly,3,East North Central,2,Cool,30000,1,8,84,,137.5984,1399.59
2,Office,8,Mountain,2,Cool,198000,4,8,10,100.0,51.9192,14.9
2,Office,5,South Atlantic,3,Mixed mild,600000,12,5,60,99.0,39.6399,6.52
12,Religious worship,3,East North Central,3,Mixed mild,6300,1,8,5,,4.0368,2934.43
5,Nonrefrigerated warehouse,7,West South Central,5,Hot or very hot,7800,2,4,168,,54.6465,1489.41
13,Public assembly,3,East North Central,2,Cool,112000,4,7,47,,82.3234,8.66
13,Public assembly,8,Mountain,1,Cold or very cold,11250,1,2,30,,52.1183,1445.98
14,Education,7,West South Central,4,Warm,8800,1,8,48,,136.1895,1426.39
12,Religious worship,6,East South Central,3,Mixed mild,30000,2,9,55,,18.6595,580.45
25,Retail other than mall,3,East North Central,2,Cool,10000,1,9,48,,61.93,1531.55
8,Outpatient health care,2,Middle Atlantic,2,Cool,81000,3,9,66,60.0,81.7467,116.06
12,Religious worship,9,Pacific,4,Warm,20250,1,3,48,,23.0249,1531.55
25,Retail other than mall,4,West North Central,3,Mixed mild,5000,1,6,98,,109.7054,1413.09
14,Education,2,Middle Atlantic,2,Cool,140000,3,3,70,,67.2752,99.04
5,Nonrefrigerated warehouse,5,South Atlantic,4,Warm,140000,2,5,40,,13.1022,235.71
25,Retail other than mall,5,South Atlantic,5,Hot or very hot,64000,1,9,91,,56.2043,623.52
2,Office,5,South Atlantic,4,Warm,3800,2,7,42,100.0,67.1013,2990.63
5,Nonrefrigerated warehouse,7,West South Central,4,Warm,100000,1,7,40,,9.0994,245.01
15,Food service,3,East North Central,2,Cool,7200,1,7,98,,531.0958,1265.79
26,Service,6,East South Central,4,Warm,13000,1,6,40,,14.7655,1445.98
26,Service,6,East South Central,4,Warm,3000,1,8,75,,189.38,2990.63
8,Outpatient health care,4,West North Central,2,Cool,186000,2,5,168,100.0,103.4071,152.37
25,Retail other than mall,8,Mountain,5,Hot or very hot,150000,1,8,105,,71.0776,105.74
15,Food service,5,South Atlantic,3,Mixed mild,2750,1,7,105,,622.7636,1218.03
13,Public assembly,8,Mountain,2,Cool,230000,2,5,80,,68.243,8.57
14,Education,9,Pacific,7,Withheld for confidentiality,46000,4,4,75,,66.9787,495.15
2,Office,8,Mountain,2,Cool,345000,12,9,44,98.0,41.3278,58.72
26,Service,3,East North Central,2,Cool,7000,2,8,68,,49.4969,1531.55
12,Religious worship,5,South Atlantic,4,Warm,75000,2,5,75,,37.4371,224.76
2,Office,3,East North Central,2,Cool,4150,2,5,52,100.0,39.4087,2649.96
17,Nursing,3,East North Central,2,Cool,270000,6,6,168,,55.8754,8.93
15,Food service,3,East North Central,2,Cool,6400,2,3,14,,997.5966,717.24
91,Other,5,South Atlantic,4,Warm,800000,3,4,168,,97.9864,66.26
91,Other,5,South Atlantic,4,Warm,78000,1,8,45,,8.5038,220.83
5,Nonrefrigerated warehouse,9,Pacific,4,Warm,365000,2,5,60,,9.6357,9.16
2,Office,2,Middle Atlantic,3,Mixed mild,260000,18,3,60,90.0,120.1594,14.9
6,Food sales,7,West South Central,5,Hot or very hot,128000,1,9,133,,133.3479,125.04
18,Lodging,5,South Atlantic,7,Withheld for confidentiality,48000,4,8,168,,50.654,423.01
26,Service,5,South Atlantic,4,Warm,1200,1,6,35,,62.64,2990.63
2,Office,2,Middle Atlantic,3,Mixed mild,118000,4,2,60,100.0,67.749,51.49
2,Office,8,Mountain,5,Hot or very hot,15000,1,7,60,100.0,104.2705,1461.43
16,Inpatient health care,2,Middle Atlantic,7,Withheld for confidentiality,380000,5,5,168,,77.345,9.91
25,Retail other than mall,3,East North Central,2,Cool,98000,1,8,96,,40.2516,215.07
12,Religious worship,9,Pacific,4,Warm,3200,1,5,16,,69.5628,3414.19
14,Education,1,New England,7,Withheld for confidentiality,152000,6,9,77,,99.7902,97.52
13,Public assembly,3,East North Central,2,Cool,104000,2,8,111,,43.6582,118.55
8,Outpatient health care,8,Mountain,4,Warm,5600,1,6,45,100.0,49.8716,1195.14
2,Office,8,Mountain,1,Cold or very cold,4250,3,2,50,50.0,59.6492,1029.87
2,Office,1,New England,3,Mixed mild,180000,12,6,53,70.0,46.7234,58.49
17,Nursing,5,South Atlantic,3,Mixed mild,120000,3,7,168,,132.8249,74.78
2,Office,9,Pacific,4,Warm,158000,4,8,65,69.0,46.0739,59.79
14,Education,1,New England,2,Cool,44500,4,2,40,,56.8652,324.59
5,Nonrefrigerated warehouse,7,West South Central,4,Warm,30000,1,5,45,,10.145,1030.4
24,Enclosed mall,7,West South Central,7,Withheld for confidentiality,600000,3,6,72,90.0,75.438,52.07
5,Nonrefrigerated warehouse,1,New England,2,Cool,1000000,2,5,132,,38.1275,27.28
13,Public assembly,8,Mountain,7,Withheld for confidentiality,2100000,7,8,168,,115.0933,8.87
5,Nonrefrigerated warehouse,1,New England,1,Cold or very cold,4900,1,7,60,,6.5043,9096.95
91,Other,9,Pacific,4,Warm,78000,3,2,49,,2.0469,55.51
4,Laboratory,9,Pacific,4,Warm,84000,4,5,83,,48.6833,100.08
14,Education,5,South Atlantic,4,Warm,108000,4,8,50,,35.4997,99.04
2,Office,9,Pacific,3,Mixed mild,245000,12,2,60,90.0,38.6951,15.06
14,Education,7,West South Central,5,Hot or very hot,69000,1,9,80,,32.2173,8.84
16,Inpatient health care,3,East North Central,7,Withheld for confidentiality,425000,7,6,168,,148.5624,29.07
14,Education,9,Pacific,7,Withheld for confidentiality,350000,2,7,96,,49.8041,8.66
5,Nonrefrigerated warehouse,6,East South Central,3,Mixed mild,10001,1,3,168,,137.4764,1426.39
14,Education,4,West North Central,1,Cold or very cold,370000,4,7,104,,69.9236,51.3
14,Education,9,Pacific,4,Warm,7200,1,4,35,,27.2578,1834.88
13,Public assembly,7,West South Central,4,Warm,64000,2,8,154,,192.7428,117.32
18,Lodging,5,South Atlantic,4,Warm,96000,5,5,168,,186.8173,97.52
13,Public assembly,9,Pacific,4,Warm,15250,3,2,6,,71.4098,611.8
14,Education,5,South Atlantic,7,Withheld for confidentiality,132000,4,7,168,,123.2266,63.15
13,Public assembly,9,Pacific,1,Cold or very cold,260000,5,8,16,,103.1574,6.04
5,Nonrefrigerated warehouse,5,South Atlantic,4,Warm,27500,1,7,112,,33.9778,591.56
5,Nonrefrigerated warehouse,8,Mountain,2,Cool,44000,1,7,60,,44.6771,623.52
14,Education,2,Middle Atlantic,3,Mixed mild,168000,4,3,78,,66.4321,117.32
2,Office,9,Pacific,3,Mixed mild,36500,4,6,40,100.0,135.5694,14.67
18,Lodging,7,West South Central,5,Hot or very hot,360000,3,5,168,,43.4033,9.01
18,Lodging,6,East South Central,4,Warm,55000,7,7,168,,67.0733,8.7
16,Inpatient health care,5,South Atlantic,7,Withheld for confidentiality,1000000,9,8,168,,191.5082,8.92
2,Office,5,South Atlantic,3,Mixed mild,1900,3,2,45,100.0,53.6711,2934.43
18,Lodging,3,East North Central,7,Withheld for confidentiality,200000,12,5,168,,158.9461,8.93
2,Office,8,Mountain,5,Hot or very hot,120000,4,8,45,33.0,93.4548,97.52
13,Public assembly,5,South Atlantic,4,Warm,235000,3,9,168,,131.0269,8.57
5,Nonrefrigerated warehouse,9,Pacific,4,Warm,400000,1,9,17,,7.37,52.43
15,Food service,3,East North Central,2,Cool,1001,3,2,69,,739.7253,1265.79
2,Office,9,Pacific,4,Warm,106000,5,7,54,75.0,69.2175,15.06
26,Service,1,New England,3,Mixed mild,7000,2,3,80,,103.5227,1461.43
14,Education,5,South Atlantic,3,Mixed mild,160000,3,3,72,,92.55,99.04
2,Office,5,South Atlantic,4,Warm,2150,2,7,48,100.0,38.6242,2990.63
2,Office,6,East South Central,4,Warm,6000,1,4,40,100.0,140.199,1413.09
12,Religious worship,3,East North Central,2,Cool,7000,2,7,6,,41.5193,3075.23
14,Education,3,East North Central,7,Withheld for confidentiality,355000,6,8,61,,69.0168,18.29
26,Service,2,Middle Atlantic,3,Mixed mild,260000,3,2,100,,94.6868,14.9
17,Nursing,3,East North Central,2,Cool,29000,1,7,168,,109.6344,1414.71
13,Public assembly,2,Middle Atlantic,2,Cool,385000,5,6,84,,90.812,8.57
14,Education,3,East North Central,2,Cool,360000,3,3,106,,81.3369,26.02
16,Inpatient health care,2,Middle Atlantic,7,Withheld for confidentiality,600000,8,4,168,,151.1479,8.92
5,Nonrefrigerated warehouse,7,West South Central,5,Hot or very hot,68000,2,8,45,,18.1815,244.16
14,Education,3,East North Central,2,Cool,65000,2,4,60,,91.5076,278.62
5,Nonrefrigerated warehouse,4,West North Central,2,Cool,6000,1,3,20,,23.8243,2990.63
26,Service,3,East North Central,2,Cool,2500,1,6,44,,12.6556,2934.43
14,Education,5,South Atlantic,7,Withheld for confidentiality,215000,4,8,80,,54.5546,71.98
5,Nonrefrigerated warehouse,3,East North Central,1,Cold or very cold,62000,2,5,60,,23.7357,118.55
8,Outpatient health care,5,South Atlantic,4,Warm,7900,1,4,45,90.0,52.1942,1218.03
25,Retail other than mall,5,South Atlantic,4,Warm,1200,2,2,52,,13.0708,14.9
2,Office,1,New England,2,Cool,210000,3,6,66,100.0,63.4662,14.73
2,Office,1,New England,2,Cool,106000,12,2,60,90.0,70.8605,137.69
23,Strip shopping center,9,Pacific,4,Warm,99000,1,8,75,76.0,118.5034,175.02
12,Religious worship,6,East South Central,4,Warm,11500,1,6,15,,12.1761,1489.41
14,Education,4,West North Central,1,Cold or very cold,275000,3,6,100,,80.1273,44.64
14,Education,3,East North Central,2,Cool,118000,2,2,50,,40.9529,100.08
2,Office,5,South Atlantic,4,Warm,3200,1,8,50,100.0,40.0875,2990.63
14,Education,5,South Atlantic,7,Withheld for confidentiality,95000,6,6,72,,100.7222,97.52
15,Food service,8,Mountain,3,Mixed mild,3000,1,9,100,,570.244,1218.03
14,Education,2,Middle Atlantic,2,Cool,210000,2,7,40,,76.7937,99.04
5,Nonrefrigerated warehouse,4,West North Central,1,Cold or very cold,4000,1,4,45,,94.187,2990.63
12,Religious worship,6,East South Central,4,Warm,11250,2,3,50,,10.9708,1413.09
5,Nonrefrigerated warehouse,3,East North Central,3,Mixed mild,32000,1,5,50,,24.1271,611.8
18,Lodging,5,South Atlantic,7,Withheld for confidentiality,82000,4,7,168,,86.9035,417.91
8,Outpatient health care,5,South Atlantic,3,Mixed mild,140000,3,8,12,100.0,136.4837,12.83
2,Office,2,Middle Atlantic,3,Mixed mild,210000,18,2,168,35.0,62.4309,58.26
26,Service,5,South Atlantic,3,Mixed mild,4500,1,6,60,,46.2131,2990.63
17,Nursing,7,West South Central,5,Hot or very hot,16500,1,4,168,,155.2798,1426.39
16,Inpatient health care,6,East South Central,7,Withheld for confidentiality,230000,5,8,168,,313.6262,15.85
17,Nursing,6,East South Central,4,Warm,83000,3,8,168,,59.7298,324.59
26,Service,3,East North Central,2,Cool,2200,1,7,40,,73.5914,1472.45
2,Office,7,West South Central,4,Warm,9900,1,6,168,100.0,13.7559,3695.52
12,Religious worship,7,West South Central,5,Hot or very hot,62000,3,6,40,,46.7346,14.9
18,Lodging,8,Mountain,5,Hot or very hot,350000,12,8,168,,38.5076,6.63
5,Nonrefrigerated warehouse,2,Middle Atlantic,3,Mixed mild,200000,1,4,168,,29.3609,31.35
14,Education,9,Pacific,4,Warm,1500,1,6,50,,18.344,4384.99
16,Inpatient health care,3,East North Central,7,Withheld for confidentiality,1800000,18,7,168,,127.5041,8.44
24,Enclosed mall,5,South Atlantic,7,Withheld for confidentiality,240000,2,7,112,90.0,51.1962,9.07
14,Education,1,New England,2,Cool,150000,2,7,45,,61.6481,8.74
26,Service,8,Mountain,5,Hot or very hot,1800,1,4,60,,79.5333,2934.43
14,Education,7,West South Central,7,Withheld for confidentiality,23250,2,6,50,,46.9391,329.67
8,Outpatient health care,5,South Atlantic,4,Warm,2100,1,2,50,100.0,47.7195,1218.03
25,Retail other than mall,6,East South Central,4,Warm,205000,1,8,168,,87.9856,14.67
18,Lodging,9,Pacific,7,Withheld for confidentiality,50000,2,5,168,,35.7455,587.89
18,Lodging,2,Middle Atlantic,7,Withheld for confidentiality,55000,12,9,168,,52.2368,332.94
18,Lodging,3,East North Central,3,Mixed mild,1500,4,7,168,,115.6233,3075.23
13,Public assembly,9,Pacific,4,Warm,1000000,5,2,30,,35.1279,15.06
2,Office,6,East South Central,4,Warm,78000,2,9,168,100.0,103.5503,56.43
14,Education,6,East South Central,4,Warm,45000,2,5,45,,32.2227,599.15
25,Retail other than mall,7,West South Central,5,Hot or very hot,8500,1,6,84,,23.8624,2990.63
12,Religious worship,3,East North Central,2,Cool,6100,2,2,7,,51.2666,1531.55
8,Outpatient health care,9,Pacific,4,Warm,110000,3,9,50,100.0,146.1973,75.26
2,Office,8,Mountain,1,Cold or very cold,2000,1,8,40,100.0,81.4695,183.95
14,Education,6,East South Central,7,Withheld for confidentiality,118000,4,5,90,,107.6171,97.52
7,Public order and safety,5,South Atlantic,3,Mixed mild,370000,3,8,168,,104.5267,50.03
13,Public assembly,4,West North Central,2,Cool,2800,3,2,24,,17.7179,1429.19
14,Education,7,West South Central,5,Hot or very hot,182000,1,8,75,,76.0904,99.38
2,Office,3,East North Central,2,Cool,415000,9,8,168,95.0,36.1878,15.06
13,Public assembly,5,South Atlantic,5,Hot or very hot,330000,2,6,168,,84.84,10.17
25,Retail other than mall,2,Middle Atlantic,3,Mixed mild,19000,3,2,67,,73.7766,621.37
2,Office,5,South Atlantic,3,Mixed mild,62000,7,5,90,85.0,78.4032,234.86
8,Outpatient health care,4,West North Central,3,Mixed mild,134000,6,8,60,90.0,77.36,66.02
2,Office,3,East North Central,2,Cool,2500,1,4,35,100.0,67.6704,1472.45
2,Office,4,West North Central,1,Cold or very cold,5000,2,7,24,100.0,34.6208,3480.09
23,Strip shopping center,8,Mountain,5,Hot or very hot,94000,1,8,119,100.0,154.5459,175.02
5,Nonrefrigerated warehouse,3,East North Central,2,Cool,182000,1,5,40,,20.903,237.36
7,Public order and safety,8,Mountain,4,Warm,1100,1,7,168,,55.28,2528.63
14,Education,3,East North Central,2,Cool,260000,4,2,60,,39.4549,45.1
25,Retail other than mall,4,West North Central,1,Cold or very cold,2000,1,4,55,,112.51,2990.63
25,Retail other than mall,8,Mountain,5,Hot or very hot,43000,1,8,52,,22.1031,240.4
5,Nonrefrigerated warehouse,9,Pacific,2,Cool,5000,1,7,50,,23.241,6921.06
2,Office,3,East North Central,7,Withheld for confidentiality,1800000,18,5,72,100.0,38.6578,6.59
2,Office,4,West North Central,1,Cold or very cold,56000,3,9,50,70.0,27.1757,11.33
13,Public assembly,7,West South Central,4,Warm,2150,1,8,112,,169.2265,4384.99
2,Office,2,Middle Atlantic,7,Withheld for confidentiality,1500000,18,4,60,93.0,47.6445,14.9
18,Lodging,5,South Atlantic,7,Withheld for confidentiality,200000,12,6,168,,91.0047,9.01
14,Education,5,South Atlantic,7,Withheld for confidentiality,1600,1,7,30,,33.5069,3850.95
14,Education,3,East North Central,2,Cool,340000,3,7,98,,57.0438,8.93
14,Education,7,West South Central,4,Warm,250000,2,3,40,,46.5372,78.39
16,Inpatient health care,9,Pacific,7,Withheld for confidentiality,800000,2,2,168,,91.4006,71.71
24,Enclosed mall,9,Pacific,7,Withheld for confidentiality,2100000,2,5,76,94.0,39.079,9.16
5,Nonrefrigerated warehouse,8,Mountain,3,Mixed mild,118000,2,7,100,,30.7336,31.35
12,Religious worship,5,South Atlantic,4,Warm,70000,3,7,55,,25.6638,14.9
23,Strip shopping center,9,Pacific,4,Warm,5400,1,4,75,100.0,184.6076,4740.75
2,Office,3,East North Central,2,Cool,36500,1,6,168,100.0,128.3549,451.56
13,Public assembly,8,Mountain,4,Warm,152000,3,7,30,,55.2576,102.37
26,Service,3,East North Central,2,Cool,34000,1,8,144,,71.3961,1748.0
2,Office,3,East North Central,2,Cool,245000,4,5,50,85.0,48.388,6.59
5,Nonrefrigerated warehouse,6,East South Central,3,Mixed mild,67000,1,3,45,,32.4903,14.67
18,Lodging,2,Middle Atlantic,3,Mixed mild,3050,2,7,168,,16.8154,1421.48
2,Office,5,South Atlantic,4,Warm,500001,2,7,168,100.0,313.1844,25.2
5,Nonrefrigerated warehouse,3,East North Central,2,Cool,80000,2,9,50,,27.8959,611.8
26,Service,2,Middle Atlantic,3,Mixed mild,1800,3,2,58,,145.2511,2934.43
5,Nonrefrigerated warehouse,9,Pacific,4,Warm,6000,1,3,50,,20.0427,1265.79
2,Office,6,East South Central,4,Warm,3200,1,8,32,100.0,21.0072,2800.45
14,Education,4,West North Central,2,Cool,17250,1,9,50,,29.0275,374.59
8,Outpatient health care,3,East North Central,3,Mixed mild,330000,12,6,85,100.0,151.7448,8.85
2,Office,5,South Atlantic,3,Mixed mild,295000,12,2,168,67.0,99.7803,14.9
26,Service,8,Mountain,4,Warm,2100,1,5,40,,52.5481,2934.43
13,Public assembly,8,Mountain,5,Hot or very hot,42000,1,9,60,,77.0641,240.4
12,Religious worship,3,East North Central,2,Cool,30000,2,2,8,,8.2543,1531.55
12,Religious worship,4,West North Central,3,Mixed mild,5000,2,2,6,,13.368,2990.63
17,Nursing,5,South Atlantic,3,Mixed mild,120000,9,4,168,,135.6206,97.52
13,Public assembly,5,South Atlantic,5,Hot or very hot,56000,1,7,168,,38.8332,419.36
13,Public assembly,6,East South Central,4,Warm,20750,1,7,40,,95.7458,580.45
7,Public order and safety,8,Mountain,2,Cool,17000,2,6,168,,53.3346,1218.58
2,Office,8,Mountain,1,Cold or very cold,4250,2,3,40,90.0,96.9459,460.31
12,Religious worship,4,West North Central,1,Cold or very cold,132000,2,8,100,,83.7766,125.04
13,Public assembly,5,South Atlantic,5,Hot or very hot,600000,3,7,168,,71.5051,10.17
25,Retail other than mall,7,West South Central,3,Mixed mild,1600,1,8,24,,18.7838,2990.63
16,Inpatient health care,3,East North Central,7,Withheld for confidentiality,340000,4,7,168,,212.7779,44.15
13,Public assembly,6,East South Central,4,Warm,146000,2,4,16,,156.2911,50.81
14,Education,1,New England,7,Withheld for confidentiality,148000,12,2,112,,70.5418,6.66
26,Service,9,Pacific,5,Hot or very hot,63000,2,8,40,,83.2709,118.55
12,Religious worship,8,Mountain,1,Cold or very cold,11250,2,2,60,,73.1698,1441.01
17,Nursing,2,Middle Atlantic,2,Cool,52000,2,4,168,,127.4695,99.04
14,Education,3,East North Central,2,Cool,77000,2,4,50,,68.064,306.64
14,Education,9,Pacific,7,Withheld for confidentiality,88000,4,7,90,,32.7813,341.69
14,Education,2,Middle Atlantic,3,Mixed mild,108000,6,2,66,,93.5676,8.84
12,Religious worship,7,West South Central,4,Warm,56000,3,7,80,,30.5556,117.32
12,Religious worship,3,East North Central,3,Mixed mild,4800,2,3,16,,83.2175,3414.19
25,Retail other than mall,8,Mountain,2,Cool,205000,1,8,168,,110.8016,61.68
14,Education,2,Middle Atlantic,2,Cool,138000,3,5,30,,50.6341,99.04
91,Other,9,Pacific,4,Warm,170000,1,6,168,,246.589,125.92
2,Office,2,Middle Atlantic,2,Cool,110000,3,9,40,100.0,49.2667,117.32
14,Education,2,Middle Atlantic,7,Withheld for confidentiality,230000,5,9,84,,42.1876,9.17
14,Education,6,East South Central,4,Warm,75000,1,4,35,,50.9783,1298.81
2,Office,9,Pacific,4,Warm,300000,18,8,54,80.0,39.0047,9.11
18,Lodging,8,Mountain,7,Withheld for confidentiality,2100000,18,8,168,,255.3785,8.87
13,Public assembly,8,Mountain,3,Mixed mild,20000,2,7,56,,11.6864,1418.81
5,Nonrefrigerated warehouse,5,South Atlantic,5,Hot or very hot,50000,2,4,74,,37.4145,309.52
8,Outpatient health care,4,West North Central,2,Cool,75000,4,9,60,50.0,104.0348,126.08
13,Public assembly,9,Pacific,4,Warm,260000,4,6,112,,49.5036,118.55
18,Lodging,9,Pacific,7,Withheld for confidentiality,375000,12,2,168,,88.0281,100.08
14,Education,5,South Atlantic,3,Mixed mild,235000,4,2,78,,40.8756,17.7
2,Office,5,South Atlantic,3,Mixed mild,8500,5,2,24,80.0,35.882,589.53
2,Office,8,Mountain,5,Hot or very hot,40000,2,6,168,75.0,49.1643,240.4
4,Laboratory,9,Pacific,4,Warm,110000,7,7,112,,260.6512,52.84
2,Office,3,East North Central,2,Cool,500001,18,2,83,93.0,97.3929,15.06
2,Office,5,South Atlantic,3,Mixed mild,415000,8,2,50,50.0,75.073,14.9
5,Nonrefrigerated warehouse,3,East North Central,3,Mixed mild,6000,1,8,40,,4.984,3075.23
5,Nonrefrigerated warehouse,2,Middle Atlantic,2,Cool,300000,2,2,10,,70.3657,8.84
17,Nursing,9,Pacific,3,Mixed mild,160000,4,7,168,,136.4412,9.11
12,Religious worship,8,Mountain,5,Hot or very hot,18500,1,7,108,,59.0939,2934.43
8,Outpatient health care,2,Middle Atlantic,3,Mixed mild,75000,5,8,70,100.0,113.3971,127.33
2,Office,1,New England,2,Cool,3200,3,2,168,100.0,49.2147,1745.76
24,Enclosed mall,5,South Atlantic,7,Withheld for confidentiality,1700000,1,7,96,95.0,51.7072,14.9
5,Nonrefrigerated warehouse,9,Pacific,2,Cool,6000,1,6,0,,28.394,6921.06
5,Nonrefrigerated warehouse,1,New England,1,Cold or very cold,56000,3,6,18,,19.0735,672.81
23,Strip shopping center,7,West South Central,5,Hot or very hot,265000,2,8,72,81.0,72.1833,85.15
25,Retail other than mall,9,Pacific,4,Warm,220000,1,8,126,,78.5687,15.06
14,Education,2,Middle Atlantic,3,Mixed mild,138000,4,3,110,,51.9925,99.04
14,Education,7,West South Central,7,Withheld for confidentiality,73000,4,2,70,,131.2375,324.59
14,Education,5,South Atlantic,3,Mixed mild,94000,1,9,60,,78.509,288.37
24,Enclosed mall,5,South Atlantic,7,Withheld for confidentiality,1700000,2,7,140,90.0,31.1175,14.9
17,Nursing,3,East North Central,2,Cool,43000,2,3,168,,147.3339,495.15
24,Enclosed mall,2,Middle Atlantic,7,Withheld for confidentiality,1500000,2,4,75,84.0,45.9077,14.9
17,Nursing,5,South Atlantic,4,Warm,162000,3,4,168,,115.2889,21.46
2,Office,8,Mountain,3,Mixed mild,285000,12,6,55,80.0,46.0143,14.9
14,Education,3,East North Central,7,Withheld for confidentiality,1800000,4,4,88,,90.3367,9.11
14,Education,7,West South Central,7,Withheld for confidentiality,45000,5,8,90,,142.4592,329.67
26,Service,8,Mountain,5,Hot or very hot,4200,1,8,50,,6.81,2934.43
12,Religious worship,5,South Atlantic,5,Hot or very hot,22000,1,8,40,,26.2965,2990.63
14,Education,5,South Atlantic,7,Withheld for confidentiality,37500,5,7,75,,146.2219,429.63
17,Nursing,1,New England,2,Cool,88000,4,9,168,,112.7694,134.42
18,Lodging,9,Pacific,7,Withheld for confidentiality,345000,4,7,168,,37.7796,8.7
5,Nonrefrigerated warehouse,5,South Atlantic,4,Warm,425000,2,7,72,,44.1769,14.9
14,Education,2,Middle Atlantic,2,Cool,34000,4,3,40,,34.9813,303.46
2,Office,4,West North Central,3,Mixed mild,130000,3,4,50,100.0,55.5224,14.9
5,Nonrefrigerated warehouse,9,Pacific,5,Hot or very hot,20000,1,6,12,,3.7648,3554.88
14,Education,8,Mountain,1,Cold or very cold,2100,1,8,33,,22.2624,2063.57
12,Religious worship,5,South Atlantic,4,Warm,20000,1,6,10,,38.7976,589.53
2,Office,1,New England,2,Cool,485000,12,2,168,90.0,70.7772,14.73
16,Inpatient health care,9,Pacific,7,Withheld for confidentiality,1000000,7,5,168,,173.1338,3.95
14,Education,7,West South Central,5,Hot or very hot,230000,1,4,60,,52.329,99.38
2,Office,4,West North Central,3,Mixed mild,85000,6,8,65,79.0,54.6737,240.4
17,Nursing,4,West North Central,2,Cool,34000,2,7,168,,74.8876,329.67
14,Education,8,Mountain,7,Withheld for confidentiality,255000,5,9,102,,97.0986,6.87
91,Other,2,Middle Atlantic,3,Mixed mild,170000,2,5,70,,103.4747,914.63
7,Public order and safety,2,Middle Atlantic,7,Withheld for confidentiality,160000,5,4,40,,52.2752,69.5
25,Retail other than mall,7,West South Central,3,Mixed mild,1250,1,5,1,,37.3904,2990.63
8,Outpatient health care,9,Pacific,3,Mixed mild,4000,1,6,45,100.0,103.4652,1265.79
14,Education,9,Pacific,4,Warm,50000,2,6,55,,73.8254,15.06
14,Education,2,Middle Atlantic,2,Cool,600000,4,8,65,,39.7448,8.84
2,Office,7,West South Central,4,Warm,9500,1,8,60,100.0,160.0614,690.18
2,Office,1,New England,2,Cool,124000,3,6,50,80.0,40.7722,14.73
25,Retail other than mall,7,West South Central,5,Hot or very hot,186000,1,9,168,,118.1124,125.04
14,Education,3,East North Central,3,Mixed mild,79000,2,8,45,,51.4985,97.52
8,Outpatient health care,1,New England,2,Cool,7200,2,8,60,75.0,63.1061,55.76
18,Lodging,2,Middle Atlantic,7,Withheld for confidentiality,42000,3,6,168,,123.5123,13.94
8,Outpatient health care,2,Middle Atlantic,3,Mixed mild,4550,1,6,102,100.0,219.5822,1218.03
12,Religious worship,5,South Atlantic,4,Warm,5000,1,8,40,,49.6398,2990.63
12,Religious worship,3,East North Central,2,Cool,4500,1,3,6,,54.5738,4057.15
15,Food service,1,New England,2,Cool,2100,1,8,84,,482.3286,1195.14
26,Service,9,Pacific,2,Cool,8600,1,5,40,,25.2979,1899.96
6,Food sales,3,East North Central,1,Cold or very cold,63000,1,8,133,,216.4754,215.07
14,Education,5,South Atlantic,4,Warm,128000,2,8,50,,54.0372,57.62
2,Office,4,West North Central,1,Cold or very cold,285000,18,6,85,93.0,46.0904,14.9
91,Other,3,East North Central,2,Cool,2100,1,5,168,,61.5419,1265.79
26,Service,2,Middle Atlantic,3,Mixed mild,5400,1,2,0,,15.7207,2990.63
14,Education,3,East North Central,3,Mixed mild,150000,2,8,60,,93.8464,20.62
2,Office,2,Middle Atlantic,1,Cold or very cold,230000,12,5,60,99.0,70.2239,14.9
2,Office,5,South Atlantic,4,Warm,2400,1,7,50,100.0,37.415,1218.03
2,Office,5,South Atlantic,3,Mixed mild,164000,4,8,65,100.0,53.4427,137.69
2,Office,4,West North Central,1,Cold or very cold,275000,9,7,60,87.0,58.9816,14.9
18,Lodging,5,South Atlantic,4,Warm,255000,12,9,168,,73.9804,5.52
14,Education,5,South Atlantic,4,Warm,220000,3,6,60,,28.4498,69.58
12,Religious worship,2,Middle Atlantic,3,Mixed mild,265000,2,5,70,,38.3344,14.9
26,Service,2,Middle Atlantic,3,Mixed mild,4000,1,7,50,,32.1428,6659.94
25,Retail other than mall,3,East North Central,2,Cool,31000,1,7,56,,15.8443,611.8
2,Office,9,Pacific,4,Warm,4000,2,4,50,65.0,25.985,3075.23
14,Education,3,East North Central,2,Cool,31000,3,3,45,,91.3092,495.15
13,Public assembly,9,Pacific,4,Warm,12000,1,8,80,,55.7932,3075.23
2,Office,2,Middle Atlantic,2,Cool,230000,4,2,60,100.0,107.8694,58.26
5,Nonrefrigerated warehouse,9,Pacific,5,Hot or very hot,340000,1,8,120,,27.5594,32.81
14,Education,1,New England,2,Cool,160000,4,7,11,,49.1448,8.91
2,Office,7,West South Central,5,Hot or very hot,3000,1,5,40,100.0,33.569,2990.63
14,Education,6,East South Central,3,Mixed mild,73000,2,2,40,,49.5842,97.52
2,Office,2,Middle Atlantic,3,Mixed mild,700000,18,8,70,95.0,26.9833,58.26
2,Office,9,Pacific,4,Warm,470000,18,6,60,86.0,40.6518,15.06
14,Education,6,East South Central,4,Warm,178000,3,8,55,,46.6172,43.95
13,Public assembly,9,Pacific,3,Mixed mild,80000,2,8,168,,99.9689,118.55
16,Inpatient health care,6,East South Central,7,Withheld for confidentiality,900000,8,6,168,,131.8828,8.62
14,Education,7,West South Central,5,Hot or very hot,400000,3,8,66,,53.4451,9.01
4,Laboratory,2,Middle Atlantic,2,Cool,315000,6,5,112,,283.4498,5.89
25,Retail other than mall,3,East North Central,2,Cool,205000,1,8,168,,117.4048,52.43
8,Outpatient health care,3,East North Central,2,Cool,4650,2,6,61,60.0,61.1131,1265.79
2,Office,5,South Atlantic,3,Mixed mild,36000,4,2,55,90.0,92.7522,127.33
15,Food service,9,Pacific,5,Hot or very hot,3200,1,9,100,,520.3925,1265.79
2,Office,2,Middle Atlantic,3,Mixed mild,9500,2,7,50,100.0,80.8239,1779.2
91,Other,5,South Atlantic,3,Mixed mild,3000,2,6,56,,62.4893,711.02
16,Inpatient health care,5,South Atlantic,7,Withheld for confidentiality,1700000,18,5,168,,186.2742,8.22
5,Nonrefrigerated warehouse,9,Pacific,3,Mixed mild,66000,1,6,46,,3.5657,118.55
18,Lodging,3,East North Central,7,Withheld for confidentiality,55000,3,6,168,,108.5806,8.93
2,Office,2,Middle Atlantic,2,Cool,52000,2,5,60,75.0,50.7118,224.76
2,Office,5,South Atlantic,3,Mixed mild,162000,6,7,45,75.0,87.335,149.25
2,Office,4,West North Central,7,Withheld for confidentiality,1800000,18,6,59,80.0,36.4684,14.9
5,Nonrefrigerated warehouse,7,West South Central,5,Hot or very hot,7800,1,9,168,,92.0221,3695.52
5,Nonrefrigerated warehouse,3,East North Central,2,Cool,500000,2,7,168,,98.0684,15.06
7,Public order and safety,5,South Atlantic,7,Withheld for confidentiality,495000,12,8,55,,19.4819,6.52
14,Education,5,South Atlantic,5,Hot or very hot,110000,2,7,50,,39.6425,99.04
26,Service,7,West South Central,5,Hot or very hot,3600,1,6,40,,16.3514,2990.63
18,Lodging,5,South Atlantic,7,Withheld for confidentiality,96000,5,7,168,,36.9008,411.48
5,Nonrefrigerated warehouse,3,East North Central,2,Cool,15000,1,7,168,,30.6249,3554.88
13,Public assembly,8,Mountain,5,Hot or very hot,500001,5,7,168,,106.0449,9.98
2,Office,5,South Atlantic,4,Warm,75000,5,2,80,100.0,48.7615,137.69
23,Strip shopping center,2,Middle Atlantic,3,Mixed mild,280000,1,8,75,82.0,173.2044,73.84
18,Lodging,6,East South Central,7,Withheld for confidentiality,126000,5,9,168,,32.7158,324.59
2,Office,9,Pacific,5,Hot or very hot,152000,6,8,65,96.0,49.6765,15.06
2,Office,9,Pacific,3,Mixed mild,500001,18,6,60,97.0,35.0579,59.79
14,Education,3,East North Central,2,Cool,300000,3,4,60,,99.3417,128.87
7,Public order and safety,5,South Atlantic,4,Warm,25500,1,7,168,,140.9184,431.11
16,Inpatient health care,5,South Atlantic,7,Withheld for confidentiality,205000,5,3,168,,295.2964,10.07
14,Education,2,Middle Atlantic,2,Cool,110000,3,2,35,,63.7932,9.96
16,Inpatient health care,9,Pacific,7,Withheld for confidentiality,205000,5,8,168,,203.6775,146.87
2,Office,3,East North Central,3,Mixed mild,5400,5,2,40,100.0,41.7931,846.62
13,Public assembly,7,West South Central,5,Hot or very hot,1000000,3,7,147,,125.0572,10.17
15,Food service,5,South Atlantic,5,Hot or very hot,8000,1,9,37,,100.9774,690.18
5,Nonrefrigerated warehouse,5,South Atlantic,5,Hot or very hot,450000,1,6,154,,28.4469,66.26
12,Religious worship,8,Mountain,5,Hot or very hot,50000,1,7,49,,9.4107,14.67
26,Service,2,Middle Atlantic,2,Cool,26500,1,6,104,,83.1582,623.52
23,Strip shopping center,5,South Atlantic,5,Hot or very hot,18750,1,5,70,86.0,99.6504,10.71
14,Education,2,Middle Atlantic,7,Withheld for confidentiality,78000,8,3,85,,66.5809,332.94
18,Lodging,3,East North Central,7,Withheld for confidentiality,300000,12,6,168,,91.7762,8.93
2,Office,5,South Atlantic,4,Warm,73000,5,5,60,65.0,93.053,137.69
14,Education,9,Pacific,4,Warm,68000,2,4,40,,34.0077,100.08
26,Service,9,Pacific,2,Cool,4000,1,8,30,,38.9632,3075.23
2,Office,3,East North Central,2,Cool,2400,1,8,40,100.0,35.46,2747.83
16,Inpatient health care,2,Middle Atlantic,7,Withheld for confidentiality,82000,1,8,168,,78.2151,110.28
26,Service,4,West North Central,1,Cold or very cold,71000,1,5,168,,101.9389,245.01
25,Retail other than mall,2,Middle Atlantic,2,Cool,18000,1,7,53,,54.6641,3207.89
2,Office,5,South Atlantic,3,Mixed mild,485000,18,7,95,100.0,57.5037,14.9
13,Public assembly,5,South Atlantic,4,Warm,230000,3,4,168,,53.0542,48.85
8,Outpatient health care,8,Mountain,3,Mixed mild,38000,3,9,68,100.0,87.9897,126.08
14,Education,5,South Atlantic,3,Mixed mild,150000,2,3,80,,98.6915,44.64
23,Strip shopping center,9,Pacific,1,Cold or very cold,18500,1,6,42,94.0,128.9026,10.71
14,Education,3,East North Central,2,Cool,260000,4,8,65,,50.5963,9.11
5,Nonrefrigerated warehouse,8,Mountain,2,Cool,21250,2,8,50,,43.0315,1489.41
14,Education,4,West North Central,3,Mixed mild,15000,2,9,80,,51.9503,591.56
15,Food service,5,South Atlantic,4,Warm,2000,1,3,74,,226.269,1218.03
23,Strip shopping center,7,West South Central,5,Hot or very hot,17250,1,8,42,80.0,130.7959,2009.74
8,Outpatient health care,2,Middle Atlantic,3,Mixed mild,190000,7,2,48,100.0,97.6949,14.9
5,Nonrefrigerated warehouse,2,Middle Atlantic,3,Mixed mild,250000,7,2,10,,61.2939,14.9
16,Inpatient health care,8,Mountain,7,Withheld for confidentiality,295000,3,8,168,,161.1627,52.3
18,Lodging,4,West North Central,2,Cool,6000,2,9,168,,54.0083,5991.81
25,Retail other than mall,4,West North Central,2,Cool,28500,1,8,18,,24.0231,623.52
14,Education,4,West North Central,2,Cool,340000,4,5,75,,81.5407,44.64
18,Lodging,8,Mountain,4,Warm,88000,2,6,168,,54.566,142.75
2,Office,2,Middle Atlantic,3,Mixed mild,600000,8,2,60,60.0,133.718,14.9
5,Nonrefrigerated warehouse,2,Middle Atlantic,3,Mixed mild,255000,1,5,72,,5.7233,44.87
5,Nonrefrigerated warehouse,2,Middle Atlantic,3,Mixed mild,166000,1,9,45,,31.9604,69.36
5,Nonrefrigerated warehouse,9,Pacific,4,Warm,500000,3,3,96,,38.4701,32.81
26,Service,3,East North Central,2,Cool,6200,1,6,66,,324.7294,1265.79
2,Office,5,South Atlantic,4,Warm,1800,1,6,45,100.0,44.9306,3899.01
25,Retail other than mall,8,Mountain,2,Cool,4000,1,2,50,,32.9248,2990.63
14,Education,6,East South Central,7,Withheld for confidentiality,102000,3,3,50,,131.9625,97.52
14,Education,5,South Atlantic,7,Withheld for confidentiality,104000,5,7,75,,233.4768,97.52
15,Food service,5,South Atlantic,4,Warm,6800,3,2,102,,164.7816,1195.14
6,Food sales,3,East North Central,2,Cool,235000,1,5,168,,119.145,15.06
8,Outpatient health care,2,Middle Atlantic,3,Mixed mild,300000,12,6,168,100.0,133.6502,9.21
13,Public assembly,5,South Atlantic,3,Mixed mild,6000,1,7,60,,30.024,2990.63
2,Office,7,West South Central,4,Warm,18750,2,2,40,100.0,38.4099,589.53
2,Office,4,West North Central,1,Cold or very cold,87000,3,6,50,60.0,87.6907,244.16
23,Strip shopping center,7,West South Central,5,Hot or very hot,148000,1,6,75,78.0,141.1422,175.02
91,Other,5,South Atlantic,4,Warm,38500,3,9,40,,39.3889,224.76
12,Religious worship,5,South Atlantic,3,Mixed mild,11250,3,2,60,,29.411,589.53
13,Public assembly,3,East North Central,2,Cool,32000,2,4,56,,99.178,227.11
14,Education,7,West South Central,4,Warm,62000,2,7,40,,32.4798,504.63
4,Laboratory,1,New England,2,Cool,19500,4,8,168,,42.1787,2934.43
12,Religious worship,7,West South Central,4,Warm,10000,2,6,5,,8.3211,2934.43
18,Lodging,9,Pacific,7,Withheld for confidentiality,15000,5,4,168,,110.9421,9.11
26,Service,5,South Atlantic,4,Warm,17750,1,4,60,,50.5556,2990.63
2,Office,7,West South Central,5,Hot or very hot,83000,1,6,50,75.0,46.7747,623.52
2,Office,3,East North Central,2,Cool,42000,1,7,40,100.0,98.3965,227.11
16,Inpatient health care,7,West South Central,7,Withheld for confidentiality,176000,4,5,168,,224.4601,10.07
23,Strip shopping center,5,South Atlantic,4,Warm,150000,2,5,71,92.0,146.0118,175.02
5,Nonrefrigerated warehouse,7,West South Central,5,Hot or very hot,25000,1,7,40,,18.5533,3420.76
8,Outpatient health care,8,Mountain,2,Cool,140000,5,8,65,90.0,158.3954,13.29
13,Public assembly,5,South Atlantic,3,Mixed mild,47000,2,8,66,,69.9356,589.53
16,Inpatient health care,9,Pacific,7,Withheld for confidentiality,360000,4,5,168,,108.9553,11.36
15,Food service,8,Mountain,2,Cool,5500,1,6,80,,437.8113,1218.03
5,Nonrefrigerated warehouse,7,West South Central,3,Mixed mild,480000,1,4,168,,12.2545,11.51
2,Office,9,Pacific,3,Mixed mild,220000,8,8,168,90.0,163.1716,59.79
2,Office,5,South Atlantic,4,Warm,3200,1,8,40,100.0,146.0988,2990.63
16,Inpatient health care,2,Middle Atlantic,7,Withheld for confidentiality,370000,9,3,168,,281.9371,17.13
13,Public assembly,7,West South Central,5,Hot or very hot,12000,1,3,30,,17.8883,1426.39
14,Education,5,South Atlantic,3,Mixed mild,126000,6,9,40,,74.5586,8.84
18,Lodging,6,East South Central,3,Mixed mild,85000,4,5,168,,56.4272,142.75
6,Food sales,3,East North Central,2,Cool,2000,1,8,154,,359.293,1265.79
16,Inpatient health care,5,South Atlantic,7,Withheld for confidentiality,55000,4,8,168,,104.0077,157.37
13,Public assembly,3,East North Central,2,Cool,4500,1,7,2,,36.3484,1420.0
14,Education,4,West North Central,3,Mixed mild,152000,3,7,60,,70.7864,99.04
26,Service,3,East North Central,2,Cool,75000,2,6,60,,37.4692,215.07
2,Office,7,West South Central,5,Hot or very hot,176000,12,6,55,72.0,32.22,14.9
2,Office,2,Middle Atlantic,2,Cool,20000,1,7,50,100.0,57.9771,1489.41
2,Office,6,East South Central,4,Warm,200000,7,9,168,100.0,79.2142,14.67
14,Education,7,West South Central,5,Hot or very hot,150000,1,9,65,,37.5496,99.38
25,Retail other than mall,5,South Atlantic,4,Warm,5000,1,6,40,,9.7918,2990.63
16,Inpatient health care,9,Pacific,7,Withheld for confidentiality,450000,5,8,168,,157.4323,9.01
25,Retail other than mall,5,South Atlantic,4,Warm,15000,1,6,58,,32.8156,1122.76
12,Religious worship,7,West South Central,4,Warm,140000,1,5,52,,39.613,14.9
18,Lodging,9,Pacific,1,Cold or very cold,7800,3,7,168,,41.3256,1661.74
2,Office,8,Mountain,5,Hot or very hot,9000,1,5,45,100.0,56.2239,3356.48
4,Laboratory,5,South Atlantic,4,Warm,210000,8,4,72,,242.5048,99.04
18,Lodging,9,Pacific,4,Warm,210000,8,4,168,,50.766,5.66
7,Public order and safety,5,South Atlantic,7,Withheld for confidentiality,260000,12,4,60,,91.5638,6.52
17,Nursing,5,South Atlantic,4,Warm,12000,2,3,168,,231.0051,1417.97
14,Education,8,Mountain,4,Warm,7500,1,2,4,,18.614,674.93
14,Education,5,South Atlantic,7,Withheld for confidentiality,104000,5,5,168,,135.6638,50.03
13,Public assembly,6,East South Central,4,Warm,152000,6,7,90,,112.8838,97.52
26,Service,2,Middle Atlantic,2,Cool,40000,1,7,58,,16.4176,2990.63
14,Education,5,South Atlantic,4,Warm,425000,3,8,80,,105.0914,66.66
26,Service,1,New England,2,Cool,4500,2,2,60,,32.0147,1461.43
25,Retail other than mall,7,West South Central,5,Hot or very hot,220000,1,8,168,,108.0136,14.9
23,Strip shopping center,5,South Atlantic,4,Warm,23000,1,8,73,74.0,160.8579,841.34
2,Office,7,West South Central,3,Mixed mild,1300,1,5,32,100.0,24.5346,2990.63
2,Office,5,South Atlantic,3,Mixed mild,500001,12,5,61,88.0,60.7146,8.84
23,Strip shopping center,3,East North Central,2,Cool,52000,3,5,55,100.0,91.0224,395.28
2,Office,2,Middle Atlantic,2,Cool,4700,1,9,42,100.0,46.404,2990.63
26,Service,1,New England,2,Cool,60000,1,5,133,,136.3976,240.4
2,Office,2,Middle Atlantic,3,Mixed mild,10000,3,3,40,40.0,25.4165,1484.29
14,Education,5,South Atlantic,3,Mixed mild,132000,2,4,50,,50.3525,99.38
17,Nursing,9,Pacific,3,Mixed mild,25500,1,4,168,,137.3217,451.56
23,Strip shopping center,7,West South Central,4,Warm,97000,1,8,68,86.0,102.8608,395.28
14,Education,1,New England,1,Cold or very cold,15000,1,3,50,,97.8869,1195.68
91,Other,5,South Atlantic,4,Warm,45000,3,9,40,,53.5046,224.76
2,Office,9,Pacific,4,Warm,13000,1,9,40,100.0,35.0091,1531.55
13,Public assembly,2,Middle Atlantic,3,Mixed mild,5000,2,7,56,,60.7812,2990.63
12,Religious worship,5,South Atlantic,5,Hot or very hot,20250,1,8,4,,7.1342,2990.63
6,Food sales,8,Mountain,2,Cool,55000,2,7,126,,167.5575,623.52
18,Lodging,5,South Atlantic,4,Warm,17000,3,8,168,,41.1792,1214.38
13,Public assembly,3,East North Central,2,Cool,162000,3,8,94,,107.1829,8.66
13,Public assembly,1,New England,2,Cool,450000,3,5,90,,69.3045,48.29
13,Public assembly,9,Pacific,5,Hot or very hot,9400,1,5,40,,6.0596,1508.74
5,Nonrefrigerated warehouse,9,Pacific,4,Warm,11500,1,7,49,,13.201,1531.55
23,Strip shopping center,6,East South Central,4,Warm,108000,1,3,55,29.0,69.057,395.28
15,Food service,4,West North Central,2,Cool,1400,1,8,60,,436.1943,1218.03
18,Lodging,9,Pacific,7,Withheld for confidentiality,405000,18,5,168,,181.8278,8.93
14,Education,9,Pacific,7,Withheld for confidentiality,2900,1,4,60,,28.5907,4384.99
26,Service,5,South Atlantic,4,Warm,2600,1,5,98,,549.3454,1218.03
18,Lodging,8,Mountain,7,Withheld for confidentiality,5700,2,6,168,,129.8358,1195.68
23,Strip shopping center,5,South Atlantic,4,Warm,25000,1,2,26,82.0,67.8751,841.34
2,Office,5,South Atlantic,3,Mixed mild,500001,12,4,60,75.0,83.001,6.52
14,Education,5,South Atlantic,3,Mixed mild,152000,1,8,50,,66.9982,303.46
2,Office,4,West North Central,2,Cool,17000,2,8,72,90.0,81.1825,7607.48
12,Religious worship,4,West North Central,2,Cool,30000,3,3,55,,25.0335,681.06
5,Nonrefrigerated warehouse,9,Pacific,4,Warm,2200,1,3,40,,47.2995,8057.15
16,Inpatient health care,8,Mountain,7,Withheld for confidentiality,43000,1,8,168,,254.5653,460.21
2,Office,9,Pacific,2,Cool,5700,1,6,40,67.0,53.8686,3075.23
16,Inpatient health care,4,West North Central,7,Withheld for confidentiality,600000,12,8,168,,167.9179,9.91
2,Office,8,Mountain,5,Hot or very hot,172000,3,6,45,100.0,21.6975,240.4
14,Education,5,South Atlantic,3,Mixed mild,380000,2,7,60,,58.5429,17.27
5,Nonrefrigerated warehouse,6,East South Central,3,Mixed mild,3000,1,6,40,,44.1483,1218.03
5,Nonrefrigerated warehouse,3,East North Central,3,Mixed mild,1400,1,3,35,,10.0257,2934.43
25,Retail other than mall,8,Mountain,5,Hot or very hot,196000,1,7,126,,87.4828,50.47
18,Lodging,5,South Atlantic,3,Mixed mild,146000,3,5,168,,34.8913,8.84
25,Retail other than mall,6,East South Central,4,Warm,100000,1,8,119,,108.6874,125.04
16,Inpatient health care,6,East South Central,7,Withheld for confidentiality,235000,3,3,168,,127.5526,12.09
18,Lodging,3,East North Central,7,Withheld for confidentiality,450000,18,7,168,,72.8515,9.11
14,Education,2,Middle Atlantic,3,Mixed mild,250000,3,3,101,,107.9942,44.64
6,Food sales,9,Pacific,4,Warm,3300,1,4,70,,180.0745,3075.23
14,Education,5,South Atlantic,5,Hot or very hot,380000,2,7,50,,53.3306,56.51
12,Religious worship,3,East North Central,3,Mixed mild,3600,1,5,2,,57.9539,2934.43
15,Food service,9,Pacific,4,Warm,20250,3,7,130,,49.801,715.37
2,Office,7,West South Central,4,Warm,235000,1,5,50,70.0,43.4415,69.08
18,Lodging,8,Mountain,7,Withheld for confidentiality,80000,4,8,168,,46.6559,8.87
24,Enclosed mall,2,Middle Atlantic,7,Withheld for confidentiality,1500000,3,6,76,90.0,47.786,8.76
14,Education,4,West North Central,3,Mixed mild,54000,2,6,40,,84.9593,1426.39
5,Nonrefrigerated warehouse,9,Pacific,3,Mixed mild,30000,1,7,55,,82.5471,312.77
18,Lodging,5,South Atlantic,4,Warm,33500,4,4,168,,53.1593,423.01
5,Nonrefrigerated warehouse,5,South Atlantic,4,Warm,134000,1,7,168,,59.2981,125.04
2,Office,7,West South Central,3,Mixed mild,60000,1,4,75,65.0,65.0355,245.01
14,Education,5,South Atlantic,4,Warm,285000,1,6,60,,40.3255,8.84
2,Office,9,Pacific,3,Mixed mild,300000,9,8,60,100.0,47.2543,15.06
2,Office,4,West North Central,1,Cold or very cold,250000,3,5,40,95.0,60.9864,9.01
7,Public order and safety,8,Mountain,2,Cool,126000,3,8,168,,72.5452,9.01
2,Office,3,East North Central,2,Cool,225000,18,2,72,50.0,82.7125,146.69
26,Service,2,Middle Atlantic,3,Mixed mild,1600,2,8,54,,51.1825,2934.43
2,Office,5,South Atlantic,5,Hot or very hot,60000,1,6,50,90.0,32.7152,310.59
14,Education,3,East North Central,2,Cool,600000,5,2,60,,85.9825,45.1
13,Public assembly,3,East North Central,7,Withheld for confidentiality,1800000,5,7,168,,241.7813,10.24
2,Office,4,West North Central,1,Cold or very cold,12250,2,5,40,100.0,33.7507,2990.63
26,Service,2,Middle Atlantic,3,Mixed mild,80000,1,3,85,,123.0877,552.0
2,Office,2,Middle Atlantic,2,Cool,7200,2,7,48,100.0,53.1686,1218.03
14,Education,3,East North Central,1,Cold or very cold,91000,1,5,60,,37.2977,10.55
15,Food service,5,South Atlantic,5,Hot or very hot,10500,2,7,94,,300.1572,690.18
2,Office,5,South Atlantic,7,Withheld for confidentiality,1700000,8,2,60,75.0,43.8017,6.52
13,Public assembly,1,New England,2,Cool,28500,3,7,84,,44.5369,941.46
14,Education,6,East South Central,3,Mixed mild,164000,1,5,80,,64.5856,43.95
14,Education,7,West South Central,5,Hot or very hot,84000,1,8,40,,20.4822,99.04
4,Laboratory,2,Middle Atlantic,3,Mixed mild,275000,5,7,15,,263.2609,2.24
18,Lodging,5,South Atlantic,7,Withheld for confidentiality,200000,4,8,168,,139.457,50.03
5,Nonrefrigerated warehouse,4,West North Central,3,Mixed mild,10500,1,5,83,,154.0813,1413.09
12,Religious worship,9,Pacific,4,Warm,25000,1,3,28,,27.1687,1829.53
14,Education,5,South Atlantic,4,Warm,280000,3,5,60,,33.2179,8.84
14,Education,4,West North Central,2,Cool,240000,3,2,88,,53.7658,103.87
18,Lodging,1,New England,7,Withheld for confidentiality,15000,4,2,168,,67.0511,1461.43
5,Nonrefrigerated warehouse,5,South Atlantic,4,Warm,295000,2,3,80,,44.5044,14.9
2,Office,5,South Atlantic,5,Hot or very hot,28000,3,6,40,84.0,45.2842,621.37
2,Office,2,Middle Atlantic,2,Cool,11000,3,3,45,85.0,81.7258,621.37
2,Office,4,West North Central,1,Cold or very cold,33000,1,6,50,100.0,85.068,14.9
26,Service,2,Middle Atlantic,3,Mixed mild,4000,1,5,54,,19.9193,2342.98
5,Nonrefrigerated warehouse,9,Pacific,4,Warm,87000,2,6,70,,24.4589,227.11
2,Office,2,Middle Atlantic,3,Mixed mild,225000,18,2,168,75.0,199.6292,31.35
13,Public assembly,2,Middle Atlantic,2,Cool,17500,1,5,50,,98.9789,14.9
2,Office,8,Mountain,5,Hot or very hot,370000,18,6,62,50.0,53.3949,8.62
2,Office,7,West South Central,3,Mixed mild,51000,6,6,70,100.0,77.6303,502.9
13,Public assembly,3,East North Central,3,Mixed mild,25500,1,7,70,,67.2616,611.8
14,Education,5,South Atlantic,5,Hot or very hot,7500,1,6,40,,55.9119,6104.25
26,Service,1,New England,2,Cool,27000,1,5,40,,83.9307,1094.79
2,Office,3,East North Central,2,Cool,3700,1,2,60,100.0,19.7,1472.45
14,Education,3,East North Central,2,Cool,98000,2,6,85,,71.3924,100.08
12,Religious worship,2,Middle Atlantic,3,Mixed mild,76000,3,8,95,,90.2221,224.76
8,Outpatient health care,7,West South Central,4,Warm,54000,5,6,55,54.0,39.8138,130.19
2,Office,5,South Atlantic,3,Mixed mild,440000,18,8,40,96.0,74.9425,14.9
2,Office,7,West South Central,5,Hot or very hot,250000,3,7,68,90.0,83.4546,14.9
14,Education,9,Pacific,7,Withheld for confidentiality,275000,18,2,75,,52.0969,9.16
2,Office,9,Pacific,4,Warm,300000,4,6,50,75.0,48.283,9.16
13,Public assembly,5,South Atlantic,5,Hot or very hot,30500,1,9,80,,115.0354,623.52
2,Office,5,South Atlantic,5,Hot or very hot,220000,12,5,48,90.0,54.7604,32.47
91,Other,3,East North Central,2,Cool,2400,1,9,168,,68.4254,3075.23
17,Nursing,3,East North Central,2,Cool,51000,1,5,168,,189.4777,1290.17
15,Food service,2,Middle Atlantic,2,Cool,3000,1,4,105,,405.3903,1218.03
16,Inpatient health care,5,South Atlantic,7,Withheld for confidentiality,1700000,9,3,168,,148.3488,8.92
13,Public assembly,5,South Atlantic,3,Mixed mild,10000,2,8,60,,56.3143,687.8
8,Outpatient health care,2,Middle Atlantic,2,Cool,114000,5,5,60,100.0,145.5895,8.76
23,Strip shopping center,2,Middle Atlantic,3,Mixed mild,265000,1,6,75,88.0,180.4101,79.12
2,Office,2,Middle Atlantic,2,Cool,3200,2,6,48,100.0,92.0769,2990.63
2,Office,3,East North Central,2,Cool,30500,3,4,80,50.0,73.2672,1531.55
13,Public assembly,3,East North Central,3,Mixed mild,15000,1,7,70,,165.2936,2934.43
12,Religious worship,5,South Atlantic,4,Warm,66000,3,6,18,,33.1482,14.9
2,Office,8,Mountain,3,Mixed mild,1500,1,6,40,70.0,47.7967,736.22
5,Nonrefrigerated warehouse,1,New England,2,Cool,410000,2,5,50,,18.0289,14.73
16,Inpatient health care,8,Mountain,7,Withheld for confidentiality,700000,5,6,168,,110.3128,9.91
2,Office,2,Middle Atlantic,2,Cool,8500,2,2,35,100.0,54.7193,2990.63
18,Lodging,8,Mountain,7,Withheld for confidentiality,30000,2,6,168,,92.6277,1214.38
2,Office,5,South Atlantic,5,Hot or very hot,47000,3,6,168,70.0,71.7188,14.9
2,Office,8,Mountain,2,Cool,29500,7,2,45,67.0,44.3845,611.8
13,Public assembly,1,New England,2,Cool,3500,3,2,4,,78.9597,2934.43
2,Office,5,South Atlantic,4,Warm,13000,2,8,40,100.0,44.7441,1408.23
8,Outpatient health care,8,Mountain,2,Cool,16250,1,9,70,100.0,28.8579,1218.03
14,Education,5,South Atlantic,4,Warm,10500,1,5,40,,70.709,1218.58
14,Education,3,East North Central,3,Mixed mild,12500,4,2,30,,86.6864,495.15
14,Education,5,South Atlantic,5,Hot or very hot,67000,1,8,45,,36.7323,419.36
26,Service,9,Pacific,4,Warm,7000,2,6,40,,13.0951,3075.23
26,Service,3,East North Central,2,Cool,15250,1,5,40,,56.1212,1531.55
25,Retail other than mall,7,West South Central,5,Hot or very hot,210000,1,8,168,,125.3674,72.01
2,Office,1,New England,2,Cool,215000,18,6,168,93.0,31.3428,14.73
14,Education,5,South Atlantic,5,Hot or very hot,16500,1,8,75,,67.3036,411.48
26,Service,5,South Atlantic,4,Warm,12750,2,5,54,,18.8049,2990.63
4,Laboratory,1,New England,2,Cool,23000,1,2,45,,108.1515,677.21
5,Nonrefrigerated warehouse,4,West North Central,7,Withheld for confidentiality,1800000,1,8,70,,38.2318,113.9
5,Nonrefrigerated warehouse,5,South Atlantic,4,Warm,340000,1,3,36,,16.4216,14.9
2,Office,3,East North Central,2,Cool,14000,2,4,40,80.0,39.4974,3075.23
25,Retail other than mall,7,West South Central,5,Hot or very hot,15000,1,7,44,,10.7497,1489.41
14,Education,4,West North Central,1,Cold or very cold,340000,4,4,84,,54.7176,8.84
13,Public assembly,5,South Atlantic,5,Hot or very hot,15000,1,7,48,,98.7003,429.63
12,Religious worship,6,East South Central,4,Warm,22000,3,2,10,,16.495,2934.43
25,Retail other than mall,9,Pacific,2,Cool,5000,1,7,72,,78.0948,1265.79
23,Strip shopping center,9,Pacific,4,Warm,17500,2,4,71,100.0,66.4705,6.52
2,Office,3,East North Central,3,Mixed mild,350000,18,6,60,80.0,117.4796,43.03
15,Food service,2,Middle Atlantic,3,Mixed mild,1800,1,2,77,,342.1906,1218.03
7,Public order and safety,3,East North Central,2,Cool,10750,1,7,168,,145.347,1399.59
26,Service,5,South Atlantic,5,Hot or very hot,12750,2,7,70,,126.4049,534.51
17,Nursing,6,East South Central,4,Warm,58000,1,7,168,,105.3421,126.51
8,Outpatient health care,5,South Atlantic,4,Warm,6000,1,7,32,60.0,28.57,1218.03
14,Education,3,East North Central,3,Mixed mild,100000,1,8,60,,97.5119,100.08
2,Office,6,East South Central,4,Warm,350000,2,5,168,75.0,93.595,14.67
5,Nonrefrigerated warehouse,2,Middle Atlantic,2,Cool,3750,1,4,60,,11.9835,6659.94
16,Inpatient health care,8,Mountain,7,Withheld for confidentiality,800000,7,8,168,,222.1923,10.07
14,Education,2,Middle Atlantic,7,Withheld for confidentiality,146000,4,4,84,,94.5793,97.52
5,Nonrefrigerated warehouse,2,Middle Atlantic,3,Mixed mild,245000,4,2,0,,28.6744,31.35
14,Education,9,Pacific,1,Cold or very cold,68000,1,7,50,,43.7925,272.88
2,Office,3,East North Central,1,Cold or very cold,3000,1,8,50,100.0,30.9617,3075.23
23,Strip shopping center,7,West South Central,5,Hot or very hot,178000,1,8,96,90.0,69.1639,175.02
2,Office,9,Pacific,4,Warm,150000,3,3,55,100.0,55.7922,9.11
14,Education,5,South Atlantic,7,Withheld for confidentiality,60000,6,5,168,,117.2838,272.57
11,Refrigerated warehouse,9,Pacific,4,Warm,66000,2,5,60,,15.9896,227.11
12,Religious worship,4,West North Central,3,Mixed mild,50000,2,6,40,,52.1255,589.53
17,Nursing,7,West South Central,5,Hot or very hot,132000,5,4,168,,134.8096,8.84
2,Office,1,New England,1,Cold or very cold,5000,2,4,70,100.0,206.1482,2934.43
4,Laboratory,2,Middle Atlantic,3,Mixed mild,50000,1,6,168,,647.6066,460.21
18,Lodging,8,Mountain,7,Withheld for confidentiality,2100000,18,8,168,,28.8538,8.87
8,Outpatient health care,3,East North Central,3,Mixed mild,60000,3,9,56,100.0,120.7519,117.27
26,Service,6,East South Central,4,Warm,25000,1,4,50,,13.3837,1413.09
14,Education,7,West South Central,5,Hot or very hot,144000,2,7,68,,63.3769,99.38
25,Retail other than mall,8,Mountain,3,Mixed mild,205000,1,8,168,,107.4236,14.9
13,Public assembly,7,West South Central,5,Hot or very hot,9500,2,7,50,,19.3479,240.4
2,Office,7,West South Central,5,Hot or very hot,55000,1,6,132,100.0,104.4017,117.32
14,Education,3,East North Central,7,Withheld for confidentiality,55000,3,7,144,,109.1671,227.11
5,Nonrefrigerated warehouse,9,Pacific,4,Warm,490000,3,9,60,,12.9868,15.06
16,Inpatient health care,7,West South Central,7,Withheld for confidentiality,500000,6,4,168,,117.6866,10.07
14,Education,4,West North Central,1,Cold or very cold,5000,2,2,4,,11.5794,2934.43
18,Lodging,5,South Atlantic,7,Withheld for confidentiality,430000,12,6,168,,90.5274,9.01
5,Nonrefrigerated warehouse,2,Middle Atlantic,3,Mixed mild,120000,2,9,70,,58.4997,31.35
14,Education,9,Pacific,3,Mixed mild,55000,2,8,50,,19.781,422.29
25,Retail other than mall,2,Middle Atlantic,2,Cool,46000,1,2,49,,42.0094,623.52
2,Office,5,South Atlantic,3,Mixed mild,100000,4,6,60,75.0,38.802,14.9
4,Laboratory,9,Pacific,3,Mixed mild,285000,5,8,93,,99.0022,9.16
5,Nonrefrigerated warehouse,3,East North Central,2,Cool,5000,1,7,168,,44.0452,3075.23
25,Retail other than mall,8,Mountain,2,Cool,17500,1,2,66,,14.5008,603.25
5,Nonrefrigerated warehouse,2,Middle Atlantic,2,Cool,3000,1,3,43,,386.003,1779.2
2,Office,3,East North Central,7,Withheld for confidentiality,1800000,18,6,168,95.0,255.9759,15.06
26,Service,9,Pacific,4,Warm,2800,1,4,39,,27.8511,3414.19
14,Education,3,East North Central,3,Mixed mild,30000,1,6,40,,49.1195,290.39
12,Religious worship,5,South Atlantic,5,Hot or very hot,30000,2,9,10,,24.0585,309.52
18,Lodging,5,South Atlantic,7,Withheld for confidentiality,455000,18,6,168,,45.3116,9.01
13,Public assembly,6,East South Central,4,Warm,12000,2,8,112,,110.8249,580.45
2,Office,4,West North Central,3,Mixed mild,150000,5,8,68,100.0,75.3725,58.26
26,Service,9,Pacific,2,Cool,7800,2,5,0,,4.8913,1420.0
2,Office,6,East South Central,4,Warm,106000,5,6,80,100.0,63.4874,51.49
13,Public assembly,5,South Atlantic,4,Warm,340000,2,6,168,,244.1359,10.14
12,Religious worship,7,West South Central,5,Hot or very hot,26000,2,8,40,,24.8789,244.16
12,Religious worship,7,West South Central,5,Hot or very hot,2100,1,7,6,,39.3319,2990.63
5,Nonrefrigerated warehouse,9,Pacific,4,Warm,600000,1,9,80,,5.9538,70.08
8,Outpatient health care,9,Pacific,2,Cool,5000,1,8,40,100.0,66.427,1195.14
14,Education,5,South Atlantic,7,Withheld for confidentiality,295000,5,8,40,,121.2851,5.98
5,Nonrefrigerated warehouse,9,Pacific,4,Warm,220000,1,8,60,,11.1272,32.81
18,Lodging,5,South Atlantic,7,Withheld for confidentiality,600000,12,2,168,,93.8852,8.84
25,Retail other than mall,5,South Atlantic,4,Warm,10000,2,3,40,,14.8234,1408.23
18,Lodging,7,West South Central,7,Withheld for confidentiality,88000,2,6,168,,76.1072,329.67
14,Education,3,East North Central,2,Cool,215000,2,7,100,,54.0629,98.46
2,Office,3,East North Central,2,Cool,500001,12,8,120,100.0,66.7082,18.83
26,Service,8,Mountain,5,Hot or very hot,1900,1,6,48,,46.4105,2934.43
2,Office,3,East North Central,3,Mixed mild,18000,1,7,50,80.0,19.3936,4375.84
2,Office,7,West South Central,5,Hot or very hot,26500,2,6,40,100.0,49.1699,504.63
14,Education,5,South Atlantic,5,Hot or very hot,58000,1,3,60,,33.1133,419.36
2,Office,5,South Atlantic,5,Hot or very hot,178000,8,5,85,100.0,27.8057,137.69
13,Public assembly,4,West North Central,3,Mixed mild,118000,2,5,80,,65.5924,48.85
8,Outpatient health care,6,East South Central,3,Mixed mild,9300,2,8,45,90.0,48.7585,677.21
18,Lodging,6,East South Central,7,Withheld for confidentiality,146000,7,9,168,,122.188,9.93
12,Religious worship,5,South Atlantic,3,Mixed mild,17500,2,2,84,,175.1015,1142.75
2,Office,3,East North Central,3,Mixed mild,8500,2,2,40,50.0,31.3212,3075.23
26,Service,5,South Atlantic,5,Hot or very hot,2300,1,9,40,,21.8735,2990.63
16,Inpatient health care,5,South Atlantic,7,Withheld for confidentiality,275000,3,6,168,,167.3873,10.21
12,Religious worship,8,Mountain,4,Warm,7100,1,4,55,,12.9032,2528.63
25,Retail other than mall,9,Pacific,4,Warm,15000,1,8,40,,19.5753,717.24
2,Office,3,East North Central,2,Cool,55000,2,8,40,80.0,46.4303,118.55
25,Retail other than mall,8,Mountain,2,Cool,215000,1,8,168,,121.064,17.21
25,Retail other than mall,7,West South Central,5,Hot or very hot,5300,1,9,16,,29.9355,1489.41
26,Service,2,Middle Atlantic,2,Cool,1600,2,5,38,,26.1331,2990.63
2,Office,7,West South Central,5,Hot or very hot,255000,9,5,71,80.0,76.622,14.9
2,Office,3,East North Central,3,Mixed mild,1500,1,8,32,100.0,62.098,2934.43
5,Nonrefrigerated warehouse,9,Pacific,4,Warm,148000,2,8,40,,13.2124,70.08
6,Food sales,5,South Atlantic,4,Warm,59000,1,8,133,,142.5361,14.9
14,Education,2,Middle Atlantic,2,Cool,166000,4,2,50,,67.7909,97.52
18,Lodging,6,East South Central,4,Warm,4500,2,8,168,,24.3258,3825.74
23,Strip shopping center,9,Pacific,4,Warm,11500,1,8,42,100.0,135.9819,956.77
18,Lodging,7,West South Central,5,Hot or very hot,900000,18,4,168,,100.2175,6.63
23,Strip shopping center,7,West South Central,3,Mixed mild,130000,1,6,75,59.0,64.4537,175.02
2,Office,5,South Atlantic,5,Hot or very hot,310000,1,8,50,100.0,47.5169,8.84
14,Education,1,New England,1,Cold or very cold,7200,1,3,35,,114.5997,4384.99
13,Public assembly,2,Middle Atlantic,3,Mixed mild,116000,2,8,56,,125.4979,117.32
5,Nonrefrigerated warehouse,1,New England,2,Cool,6000,1,5,60,,42.4492,3356.48
15,Food service,4,West North Central,1,Cold or very cold,3800,1,2,60,,107.3076,3480.09
17,Nursing,9,Pacific,4,Warm,78000,2,7,168,,145.051,8.93
15,Food service,7,West South Central,5,Hot or very hot,1200,1,5,168,,473.345,1218.03
5,Nonrefrigerated warehouse,3,East North Central,2,Cool,410000,3,6,122,,71.0189,15.06
18,Lodging,3,East North Central,7,Withheld for confidentiality,200000,6,6,168,,96.2551,13.91
2,Office,1,New England,2,Cool,250000,4,2,60,80.0,24.5185,14.73
26,Service,5,South Atlantic,3,Mixed mild,13000,2,8,71,,68.5966,687.8
2,Office,2,Middle Atlantic,7,Withheld for confidentiality,1500000,18,6,50,100.0,73.8026,9.01
14,Education,2,Middle Atlantic,3,Mixed mild,186000,7,7,50,,26.6724,97.52
18,Lodging,2,Middle Atlantic,2,Cool,25000,1,6,168,,43.6334,1426.39
17,Nursing,3,East North Central,2,Cool,51000,1,9,168,,72.5145,290.39
13,Public assembly,9,Pacific,4,Warm,8300,1,5,45,,29.448,3075.23
14,Education,2,Middle Atlantic,7,Withheld for confidentiality,700000,12,7,84,,76.2043,50.03
14,Education,5,South Atlantic,4,Warm,340000,3,8,40,,34.7958,9.01
2,Office,8,Mountain,3,Mixed mild,700000,18,4,120,97.0,106.634,14.9
5,Nonrefrigerated warehouse,9,Pacific,4,Warm,320000,1,9,96,,9.4711,70.08
14,Education,3,East North Central,2,Cool,315000,2,4,80,,78.3745,13.91
13,Public assembly,2,Middle Atlantic,2,Cool,600000,1,5,76,,108.1465,8.6
12,Religious worship,3,East North Central,2,Cool,3200,2,4,14,,55.4178,3075.23
26,Service,9,Pacific,2,Cool,1750,1,9,50,,28.5646,6534.79
5,Nonrefrigerated warehouse,2,Middle Atlantic,2,Cool,150000,2,9,40,,17.7941,247.57
5,Nonrefrigerated warehouse,7,West South Central,5,Hot or very hot,6000,1,7,44,,34.4265,6659.94
25,Retail other than mall,5,South Atlantic,5,Hot or very hot,210000,1,8,126,,109.1181,14.9
26,Service,3,East North Central,2,Cool,10000,1,4,44,,100.807,3075.23
5,Nonrefrigerated warehouse,9,Pacific,3,Mixed mild,13250,2,7,40,,18.1583,3554.88
2,Office,3,East North Central,2,Cool,300000,4,2,50,100.0,52.7813,8.85
2,Office,2,Middle Atlantic,2,Cool,194000,6,8,80,100.0,80.6947,50.03
14,Education,5,South Atlantic,4,Warm,182000,1,8,75,,40.2487,99.38
13,Public assembly,3,East North Central,2,Cool,15000,1,2,60,,62.1345,1531.55
15,Food service,3,East North Central,2,Cool,2600,1,6,125,,683.6077,1265.79
5,Nonrefrigerated warehouse,3,East North Central,2,Cool,44500,1,7,60,,43.0108,2888.67
2,Office,5,South Atlantic,7,Withheld for confidentiality,1700000,12,7,168,95.0,151.6335,6.52
14,Education,3,East North Central,3,Mixed mild,1600,2,4,24,,31.55,2934.43
13,Public assembly,3,East North Central,1,Cold or very cold,60000,2,5,107,,188.9919,338.72
2,Office,2,Middle Atlantic,2,Cool,1900,1,8,70,85.0,218.6384,6659.94
26,Service,1,New England,1,Cold or very cold,2400,1,6,31,,2.7979,2934.43
5,Nonrefrigerated warehouse,7,West South Central,5,Hot or very hot,122000,1,5,168,,107.6665,48.85
18,Lodging,5,South Atlantic,7,Withheld for confidentiality,104000,12,8,168,,62.4038,8.84
13,Public assembly,7,West South Central,5,Hot or very hot,178000,4,5,38,,48.1243,8.57
14,Education,3,East North Central,2,Cool,210000,1,4,75,,50.8428,55.22
25,Retail other than mall,2,Middle Atlantic,3,Mixed mild,50001,1,6,74,,39.1239,213.58
14,Education,9,Pacific,4,Warm,1900,1,7,35,,44.3253,4384.99
16,Inpatient health care,6,East South Central,7,Withheld for confidentiality,40000,1,4,168,,217.2588,126.51
12,Religious worship,9,Pacific,3,Mixed mild,2100,1,4,2,,8.591,3075.23
5,Nonrefrigerated warehouse,2,Middle Atlantic,2,Cool,250000,1,2,112,,45.4649,31.35
14,Education,5,South Atlantic,3,Mixed mild,27500,1,3,40,,160.9513,288.37
5,Nonrefrigerated warehouse,7,West South Central,5,Hot or very hot,25000,1,2,45,,0.6496,1030.4
13,Public assembly,3,East North Central,3,Mixed mild,6400,1,8,52,,50.8078,2934.43
8,Outpatient health care,2,Middle Atlantic,2,Cool,24500,2,5,50,90.0,65.4922,1218.03
2,Office,7,West South Central,5,Hot or very hot,285000,18,6,65,95.0,67.627,14.9
26,Service,8,Mountain,2,Cool,52000,2,9,40,,51.0381,582.8
2,Office,9,Pacific,4,Warm,485000,12,5,65,95.0,24.1968,15.06
2,Office,6,East South Central,3,Mixed mild,152000,1,4,168,85.0,75.3308,9.46
11,Refrigerated warehouse,3,East North Central,1,Cold or very cold,72000,3,7,168,,201.2466,118.55
13,Public assembly,5,South Atlantic,3,Mixed mild,1000000,7,7,40,,46.9815,58.26
25,Retail other than mall,3,East North Central,2,Cool,15000,1,8,60,,15.4919,1472.45
2,Office,2,Middle Atlantic,3,Mixed mild,225000,4,6,60,30.0,59.3656,14.9
12,Religious worship,7,West South Central,4,Warm,22000,1,5,55,,15.6428,589.53
18,Lodging,2,Middle Atlantic,3,Mixed mild,14250,1,5,168,,95.5933,1315.0
2,Office,7,West South Central,5,Hot or very hot,220000,4,9,64,100.0,80.6391,58.26
12,Religious worship,3,East North Central,3,Mixed mild,15000,3,2,10,,45.2915,580.45
14,Education,5,South Atlantic,3,Mixed mild,178000,2,8,60,,56.4076,99.38
13,Public assembly,9,Pacific,4,Warm,32500,3,8,40,,41.8309,306.64
14,Education,9,Pacific,4,Warm,48000,2,8,40,,61.8252,100.08
17,Nursing,4,West North Central,1,Cold or very cold,142000,5,8,168,,54.7296,8.84
2,Office,5,South Atlantic,4,Warm,285000,18,6,60,95.0,66.1757,14.9
14,Education,7,West South Central,7,Withheld for confidentiality,15000,1,5,52,,30.1574,690.18
14,Education,5,South Atlantic,4,Warm,20000,1,7,45,,45.7572,591.56
7,Public order and safety,3,East North Central,7,Withheld for confidentiality,340000,3,8,168,,131.6718,58.46
14,Education,4,West North Central,2,Cool,51000,1,7,40,,58.0553,329.67
14,Education,5,South Atlantic,3,Mixed mild,100001,1,8,55,,76.0149,99.38
2,Office,2,Middle Atlantic,3,Mixed mild,700000,18,2,168,85.0,109.6594,14.9
15,Food service,5,South Atlantic,3,Mixed mild,2000,2,2,105,,874.686,1195.14
2,Office,5,South Atlantic,3,Mixed mild,315000,12,5,55,90.0,76.346,14.9
2,Office,9,Pacific,3,Mixed mild,11000,2,7,72,100.0,86.7538,1641.81
16,Inpatient health care,4,West North Central,7,Withheld for confidentiality,600000,7,8,168,,166.0629,8.78
26,Service,4,West North Central,1,Cold or very cold,2400,1,5,0,,40.6129,6659.94
8,Outpatient health care,5,South Atlantic,4,Warm,26000,1,8,168,100.0,146.4638,116.06
25,Retail other than mall,4,West North Central,3,Mixed mild,210000,1,7,168,,115.7539,52.07
2,Office,2,Middle Atlantic,3,Mixed mild,93000,3,2,168,100.0,115.6532,97.44
17,Nursing,7,West South Central,3,Mixed mild,53000,1,8,168,,201.8458,126.51
2,Office,9,Pacific,4,Warm,245000,2,4,45,100.0,18.5763,9.11
2,Office,5,South Atlantic,5,Hot or very hot,80000,8,5,50,71.0,33.3009,14.9
2,Office,6,East South Central,4,Warm,174000,12,5,60,90.0,171.3016,72.47
2,Office,2,Middle Atlantic,3,Mixed mild,132000,9,2,168,95.0,74.4377,8.76
5,Nonrefrigerated warehouse,4,West North Central,1,Cold or very cold,2400,1,8,48,,56.3821,8544.65
2,Office,4,West North Central,3,Mixed mild,600000,12,5,12,69.0,26.2595,8.84
16,Inpatient health care,5,South Atlantic,7,Withheld for confidentiality,255000,5,4,168,,253.9325,10.07
2,Office,9,Pacific,4,Warm,174000,2,7,50,100.0,17.2595,32.81
25,Retail other than mall,5,South Atlantic,3,Mixed mild,205000,1,8,168,,151.0624,14.9
25,Retail other than mall,3,East North Central,2,Cool,23000,1,8,44,,23.9463,1265.79
14,Education,9,Pacific,2,Cool,205000,3,9,48,,44.372,63.31
17,Nursing,1,New England,2,Cool,41500,4,4,168,,167.9902,727.99
2,Office,2,Middle Atlantic,3,Mixed mild,15000,2,5,60,100.0,70.5337,1408.23
15,Food service,9,Pacific,4,Warm,2400,1,2,80,,139.155,1265.79
26,Service,9,Pacific,4,Warm,5000,1,4,45,,31.2786,3075.23
24,Enclosed mall,5,South Atlantic,7,Withheld for confidentiality,1700000,1,7,15,75.0,25.977,9.07
6,Food sales,1,New England,2,Cool,6100,1,2,42,,132.0062,2934.43
2,Office,3,East North Central,2,Cool,97000,5,5,60,100.0,51.9361,298.33
5,Nonrefrigerated warehouse,4,West North Central,2,Cool,2400,1,7,168,,5.4688,6659.94
5,Nonrefrigerated warehouse,9,Pacific,4,Warm,600000,1,6,168,,17.1168,70.08
11,Refrigerated warehouse,2,Middle Atlantic,3,Mixed mild,40500,3,5,61,,107.0704,1030.4
14,Education,9,Pacific,4,Warm,48000,2,4,40,,118.3143,495.15
7,Public order and safety,5,South Atlantic,4,Warm,370000,12,8,168,,99.0899,63.15
2,Office,2,Middle Atlantic,3,Mixed mild,150000,12,6,60,80.0,93.6123,14.9
7,Public order and safety,9,Pacific,7,Withheld for confidentiality,300000,12,4,50,,33.8978,6.59
26,Service,1,New England,2,Cool,21000,1,6,60,,44.5954,611.8
25,Retail other than mall,7,West South Central,4,Warm,205000,1,8,168,,104.2285,52.07
8,Outpatient health care,9,Pacific,3,Mixed mild,3500,1,8,48,75.0,36.4006,3075.23
23,Strip shopping center,3,East North Central,2,Cool,28500,1,7,119,100.0,159.8218,841.34
11,Refrigerated warehouse,5,South Atlantic,5,Hot or very hot,300000,2,8,130,,32.6395,32.47
5,Nonrefrigerated warehouse,2,Middle Atlantic,2,Cool,10000,1,4,49,,57.7315,1489.41
2,Office,9,Pacific,4,Warm,116000,4,8,64,70.0,44.9561,15.06
5,Nonrefrigerated warehouse,5,South Atlantic,3,Mixed mild,30000,1,4,40,,31.4968,213.58
2,Office,2,Middle Atlantic,3,Mixed mild,900000,18,4,65,99.0,89.9261,14.9
2,Office,2,Middle Atlantic,7,Withheld for confidentiality,1500000,18,6,65,90.0,152.743,14.9
2,Office,9,Pacific,4,Warm,1550,1,4,60,100.0,56.6219,3075.23
6,Food sales,9,Pacific,4,Warm,14500,1,8,168,,236.9882,1531.55
12,Religious worship,2,Middle Atlantic,2,Cool,1200,2,2,15,,116.3058,2990.63
5,Nonrefrigerated warehouse,9,Pacific,4,Warm,355000,1,5,96,,20.0645,52.43
26,Service,3,East North Central,2,Cool,2000,1,7,30,,3.33,1420.0
17,Nursing,4,West North Central,1,Cold or very cold,62000,4,7,168,,72.3527,329.67
18,Lodging,5,South Atlantic,3,Mixed mild,310000,18,6,168,,56.9288,5.52
5,Nonrefrigerated warehouse,9,Pacific,4,Warm,128000,1,6,16,,42.6249,15.06
16,Inpatient health care,3,East North Central,7,Withheld for confidentiality,500000,5,2,168,,317.4821,10.17
14,Education,7,West South Central,7,Withheld for confidentiality,10000,1,7,60,,38.114,1834.88
23,Strip shopping center,6,East South Central,4,Warm,67000,2,8,56,61.0,76.5685,395.28
15,Food service,5,South Atlantic,3,Mixed mild,4000,3,2,60,,170.186,1195.14
2,Office,3,East North Central,3,Mixed mild,25000,2,4,48,100.0,49.7625,1531.55
23,Strip shopping center,5,South Atlantic,4,Warm,128000,1,7,133,97.0,213.7259,10.71
14,Education,6,East South Central,4,Warm,45500,1,4,40,,59.8825,495.15
18,Lodging,7,West South Central,4,Warm,29500,2,7,168,,58.8115,502.9
14,Education,6,East South Central,4,Warm,215000,2,5,55,,40.1246,13.73
15,Food service,9,Pacific,5,Hot or very hot,1850,1,8,128,,541.9189,1265.79
5,Nonrefrigerated warehouse,3,East North Central,2,Cool,58000,1,5,60,,49.8262,215.07
15,Food service,8,Mountain,2,Cool,1800,1,2,84,,283.4128,1218.03
13,Public assembly,8,Mountain,2,Cool,4000,1,7,4,,2.7802,2934.43
25,Retail other than mall,7,West South Central,5,Hot or very hot,205000,1,8,168,,102.1365,14.9
2,Office,4,West North Central,1,Cold or very cold,205000,12,4,45,33.0,123.3893,42.58
18,Lodging,7,West South Central,4,Warm,250000,12,4,168,,95.26,6.63
16,Inpatient health care,7,West South Central,7,Withheld for confidentiality,310000,8,5,168,,207.8211,8.92
25,Retail other than mall,8,Mountain,1,Cold or very cold,25000,1,7,60,,26.4367,1445.98
24,Enclosed mall,7,West South Central,7,Withheld for confidentiality,360000,1,5,72,93.0,41.8397,48.85
2,Office,6,East South Central,4,Warm,235000,18,5,120,80.0,75.2782,14.67
15,Food service,2,Middle Atlantic,3,Mixed mild,1900,1,9,119,,324.1011,1218.03
2,Office,3,East North Central,2,Cool,14500,3,8,40,100.0,33.9225,12.66
14,Education,7,West South Central,5,Hot or very hot,455000,1,6,60,,70.4801,44.64
5,Nonrefrigerated warehouse,6,East South Central,4,Warm,56000,1,3,50,,69.3239,245.01
7,Public order and safety,3,East North Central,2,Cool,150000,3,7,168,,143.1455,61.2
8,Outpatient health care,2,Middle Atlantic,2,Cool,4100,2,4,45,100.0,72.1156,1218.03
14,Education,9,Pacific,4,Warm,2150,1,3,35,,52.234,5522.3
12,Religious worship,4,West North Central,3,Mixed mild,85000,3,6,61,,78.4117,473.86
5,Nonrefrigerated warehouse,3,East North Central,2,Cool,130000,2,5,50,,26.8551,66.72
25,Retail other than mall,7,West South Central,4,Warm,3200,1,4,43,,17.4891,2990.63
2,Office,4,West North Central,1,Cold or very cold,55000,2,3,48,80.0,74.1211,697.61
13,Public assembly,7,West South Central,5,Hot or very hot,10750,1,8,50,,6.5214,1426.39
2,Office,8,Mountain,2,Cool,95000,8,2,60,90.0,56.7031,240.4
5,Nonrefrigerated warehouse,9,Pacific,2,Cool,18000,2,5,40,,28.1533,593.96
5,Nonrefrigerated warehouse,4,West North Central,3,Mixed mild,900000,2,7,120,,51.6703,66.26
2,Office,3,East North Central,3,Mixed mild,4000,2,5,40,100.0,66.0535,19.01
14,Education,7,West South Central,5,Hot or very hot,178000,2,4,45,,42.2043,44.64
14,Education,7,West South Central,5,Hot or very hot,350000,1,7,50,,71.5466,9.01
14,Education,2,Middle Atlantic,2,Cool,114000,2,7,40,,88.5394,303.46
5,Nonrefrigerated warehouse,9,Pacific,5,Hot or very hot,72000,2,5,12,,14.7331,215.07
25,Retail other than mall,5,South Atlantic,4,Warm,41000,1,6,68,,46.6178,591.56
13,Public assembly,8,Mountain,5,Hot or very hot,98000,1,8,102,,132.6715,105.74
2,Office,2,Middle Atlantic,3,Mixed mild,94000,12,9,60,80.0,31.2561,137.69
18,Lodging,7,West South Central,7,Withheld for confidentiality,270000,18,8,168,,87.9117,9.01
14,Education,9,Pacific,4,Warm,19750,1,8,60,,52.2582,1399.59
15,Food service,9,Pacific,1,Cold or very cold,2400,1,2,40,,99.1017,3414.19
2,Office,9,Pacific,3,Mixed mild,112000,7,8,100,100.0,73.316,15.06
14,Education,1,New England,2,Cool,210000,3,8,100,,58.2391,44.12
5,Nonrefrigerated warehouse,3,East North Central,2,Cool,270000,1,8,55,,21.2625,31.68
18,Lodging,8,Mountain,7,Withheld for confidentiality,66000,2,8,168,,29.0444,329.67
26,Service,7,West South Central,4,Warm,4800,1,6,40,,25.8331,3257.88
16,Inpatient health care,2,Middle Atlantic,7,Withheld for confidentiality,470000,12,4,168,,251.0191,13.73
18,Lodging,7,West South Central,7,Withheld for confidentiality,144000,4,5,168,,16.189,14.67
25,Retail other than mall,7,West South Central,5,Hot or very hot,205000,1,8,168,,121.6944,14.9
25,Retail other than mall,4,West North Central,2,Cool,1200,1,8,24,,33.7792,9486.49
7,Public order and safety,9,Pacific,2,Cool,3000,1,3,168,,106.5107,3075.23
5,Nonrefrigerated warehouse,3,East North Central,3,Mixed mild,36000,1,5,96,,50.986,1011.03
5,Nonrefrigerated warehouse,8,Mountain,4,Warm,7800,1,5,168,,2.2654,6534.79
13,Public assembly,8,Mountain,2,Cool,140000,2,8,108,,183.0657,117.32
26,Service,5,South Atlantic,4,Warm,110000,3,7,168,,100.7492,235.71
14,Education,1,New England,7,Withheld for confidentiality,19000,2,5,80,,93.9378,1195.68
5,Nonrefrigerated warehouse,8,Mountain,3,Mixed mild,27500,1,5,50,,77.0529,1489.41
14,Education,9,Pacific,1,Cold or very cold,25000,1,7,45,,18.7183,587.89
2,Office,9,Pacific,3,Mixed mild,320000,18,6,60,90.0,57.4897,15.06
15,Food service,5,South Atlantic,3,Mixed mild,3000,1,9,120,,674.7617,1218.03
91,Other,3,East North Central,3,Mixed mild,300000,2,3,168,,98.9077,125.92
25,Retail other than mall,5,South Atlantic,4,Warm,25000,1,9,84,,35.1239,1413.09
2,Office,2,Middle Atlantic,2,Cool,200000,12,4,45,100.0,71.2598,58.26
2,Office,9,Pacific,3,Mixed mild,5200,2,7,55,75.0,47.8662,3075.23
14,Education,6,East South Central,4,Warm,150000,1,6,40,,32.065,43.95
5,Nonrefrigerated warehouse,2,Middle Atlantic,3,Mixed mild,270000,1,4,50,,16.9831,31.35
25,Retail other than mall,6,East South Central,4,Warm,184000,1,8,168,,161.6175,14.67
14,Education,4,West North Central,7,Withheld for confidentiality,178000,5,4,98,,61.7727,44.64
14,Education,5,South Atlantic,7,Withheld for confidentiality,215000,2,5,168,,236.6553,5.52
8,Outpatient health care,9,Pacific,3,Mixed mild,110000,3,8,168,100.0,223.2995,9.91
14,Education,9,Pacific,4,Warm,47000,1,8,40,,10.0236,51.34
12,Religious worship,5,South Atlantic,3,Mixed mild,10000,2,4,30,,21.1733,1408.23
26,Service,6,East South Central,4,Warm,5000,1,4,40,,47.5234,2990.63
18,Lodging,5,South Atlantic,7,Withheld for confidentiality,104000,6,8,168,,81.5639,97.52
18,Lodging,6,East South Central,7,Withheld for confidentiality,210000,18,5,168,,103.5768,8.7
2,Office,9,Pacific,4,Warm,17000,4,8,50,75.0,49.9383,593.96
25,Retail other than mall,5,South Atlantic,4,Warm,35000,1,7,47,,47.9505,1413.09
16,Inpatient health care,3,East North Central,7,Withheld for confidentiality,220000,4,2,168,,190.7481,13.0
18,Lodging,7,West South Central,7,Withheld for confidentiality,84000,4,8,168,,23.0895,329.67
5,Nonrefrigerated warehouse,3,East North Central,1,Cold or very cold,6000,1,6,168,,61.5415,6921.06
12,Religious worship,8,Mountain,2,Cool,25000,1,5,3,,9.0119,1632.49
14,Education,9,Pacific,4,Warm,3850,1,4,40,,69.0862,4384.99
18,Lodging,5,South Atlantic,7,Withheld for confidentiality,3250,2,3,168,,115.4809,3778.59
13,Public assembly,3,East North Central,3,Mixed mild,24000,1,8,20,,65.78,611.8
13,Public assembly,3,East North Central,3,Mixed mild,2400,1,8,5,,97.9542,1745.76
14,Education,8,Mountain,5,Hot or very hot,500000,2,8,80,,26.0825,8.87
91,Other,1,New England,2,Cool,164000,1,8,50,,12.2128,263.04
14,Education,7,West South Central,5,Hot or very hot,240000,3,3,55,,59.0522,44.64
12,Religious worship,5,South Atlantic,4,Warm,54000,2,7,50,,56.5883,224.76
2,Office,5,South Atlantic,5,Hot or very hot,57000,6,3,70,100.0,102.9543,97.52
13,Public assembly,3,East North Central,2,Cool,3700,1,9,60,,136.3411,1472.45
25,Retail other than mall,5,South Atlantic,5,Hot or very hot,3000,1,8,43,,23.298,2990.63
15,Food service,7,West South Central,5,Hot or very hot,4000,1,5,168,,289.448,1218.03
2,Office,4,West North Central,2,Cool,5700,1,5,40,100.0,29.65,2800.45
8,Outpatient health care,2,Middle Atlantic,3,Mixed mild,220000,4,7,168,80.0,193.9898,8.76
14,Education,5,South Atlantic,3,Mixed mild,158000,2,7,60,,37.504,99.38
17,Nursing,2,Middle Atlantic,2,Cool,285000,8,4,168,,181.6486,10.22
18,Lodging,3,East North Central,7,Withheld for confidentiality,300000,8,8,168,,94.4293,12.58
16,Inpatient health care,7,West South Central,7,Withheld for confidentiality,1700000,12,7,168,,200.9676,8.78
26,Service,1,New England,3,Mixed mild,42000,1,5,168,,156.5902,240.4
2,Office,5,South Atlantic,4,Warm,58000,4,2,60,100.0,74.5481,246.59
18,Lodging,7,West South Central,7,Withheld for confidentiality,84000,4,8,168,,58.111,324.59
18,Lodging,1,New England,7,Withheld for confidentiality,600000,18,6,168,,75.1691,8.91
2,Office,5,South Atlantic,5,Hot or very hot,1100,1,6,16,100.0,60.2373,2990.63
13,Public assembly,3,East North Central,2,Cool,100000,6,9,80,,125.3253,51.4
14,Education,5,South Atlantic,4,Warm,92000,1,6,45,,37.2541,288.37
26,Service,3,East North Central,2,Cool,3000,1,5,45,,80.49,6921.06
25,Retail other than mall,3,East North Central,1,Cold or very cold,235000,2,7,105,,52.8125,84.68
12,Religious worship,9,Pacific,5,Hot or very hot,54000,2,7,60,,16.7754,227.11
26,Service,8,Mountain,1,Cold or very cold,3200,1,6,40,,180.31,2990.63
25,Retail other than mall,3,East North Central,2,Cool,12000,2,9,80,,187.1362,3075.23
7,Public order and safety,3,East North Central,2,Cool,300000,18,8,168,,143.8315,146.69
5,Nonrefrigerated warehouse,2,Middle Atlantic,3,Mixed mild,330000,1,4,110,,21.221,31.35
91,Other,2,Middle Atlantic,3,Mixed mild,7400,1,8,84,,3.3662,690.18
25,Retail other than mall,8,Mountain,5,Hot or very hot,70000,1,9,40,,38.5014,1011.03
17,Nursing,2,Middle Atlantic,3,Mixed mild,62000,2,8,168,,97.6229,303.46
26,Service,4,West North Central,1,Cold or very cold,2500,1,4,50,,15.308,2990.63
2,Office,2,Middle Atlantic,3,Mixed mild,80000,12,7,168,100.0,92.06,246.59
16,Inpatient health care,7,West South Central,7,Withheld for confidentiality,420000,5,8,168,,120.665,10.07
8,Outpatient health care,8,Mountain,3,Mixed mild,210000,5,5,60,87.0,31.0842,8.76
2,Office,5,South Atlantic,3,Mixed mild,172000,12,8,50,80.0,58.9159,149.25
16,Inpatient health care,9,Pacific,7,Withheld for confidentiality,108000,2,8,168,,227.7981,62.24
13,Public assembly,3,East North Central,2,Cool,6100,1,7,15,,19.7379,3075.23
14,Education,3,East North Central,2,Cool,48000,1,3,50,,54.1735,13.91
25,Retail other than mall,6,East South Central,3,Mixed mild,198000,1,7,168,,95.3323,125.04
5,Nonrefrigerated warehouse,7,West South Central,3,Mixed mild,8500,1,7,115,,31.3011,3420.76
26,Service,1,New England,2,Cool,4800,1,8,40,,68.049,6534.79
5,Nonrefrigerated warehouse,2,Middle Atlantic,2,Cool,44000,1,6,56,,60.939,224.76
13,Public assembly,2,Middle Atlantic,3,Mixed mild,73000,2,2,18,,152.1793,224.76
14,Education,9,Pacific,4,Warm,6700,1,9,40,,18.1476,4384.99
14,Education,3,East North Central,2,Cool,110000,2,8,108,,30.7074,8.93
2,Office,7,West South Central,5,Hot or very hot,330000,3,8,50,100.0,102.7065,9.01
2,Office,3,East North Central,2,Cool,600000,9,5,11,100.0,39.0302,15.06
14,Education,5,South Atlantic,3,Mixed mild,3000,1,6,40,,66.027,4468.96
18,Lodging,5,South Atlantic,7,Withheld for confidentiality,700000,5,7,168,,69.836,9.01
14,Education,3,East North Central,2,Cool,78000,2,8,10,,51.2653,20.62
2,Office,1,New England,2,Cool,600000,2,6,168,60.0,142.1873,7.62
2,Office,9,Pacific,4,Warm,28500,1,7,50,100.0,75.8769,611.8
5,Nonrefrigerated warehouse,4,West North Central,1,Cold or very cold,54000,1,5,50,,6.2954,245.01
15,Food service,5,South Atlantic,4,Warm,1600,1,3,77,,167.6962,1195.14
2,Office,3,East North Central,2,Cool,32500,1,7,168,100.0,31.5554,8.85
25,Retail other than mall,7,West South Central,4,Warm,2900,1,3,40,,101.7531,2990.63
25,Retail other than mall,4,West North Central,1,Cold or very cold,65000,3,8,63,,76.6116,117.32
15,Food service,8,Mountain,4,Warm,8000,2,6,70,,88.6911,1029.87
14,Education,3,East North Central,3,Mixed mild,80000,3,8,38,,74.5432,97.52
14,Education,2,Middle Atlantic,7,Withheld for confidentiality,485000,18,4,73,,99.2335,5.89
26,Service,1,New England,7,Withheld for confidentiality,1500000,5,5,168,,59.6623,14.73
14,Education,7,West South Central,5,Hot or very hot,205000,1,6,58,,38.5477,49.23
14,Education,1,New England,2,Cool,230000,4,2,40,,67.2019,44.12
18,Lodging,9,Pacific,7,Withheld for confidentiality,28500,2,6,168,,122.107,495.15
15,Food service,2,Middle Atlantic,2,Cool,1200,2,6,64,,232.1608,1195.14
18,Lodging,9,Pacific,7,Withheld for confidentiality,158000,12,7,168,,95.4515,9.11
16,Inpatient health care,5,South Atlantic,7,Withheld for confidentiality,260000,6,4,168,,146.7757,9.07
23,Strip shopping center,9,Pacific,5,Hot or very hot,70000,1,8,55,100.0,60.3373,10.71
18,Lodging,9,Pacific,3,Mixed mild,1100,1,3,168,,75.5891,4384.99
26,Service,4,West North Central,2,Cool,75000,1,8,40,,58.5843,633.24
14,Education,6,East South Central,3,Mixed mild,210000,2,3,60,,34.3928,9.93
18,Lodging,5,South Atlantic,7,Withheld for confidentiality,600000,12,8,168,,210.7313,14.9
18,Lodging,3,East North Central,7,Withheld for confidentiality,144000,2,6,168,,56.5742,100.08
15,Food service,5,South Atlantic,4,Warm,2200,1,2,40,,144.9236,2990.63
2,Office,4,West North Central,1,Cold or very cold,16750,2,8,45,95.0,57.6507,1484.29
14,Education,5,South Atlantic,3,Mixed mild,83000,1,7,50,,66.8927,288.37
26,Service,9,Pacific,4,Warm,11500,1,4,55,,46.0303,717.24
25,Retail other than mall,3,East North Central,2,Cool,184000,1,8,168,,124.6763,54.09
2,Office,9,Pacific,4,Warm,415000,18,6,40,93.0,81.0687,15.06
5,Nonrefrigerated warehouse,3,East North Central,1,Cold or very cold,6300,1,3,45,,32.906,3075.23
26,Service,5,South Atlantic,3,Mixed mild,4800,1,6,55,,111.7794,2990.63
24,Enclosed mall,8,Mountain,7,Withheld for confidentiality,700000,2,7,73,92.0,62.2969,49.24
91,Other,9,Pacific,4,Warm,7200,1,4,84,,34.6575,3075.23
17,Nursing,3,East North Central,3,Mixed mild,65000,2,8,168,,68.596,282.95
16,Inpatient health care,5,South Atlantic,7,Withheld for confidentiality,285000,7,4,168,,251.7856,10.07
16,Inpatient health care,2,Middle Atlantic,7,Withheld for confidentiality,1500000,12,8,168,,114.1842,9.88
14,Education,6,East South Central,4,Warm,104000,2,5,48,,64.3378,324.59
18,Lodging,1,New England,7,Withheld for confidentiality,270000,18,6,168,,123.7781,8.74
2,Office,9,Pacific,4,Warm,310000,18,6,168,85.0,82.2648,15.06
15,Food service,7,West South Central,5,Hot or very hot,13000,2,8,168,,245.2522,690.18
12,Religious worship,4,West North Central,2,Cool,50000,1,6,65,,34.0854,623.52
15,Food service,4,West North Central,2,Cool,2650,3,2,72,,58.9774,1195.14
16,Inpatient health care,3,East North Central,7,Withheld for confidentiality,500000,4,9,168,,237.6562,146.87
2,Office,3,East North Central,2,Cool,1100,2,2,40,100.0,92.0091,1472.45
26,Service,3,East North Central,2,Cool,8000,1,2,55,,95.3671,1472.45
91,Other,2,Middle Atlantic,3,Mixed mild,6000,1,4,40,,41.6225,2990.63
2,Office,3,East North Central,2,Cool,66000,7,3,53,100.0,114.9045,403.75
5,Nonrefrigerated warehouse,6,East South Central,3,Mixed mild,2600,1,8,168,,28.7008,774.84
13,Public assembly,8,Mountain,5,Hot or very hot,3800,1,4,24,,20.3282,1195.14
14,Education,2,Middle Atlantic,3,Mixed mild,265000,5,4,76,,48.4862,9.01
26,Service,3,East North Central,2,Cool,5100,1,9,40,,8.7678,3709.28
14,Education,5,South Atlantic,7,Withheld for confidentiality,49500,3,2,84,,138.1727,267.28
23,Strip shopping center,7,West South Central,4,Warm,54000,1,7,60,62.0,136.479,395.28
15,Food service,3,East North Central,2,Cool,3000,1,3,112,,464.894,2052.82
14,Education,2,Middle Atlantic,3,Mixed mild,116000,5,2,78,,82.7979,8.84
18,Lodging,2,Middle Atlantic,7,Withheld for confidentiality,700000,12,6,168,,37.2859,8.84
23,Strip shopping center,3,East North Central,2,Cool,6400,1,6,55,52.0,139.8017,4740.75
14,Education,4,West North Central,1,Cold or very cold,215000,3,4,115,,132.0535,14.9
2,Office,5,South Atlantic,4,Warm,55000,2,8,50,100.0,51.8122,125.04
5,Nonrefrigerated warehouse,3,East North Central,2,Cool,340000,1,5,40,,23.0898,31.68
2,Office,7,West South Central,4,Warm,3000,3,2,40,100.0,92.6547,1195.14
12,Religious worship,5,South Atlantic,3,Mixed mild,15750,2,3,10,,12.675,2990.63
5,Nonrefrigerated warehouse,5,South Atlantic,3,Mixed mild,40500,1,5,50,,64.0522,552.0
26,Service,6,East South Central,4,Warm,1300,1,6,48,,111.8338,1218.03
12,Religious worship,1,New England,3,Mixed mild,3200,2,3,5,,84.4853,240.4
5,Nonrefrigerated warehouse,2,Middle Atlantic,2,Cool,186000,1,5,50,,5.6175,31.35
14,Education,2,Middle Atlantic,2,Cool,245000,5,2,63,,93.4422,8.84
5,Nonrefrigerated warehouse,3,East North Central,2,Cool,5000,1,4,0,,50.7388,3709.28
25,Retail other than mall,3,East North Central,3,Mixed mild,168000,1,9,133,,99.5983,125.92
4,Laboratory,2,Middle Atlantic,3,Mixed mild,455000,9,4,168,,190.475,63.15
14,Education,6,East South Central,7,Withheld for confidentiality,220000,2,8,130,,176.7345,8.44
8,Outpatient health care,6,East South Central,4,Warm,25000,1,6,45,90.0,55.6833,1426.39
2,Office,9,Pacific,4,Warm,2000,1,8,30,100.0,44.0245,15.06
14,Education,3,East North Central,3,Mixed mild,85000,3,3,45,,101.1464,174.24
2,Office,2,Middle Atlantic,3,Mixed mild,235000,4,6,10,95.0,161.5021,39.95
25,Retail other than mall,6,East South Central,4,Warm,65000,1,8,72,,11.6899,245.01
14,Education,3,East North Central,7,Withheld for confidentiality,45500,5,4,84,,109.5224,332.94
13,Public assembly,7,West South Central,5,Hot or very hot,17000,1,5,168,,40.0463,1489.41
13,Public assembly,5,South Atlantic,4,Warm,3100,2,7,0,,32.549,3320.27
2,Office,5,South Atlantic,5,Hot or very hot,395000,18,6,65,66.0,23.8603,14.9
26,Service,2,Middle Atlantic,3,Mixed mild,25000,2,6,76,,49.406,621.37
2,Office,1,New England,2,Cool,194000,6,8,65,100.0,141.8091,14.73
2,Office,4,West North Central,1,Cold or very cold,2700,2,8,55,100.0,70.5104,2990.63
24,Enclosed mall,2,Middle Atlantic,7,Withheld for confidentiality,700000,1,6,90,95.0,6.0934,44.87
14,Education,7,West South Central,4,Warm,77000,2,8,40,,65.443,330.8
25,Retail other than mall,2,Middle Atlantic,2,Cool,196000,1,7,168,,113.7474,107.76
2,Office,8,Mountain,3,Mixed mild,330000,5,2,90,60.0,52.5877,14.9
26,Service,3,East North Central,1,Cold or very cold,2400,1,5,45,,47.0267,3075.23
12,Religious worship,5,South Atlantic,4,Warm,21500,2,8,8,,7.0638,468.41
4,Laboratory,7,West South Central,5,Hot or very hot,500001,18,7,72,,245.6416,9.88
23,Strip shopping center,5,South Atlantic,4,Warm,12000,1,8,45,100.0,77.0099,2009.74
5,Nonrefrigerated warehouse,4,West North Central,3,Mixed mild,75000,1,7,10,,63.9063,245.01
12,Religious worship,7,West South Central,4,Warm,112000,2,2,58,,60.4166,117.32
14,Education,7,West South Central,3,Mixed mild,130000,1,8,50,,31.323,99.38
2,Office,2,Middle Atlantic,3,Mixed mild,600000,18,6,11,90.0,66.4836,42.58
2,Office,4,West North Central,2,Cool,340000,1,7,96,98.0,81.8444,48.85
2,Office,7,West South Central,5,Hot or very hot,265000,12,6,65,78.0,58.1376,14.9
23,Strip shopping center,3,East North Central,3,Mixed mild,250000,2,7,75,85.0,117.9628,72.88
13,Public assembly,1,New England,2,Cool,20750,3,2,58,,65.9469,1461.43
14,Education,2,Middle Atlantic,2,Cool,138000,3,8,80,,77.4751,99.38
2,Office,6,East South Central,4,Warm,445000,18,5,60,90.0,32.2816,6.42
2,Office,4,West North Central,1,Cold or very cold,50000,2,5,100,100.0,43.6435,1489.41
5,Nonrefrigerated warehouse,8,Mountain,2,Cool,12750,1,8,50,,60.0834,1030.4
13,Public assembly,6,East South Central,4,Warm,350000,7,4,126,,160.4155,8.44
8,Outpatient health care,3,East North Central,3,Mixed mild,210000,6,6,168,90.0,153.83,8.62
15,Food service,6,East South Central,4,Warm,3300,1,5,70,,313.2709,1218.03
14,Education,5,South Atlantic,5,Hot or very hot,200001,2,6,68,,30.1321,9.01
15,Food service,9,Pacific,1,Cold or very cold,1600,1,2,51,,45.9569,1473.57
5,Nonrefrigerated warehouse,3,East North Central,2,Cool,73000,1,3,63,,45.0136,237.36
15,Food service,3,East North Central,2,Cool,2000,1,8,103,,193.149,1335.8
26,Service,3,East North Central,3,Mixed mild,20000,1,5,50,,19.5338,1101.66
12,Religious worship,6,East South Central,4,Warm,33000,3,7,30,,32.7741,1413.09
13,Public assembly,1,New England,2,Cool,114000,2,5,112,,173.95,240.4
8,Outpatient health care,8,Mountain,4,Warm,1700,1,6,40,100.0,144.0459,1029.87
8,Outpatient health care,8,Mountain,5,Hot or very hot,7200,1,8,40,100.0,84.915,1505.12
14,Education,5,South Atlantic,3,Mixed mild,128000,2,9,45,,46.2285,66.03
6,Food sales,3,East North Central,2,Cool,110000,1,9,168,,238.2962,49.37
13,Public assembly,9,Pacific,4,Warm,18250,1,5,30,,23.1533,1486.89
14,Education,5,South Atlantic,4,Warm,102000,1,7,60,,49.0566,288.37
5,Nonrefrigerated warehouse,7,West South Central,5,Hot or very hot,20000,1,8,40,,28.3486,3420.76
5,Nonrefrigerated warehouse,9,Pacific,3,Mixed mild,50000,2,4,120,,15.1376,808.37
2,Office,5,South Atlantic,3,Mixed mild,230000,4,2,50,70.0,47.1977,14.9
7,Public order and safety,5,South Atlantic,7,Withheld for confidentiality,25000,2,8,45,,69.9039,681.06
13,Public assembly,5,South Atlantic,5,Hot or very hot,62000,3,8,70,,150.1227,14.9
17,Nursing,3,East North Central,1,Cold or very cold,400000,3,6,168,,81.2969,27.22
7,Public order and safety,7,West South Central,4,Warm,51000,2,8,168,,155.8369,504.63
8,Outpatient health care,8,Mountain,4,Warm,28000,1,7,45,90.0,55.7573,675.45
2,Office,5,South Atlantic,4,Warm,455000,18,6,60,65.0,83.5577,14.9
12,Religious worship,6,East South Central,4,Warm,132000,2,5,60,,10.3918,115.51
5,Nonrefrigerated warehouse,8,Mountain,3,Mixed mild,800000,2,7,144,,13.2838,31.35
2,Office,7,West South Central,4,Warm,7500,1,5,40,100.0,121.6391,2990.63
5,Nonrefrigerated warehouse,5,South Atlantic,5,Hot or very hot,10250,1,8,40,,16.5372,1218.58
13,Public assembly,5,South Atlantic,5,Hot or very hot,45000,2,6,63,,168.1167,309.52
2,Office,1,New England,2,Cool,110000,4,2,50,100.0,99.1546,14.73
16,Inpatient health care,5,South Atlantic,7,Withheld for confidentiality,210000,3,7,168,,93.5003,28.53
8,Outpatient health care,1,New England,1,Cold or very cold,20000,1,8,60,100.0,29.0471,488.97
5,Nonrefrigerated warehouse,4,West North Central,3,Mixed mild,18000,1,7,40,,68.9761,1413.09
13,Public assembly,9,Pacific,5,Hot or very hot,1500,1,8,168,,75.6387,677.49
13,Public assembly,7,West South Central,5,Hot or very hot,15000,2,2,40,,73.5293,1484.29
25,Retail other than mall,3,East North Central,2,Cool,210000,1,7,168,,111.7978,55.66
13,Public assembly,5,South Atlantic,5,Hot or very hot,600000,3,7,80,,38.6355,48.85
5,Nonrefrigerated warehouse,1,New England,2,Cool,60000,3,5,55,,29.6625,611.8
2,Office,7,West South Central,5,Hot or very hot,74000,2,8,50,100.0,80.2135,244.16
14,Education,4,West North Central,1,Cold or very cold,230000,3,4,60,,70.9962,22.22
18,Lodging,4,West North Central,7,Withheld for confidentiality,200001,18,4,168,,165.0127,9.01
2,Office,8,Mountain,2,Cool,210000,12,6,75,88.0,50.4649,14.9
5,Nonrefrigerated warehouse,7,West South Central,5,Hot or very hot,275000,1,5,168,,6.2185,8.76
13,Public assembly,3,East North Central,2,Cool,200000,3,6,110,,58.1698,118.55
13,Public assembly,7,West South Central,3,Mixed mild,27500,2,8,168,,159.9177,591.56
12,Religious worship,5,South Atlantic,4,Warm,22000,1,5,5,,9.9092,1413.09
5,Nonrefrigerated warehouse,4,West North Central,1,Cold or very cold,150000,2,6,50,,55.4271,27.6
91,Other,1,New England,2,Cool,54000,1,6,168,,63.1647,134.42
2,Office,8,Mountain,3,Mixed mild,196000,2,8,60,80.0,57.1544,69.6
7,Public order and safety,1,New England,2,Cool,600000,12,7,168,,117.5407,8.91
13,Public assembly,1,New England,2,Cool,2750,2,7,130,,5.1244,2934.43
14,Education,2,Middle Atlantic,7,Withheld for confidentiality,305000,9,7,80,,112.0571,5.89
14,Education,2,Middle Atlantic,7,Withheld for confidentiality,420000,5,8,78,,95.6151,5.89
13,Public assembly,5,South Atlantic,5,Hot or very hot,32000,1,4,54,,10.3448,623.52
2,Office,5,South Atlantic,4,Warm,4000,3,6,40,100.0,48.1625,1218.03
2,Office,3,East North Central,2,Cool,210000,12,8,60,87.0,117.9883,15.06
13,Public assembly,7,West South Central,3,Mixed mild,210000,6,8,46,,183.2304,68.7
12,Religious worship,6,East South Central,4,Warm,5000,1,5,8,,23.7536,2990.63
8,Outpatient health care,8,Mountain,5,Hot or very hot,11000,1,8,45,100.0,33.3681,1461.43
17,Nursing,4,West North Central,1,Cold or very cold,50001,2,8,168,,93.7314,329.67
14,Education,5,South Atlantic,7,Withheld for confidentiality,255000,7,4,80,,149.8175,15.29
18,Lodging,9,Pacific,7,Withheld for confidentiality,36000,4,6,168,,72.7263,426.97
14,Education,4,West North Central,3,Mixed mild,355000,3,5,60,,78.3291,44.64
25,Retail other than mall,4,West North Central,2,Cool,24250,1,5,63,,62.9209,1632.49
13,Public assembly,8,Mountain,5,Hot or very hot,200000,6,6,70,,31.0372,14.67
5,Nonrefrigerated warehouse,7,West South Central,4,Warm,2400,1,4,40,,66.9075,1218.03
23,Strip shopping center,8,Mountain,1,Cold or very cold,9900,1,9,55,45.0,113.5739,1930.83
23,Strip shopping center,5,South Atlantic,3,Mixed mild,56000,1,7,75,100.0,116.8199,395.28
2,Office,2,Middle Atlantic,3,Mixed mild,310000,8,8,60,94.0,58.6292,14.9
2,Office,8,Mountain,2,Cool,114000,3,7,55,90.0,51.4853,14.9
14,Education,4,West North Central,2,Cool,280000,3,4,60,,56.3503,93.97
2,Office,3,East North Central,1,Cold or very cold,2800,1,7,28,100.0,41.0125,3075.23
18,Lodging,2,Middle Atlantic,7,Withheld for confidentiality,375000,18,2,168,,137.8237,9.01
91,Other,9,Pacific,4,Warm,94000,2,8,168,,196.7749,118.55
7,Public order and safety,3,East North Central,7,Withheld for confidentiality,65000,6,6,8,,95.3594,24.95
14,Education,3,East North Central,2,Cool,39500,2,4,50,,79.7001,611.8
26,Service,5,South Atlantic,5,Hot or very hot,4800,1,6,80,,41.1858,2990.63
5,Nonrefrigerated warehouse,5,South Atlantic,4,Warm,10500,1,6,45,,22.08,1413.09
16,Inpatient health care,3,East North Central,7,Withheld for confidentiality,1000000,12,8,168,,234.1899,33.82
2,Office,1,New England,2,Cool,290000,12,2,50,77.0,37.9732,14.73
14,Education,7,West South Central,5,Hot or very hot,122000,1,5,45,,37.1267,54.9
5,Nonrefrigerated warehouse,4,West North Central,2,Cool,700000,3,7,168,,69.5323,14.9
2,Office,3,East North Central,2,Cool,7000,2,6,44,100.0,44.543,3075.23
23,Strip shopping center,7,West South Central,4,Warm,300000,1,9,75,92.0,119.3744,111.63
18,Lodging,5,South Atlantic,7,Withheld for confidentiality,200000,12,6,168,,76.859,332.94
13,Public assembly,2,Middle Atlantic,7,Withheld for confidentiality,1500000,4,7,112,,67.3492,14.9
13,Public assembly,1,New England,1,Cold or very cold,14000,2,4,63,,21.7167,2934.43
2,Office,4,West North Central,1,Cold or very cold,500001,6,2,56,85.0,30.7696,7.71
5,Nonrefrigerated warehouse,9,Pacific,4,Warm,36000,2,8,40,,3.1611,227.11
6,Food sales,7,West South Central,5,Hot or very hot,1900,1,6,133,,173.1989,1218.03
2,Office,1,New England,2,Cool,3750,2,5,40,95.0,39.9747,4084.96
8,Outpatient health care,3,East North Central,3,Mixed mild,17000,1,8,50,100.0,121.4838,717.24
7,Public order and safety,9,Pacific,2,Cool,4800,1,5,168,,80.8706,4384.99
2,Office,3,East North Central,1,Cold or very cold,8000,1,9,60,90.0,22.3112,1531.55
14,Education,9,Pacific,4,Warm,12750,1,4,40,,26.6294,495.15
14,Education,3,East North Central,2,Cool,420000,4,3,50,,58.807,8.93
5,Nonrefrigerated warehouse,2,Middle Atlantic,3,Mixed mild,350000,2,6,55,,5.3422,14.9
8,Outpatient health care,2,Middle Atlantic,3,Mixed mild,83000,12,6,10,100.0,114.4365,127.33
13,Public assembly,2,Middle Atlantic,2,Cool,11000,2,7,10,,32.8108,1484.29
13,Public assembly,7,West South Central,4,Warm,20000,1,8,91,,32.21,1413.09
18,Lodging,5,South Atlantic,7,Withheld for confidentiality,146000,7,6,168,,94.0135,9.01
13,Public assembly,4,West North Central,7,Withheld for confidentiality,1800000,7,9,40,,70.8002,14.9
26,Service,9,Pacific,2,Cool,2500,1,2,50,,21.0176,3075.23
2,Office,5,South Atlantic,4,Warm,41500,2,8,50,90.0,153.0484,591.56
5,Nonrefrigerated warehouse,9,Pacific,4,Warm,30000,1,6,42,,1.2144,15.06
5,Nonrefrigerated warehouse,5,South Atlantic,3,Mixed mild,210000,1,9,50,,28.354,66.03
2,Office,9,Pacific,2,Cool,9300,1,7,48,100.0,32.7878,1531.55
14,Education,3,East North Central,2,Cool,335000,5,2,101,,98.5739,8.93
5,Nonrefrigerated warehouse,3,East North Central,1,Cold or very cold,12000,2,8,50,,52.0704,3554.88
23,Strip shopping center,8,Mountain,2,Cool,79000,1,7,126,96.0,154.9074,395.28
13,Public assembly,2,Middle Atlantic,2,Cool,29500,5,2,70,,132.2194,611.8
18,Lodging,5,South Atlantic,7,Withheld for confidentiality,162000,8,6,168,,77.0809,9.01
17,Nursing,5,South Atlantic,3,Mixed mild,65000,2,5,168,,116.3766,110.28
2,Office,3,East North Central,7,Withheld for confidentiality,1800000,6,7,65,100.0,75.0326,15.06
2,Office,9,Pacific,4,Warm,280000,6,8,40,90.0,52.9348,12.36
26,Service,5,South Atlantic,3,Mixed mild,30000,2,4,77,,92.1694,21.42
2,Office,8,Mountain,5,Hot or very hot,15750,2,8,45,75.0,64.1259,611.8
2,Office,6,East South Central,4,Warm,420000,5,7,44,100.0,90.4281,14.67
14,Education,5,South Atlantic,4,Warm,235000,3,8,50,,48.1335,8.84
14,Education,2,Middle Atlantic,3,Mixed mild,156000,3,2,50,,101.5219,8.84
14,Education,2,Middle Atlantic,7,Withheld for confidentiality,900000,8,6,168,,134.6793,6.63
25,Retail other than mall,7,West South Central,5,Hot or very hot,15000,1,4,84,,20.6897,1489.41
15,Food service,5,South Atlantic,4,Warm,3900,1,6,115,,637.4867,1218.03
13,Public assembly,3,East North Central,2,Cool,53000,4,3,168,,193.0059,495.15
25,Retail other than mall,6,East South Central,4,Warm,158000,1,8,168,,110.6413,125.04
2,Office,7,West South Central,5,Hot or very hot,50000,5,5,54,60.0,16.5261,240.4
2,Office,3,East North Central,2,Cool,4550,1,5,35,40.0,70.8635,5227.22
14,Education,1,New England,7,Withheld for confidentiality,345000,8,7,120,,111.1959,5.91
23,Strip shopping center,5,South Atlantic,4,Warm,102000,1,8,126,99.0,169.757,175.02
13,Public assembly,5,South Atlantic,4,Warm,18000,2,7,84,,74.1406,1315.0
15,Food service,4,West North Central,1,Cold or very cold,8000,1,9,48,,58.5085,687.8
14,Education,3,East North Central,2,Cool,77000,2,8,65,,56.7033,876.13
13,Public assembly,3,East North Central,2,Cool,1500,4,2,8,,8.7167,4384.99
2,Office,9,Pacific,1,Cold or very cold,102000,12,6,20,100.0,146.1912,253.07
25,Retail other than mall,8,Mountain,3,Mixed mild,205000,1,8,168,,107.8468,44.87
14,Education,3,East North Central,2,Cool,106000,2,7,70,,46.3676,100.08
2,Office,5,South Atlantic,3,Mixed mild,83000,5,6,54,90.0,71.86,267.28
91,Other,4,West North Central,2,Cool,2400,1,3,168,,13.9692,1218.03
14,Education,3,East North Central,1,Cold or very cold,310000,2,5,80,,52.9273,169.14
2,Office,4,West North Central,3,Mixed mild,5200,2,5,52,50.0,77.4644,2990.63
18,Lodging,5,South Atlantic,5,Hot or very hot,250000,9,8,168,,89.7335,5.89
26,Service,9,Pacific,4,Warm,6700,1,2,10,,12.7016,6921.06
25,Retail other than mall,5,South Atlantic,5,Hot or very hot,205000,1,8,168,,137.3682,62.06
15,Food service,7,West South Central,5,Hot or very hot,7000,1,8,85,,350.6581,1218.03
16,Inpatient health care,7,West South Central,7,Withheld for confidentiality,1700000,8,9,168,,198.6721,6.59
2,Office,2,Middle Atlantic,3,Mixed mild,600000,18,3,168,100.0,66.7998,14.9
5,Nonrefrigerated warehouse,7,West South Central,5,Hot or very hot,60000,2,5,40,,13.4814,655.85
2,Office,3,East North Central,2,Cool,4500,1,2,45,100.0,133.3627,6534.79
5,Nonrefrigerated warehouse,3,East North Central,3,Mixed mild,300000,2,8,70,,33.1974,19.68
14,Education,9,Pacific,5,Hot or very hot,25000,2,7,60,,25.4511,4384.99
2,Office,5,South Atlantic,5,Hot or very hot,345000,1,6,112,70.0,75.0241,14.9
2,Office,3,East North Central,2,Cool,240000,4,7,12,45.0,48.5596,90.5
14,Education,7,West South Central,4,Warm,69000,1,6,35,,61.1252,330.8
14,Education,3,East North Central,1,Cold or very cold,140000,3,4,60,,130.5113,100.08
14,Education,6,East South Central,7,Withheld for confidentiality,17500,1,7,66,,56.7475,580.45
2,Office,5,South Atlantic,3,Mixed mild,116000,5,2,70,76.0,60.5434,97.52
5,Nonrefrigerated warehouse,2,Middle Atlantic,3,Mixed mild,5000,2,8,50,,17.8806,2990.63
5,Nonrefrigerated warehouse,7,West South Central,5,Hot or very hot,138000,1,7,50,,23.3555,125.04
13,Public assembly,3,East North Central,2,Cool,102000,3,7,112,,217.2391,118.55
17,Nursing,3,East North Central,2,Cool,325000,4,8,168,,59.9451,52.55
5,Nonrefrigerated warehouse,4,West North Central,1,Cold or very cold,3300,1,6,40,,31.2479,2990.63
25,Retail other than mall,8,Mountain,4,Warm,1500,1,5,40,,45.0113,2934.43
2,Office,5,South Atlantic,3,Mixed mild,71000,4,8,168,95.0,30.795,224.76
26,Service,3,East North Central,3,Mixed mild,1400,1,5,40,,18.4843,2934.43
14,Education,2,Middle Atlantic,3,Mixed mild,89000,5,8,55,,86.4381,97.52
15,Food service,3,East North Central,2,Cool,7000,1,4,135,,447.0639,1265.79
5,Nonrefrigerated warehouse,5,South Atlantic,4,Warm,25000,2,5,40,,77.6598,1413.09
13,Public assembly,5,South Atlantic,3,Mixed mild,116000,3,9,60,,94.8109,8.44
26,Service,4,West North Central,1,Cold or very cold,11500,1,3,40,,13.3111,2990.63
12,Religious worship,3,East North Central,2,Cool,9000,1,3,16,,94.6398,1531.55
2,Office,5,South Atlantic,3,Mixed mild,900000,9,2,65,100.0,57.0683,6.52
15,Food service,7,West South Central,5,Hot or very hot,4400,1,9,88,,625.7566,690.18
5,Nonrefrigerated warehouse,9,Pacific,4,Warm,120000,1,4,76,,14.9286,249.3
26,Service,3,East North Central,2,Cool,10500,1,7,10,,41.1004,1906.18
15,Food service,1,New England,2,Cool,4900,3,2,72,,217.5288,1195.14
26,Service,9,Pacific,1,Cold or very cold,1800,2,3,0,,78.0183,3825.74
5,Nonrefrigerated warehouse,7,West South Central,5,Hot or very hot,28000,1,5,45,,27.849,623.52
26,Service,9,Pacific,4,Warm,35000,1,8,150,,89.3869,312.77
26,Service,2,Middle Atlantic,3,Mixed mild,10000,1,8,120,,126.7986,3320.27
15,Food service,9,Pacific,4,Warm,3000,1,2,98,,106.4087,1265.79
12,Religious worship,9,Pacific,4,Warm,15000,3,2,80,,89.9491,611.8
26,Service,4,West North Central,3,Mixed mild,2000,1,6,40,,42.4975,2990.63
16,Inpatient health care,7,West South Central,7,Withheld for confidentiality,600000,8,3,168,,215.9548,10.07
25,Retail other than mall,7,West South Central,4,Warm,188000,1,8,168,,108.7151,125.04
18,Lodging,9,Pacific,7,Withheld for confidentiality,26000,2,7,168,,88.3484,495.15
26,Service,3,East North Central,1,Cold or very cold,2500,1,5,12,,1.4388,6921.06
25,Retail other than mall,7,West South Central,4,Warm,215000,1,8,168,,117.0915,54.13
2,Office,3,East North Central,7,Withheld for confidentiality,1800000,18,7,77,90.0,24.8474,15.06
18,Lodging,1,New England,7,Withheld for confidentiality,108000,9,2,168,,49.8351,7.62
5,Nonrefrigerated warehouse,5,South Atlantic,7,Withheld for confidentiality,1700000,2,6,168,,27.1473,14.9
2,Office,1,New England,2,Cool,63000,4,6,40,100.0,39.8133,240.4
13,Public assembly,5,South Atlantic,4,Warm,19000,1,3,88,,155.7704,1413.09
2,Office,4,West North Central,3,Mixed mild,25000,4,2,72,100.0,155.3796,502.9
5,Nonrefrigerated warehouse,3,East North Central,1,Cold or very cold,475000,3,5,168,,29.0057,78.02
5,Nonrefrigerated warehouse,9,Pacific,2,Cool,1001,1,3,2,,69.6683,3075.23
5,Nonrefrigerated warehouse,9,Pacific,4,Warm,110000,1,7,168,,46.5325,125.92
14,Education,2,Middle Atlantic,7,Withheld for confidentiality,39000,2,5,75,,116.8747,502.9
13,Public assembly,4,West North Central,2,Cool,4300,3,2,6,,1.1209,2934.43
14,Education,3,East North Central,7,Withheld for confidentiality,198000,3,4,75,,107.3353,58.46
5,Nonrefrigerated warehouse,2,Middle Atlantic,3,Mixed mild,800000,2,5,168,,49.8745,69.6
16,Inpatient health care,5,South Atlantic,7,Withheld for confidentiality,405000,5,7,168,,324.2537,22.04
23,Strip shopping center,3,East North Central,2,Cool,6700,1,4,60,81.0,77.8213,1930.83
12,Religious worship,7,West South Central,4,Warm,3100,1,7,4,,11.101,2990.63
14,Education,3,East North Central,3,Mixed mild,108000,3,8,90,,196.2467,43.95
7,Public order and safety,9,Pacific,4,Warm,225000,18,5,168,,89.1621,1.73
13,Public assembly,7,West South Central,4,Warm,4000,1,4,40,,5.8352,2990.63
2,Office,5,South Atlantic,4,Warm,3050,1,6,55,80.0,63.2931,2990.63
5,Nonrefrigerated warehouse,7,West South Central,4,Warm,240000,1,9,50,,27.984,4.35
25,Retail other than mall,7,West South Central,5,Hot or very hot,41000,2,5,80,,28.0361,244.16
26,Service,4,West North Central,2,Cool,52000,1,8,48,,43.0475,1030.4
18,Lodging,4,West North Central,3,Mixed mild,22000,2,7,168,,26.8153,1421.48
5,Nonrefrigerated warehouse,6,East South Central,4,Warm,3000,1,2,40,,17.5993,2990.63
2,Office,5,South Atlantic,3,Mixed mild,2100,1,7,65,100.0,86.6467,2990.63
2,Office,2,Middle Atlantic,7,Withheld for confidentiality,1500000,5,5,50,100.0,56.7752,14.9
14,Education,8,Mountain,7,Withheld for confidentiality,500000,6,4,126,,73.4231,8.57
2,Office,4,West North Central,1,Cold or very cold,184000,8,4,84,88.0,60.0391,14.9
26,Service,8,Mountain,2,Cool,8000,1,7,40,,88.0204,2990.63
5,Nonrefrigerated warehouse,9,Pacific,3,Mixed mild,128000,2,8,70,,16.0757,70.08
12,Religious worship,5,South Atlantic,3,Mixed mild,17500,2,2,22,,22.5155,2990.63
8,Outpatient health care,3,East North Central,2,Cool,186000,6,7,64,90.0,45.1116,52.84
2,Office,8,Mountain,1,Cold or very cold,1900,1,2,44,100.0,44.9884,1380.94
2,Office,2,Middle Atlantic,3,Mixed mild,310000,8,8,168,100.0,78.2217,58.26
2,Office,9,Pacific,4,Warm,2000,1,7,42,100.0,19.8745,3075.23
17,Nursing,3,East North Central,1,Cold or very cold,65000,3,7,168,,40.9428,22.49
2,Office,8,Mountain,5,Hot or very hot,172000,3,6,60,75.0,25.7375,115.51
12,Religious worship,2,Middle Atlantic,2,Cool,2100,2,5,15,,44.9948,2990.63
18,Lodging,7,West South Central,7,Withheld for confidentiality,48000,3,8,168,,30.7246,502.9
25,Retail other than mall,6,East South Central,4,Warm,200000,1,7,168,,86.6098,52.07
2,Office,8,Mountain,2,Cool,116000,8,5,15,65.0,25.5419,8.76
14,Education,3,East North Central,2,Cool,220000,2,6,40,,51.5165,12.34
7,Public order and safety,9,Pacific,5,Hot or very hot,4900,1,4,168,,27.5524,4384.99
26,Service,4,West North Central,2,Cool,7900,1,5,40,,25.4913,8544.65
14,Education,4,West North Central,1,Cold or very cold,235000,2,8,70,,32.1592,22.22
2,Office,9,Pacific,4,Warm,168000,5,8,60,75.0,40.0365,15.06
2,Office,7,West South Central,5,Hot or very hot,410000,18,4,55,65.0,41.3002,14.9
17,Nursing,2,Middle Atlantic,3,Mixed mild,188000,6,7,168,,170.2348,8.76
25,Retail other than mall,7,West South Central,5,Hot or very hot,250000,1,6,84,,62.4036,125.04
2,Office,4,West North Central,1,Cold or very cold,2000,1,9,45,100.0,47.6095,2990.63
2,Office,5,South Atlantic,4,Warm,5600,2,5,48,100.0,50.7216,2990.63
24,Enclosed mall,9,Pacific,7,Withheld for confidentiality,1000000,2,7,66,100.0,18.2812,9.16
16,Inpatient health care,5,South Atlantic,7,Withheld for confidentiality,425000,7,4,168,,203.0563,8.92
14,Education,2,Middle Atlantic,7,Withheld for confidentiality,1500000,18,5,105,,127.9388,6.63
8,Outpatient health care,2,Middle Atlantic,2,Cool,85000,3,8,80,90.0,90.7418,52.3
2,Office,2,Middle Atlantic,2,Cool,58000,5,2,38,80.0,39.8173,516.48
5,Nonrefrigerated warehouse,3,East North Central,2,Cool,64000,3,5,50,,17.6919,1011.03
7,Public order and safety,9,Pacific,7,Withheld for confidentiality,270000,8,6,50,,41.3418,6.59
5,Nonrefrigerated warehouse,3,East North Central,2,Cool,350000,1,7,100,,31.234,66.72
15,Food service,7,West South Central,4,Warm,8400,1,8,84,,203.7893,2990.63
2,Office,4,West North Central,2,Cool,80000,2,7,25,58.0,74.5602,14.9
25,Retail other than mall,4,West North Central,1,Cold or very cold,65000,1,9,90,,40.8243,245.01
2,Office,9,Pacific,4,Warm,1200,1,6,40,75.0,35.0042,3075.23
91,Other,7,West South Central,3,Mixed mild,7200,1,8,0,,43.1786,690.18
2,Office,5,South Atlantic,5,Hot or very hot,2400,1,7,45,100.0,17.0217,2990.63
7,Public order and safety,7,West South Central,4,Warm,500000,3,8,168,,107.2343,78.99
12,Religious worship,5,South Atlantic,4,Warm,50000,4,3,60,,48.1741,589.53
8,Outpatient health care,7,West South Central,5,Hot or very hot,4000,2,2,40,100.0,49.1932,1195.14
5,Nonrefrigerated warehouse,4,West North Central,2,Cool,6500,2,9,50,,26.0158,2934.43
5,Nonrefrigerated warehouse,5,South Atlantic,4,Warm,4000,1,2,3,,15.126,2800.45
13,Public assembly,1,New England,2,Cool,106000,1,8,107,,103.9448,14.73
2,Office,5,South Atlantic,3,Mixed mild,350000,12,8,74,100.0,73.6465,15.5
14,Education,4,West North Central,1,Cold or very cold,90000,2,3,50,,33.1444,170.14
26,Service,3,East North Central,2,Cool,10500,3,3,40,,51.25,1461.43
2,Office,7,West South Central,5,Hot or very hot,12500,2,7,50,100.0,19.0906,31.35
5,Nonrefrigerated warehouse,7,West South Central,5,Hot or very hot,250000,2,7,45,,7.2068,31.35
18,Lodging,7,West South Central,7,Withheld for confidentiality,180000,3,6,168,,67.2983,99.04
16,Inpatient health care,9,Pacific,7,Withheld for confidentiality,250000,3,7,168,,200.4521,11.56
2,Office,5,South Atlantic,4,Warm,24000,2,8,45,100.0,64.696,1413.09
2,Office,6,East South Central,4,Warm,110000,5,8,75,50.0,126.8807,137.69
13,Public assembly,3,East North Central,2,Cool,9000,1,2,25,,55.2159,1420.0
16,Inpatient health care,8,Mountain,7,Withheld for confidentiality,2100000,12,8,168,,108.4281,8.78
17,Nursing,1,New England,2,Cool,53000,3,2,168,,67.511,134.42
5,Nonrefrigerated warehouse,3,East North Central,2,Cool,93000,1,7,10,,31.2978,66.72
2,Office,5,South Atlantic,4,Warm,500001,18,4,50,95.0,75.609,5.52
8,Outpatient health care,5,South Atlantic,4,Warm,3000,2,4,40,100.0,33.251,1218.03
2,Office,1,New England,2,Cool,4500,3,6,45,100.0,68.4082,2934.43
2,Office,3,East North Central,2,Cool,800000,18,6,67,85.0,51.9598,15.06
2,Office,7,West South Central,5,Hot or very hot,15750,2,8,40,70.0,69.2877,1421.48
12,Religious worship,7,West South Central,5,Hot or very hot,16000,1,8,16,,13.0169,1489.41
2,Office,3,East North Central,2,Cool,4000,2,8,40,50.0,88.09,1265.79
7,Public order and safety,7,West South Central,3,Mixed mild,51000,1,7,168,,100.172,495.15
18,Lodging,9,Pacific,3,Mixed mild,345000,12,4,168,,52.8085,15.08
25,Retail other than mall,9,Pacific,5,Hot or very hot,126000,1,7,126,,70.9926,125.92
5,Nonrefrigerated warehouse,7,West South Central,5,Hot or very hot,154000,1,7,50,,1.5022,125.04
15,Food service,3,East North Central,2,Cool,2950,2,2,54,,119.8922,4210.19
5,Nonrefrigerated warehouse,5,South Atlantic,7,Withheld for confidentiality,1700000,1,8,168,,24.5558,32.47
2,Office,2,Middle Atlantic,2,Cool,800000,3,2,40,50.0,58.9596,14.9
2,Office,5,South Atlantic,3,Mixed mild,80000,8,6,40,50.0,60.8488,292.55
15,Food service,5,South Atlantic,4,Warm,7000,1,8,60,,174.4,1118.9
2,Office,5,South Atlantic,7,Withheld for confidentiality,1700000,5,3,60,63.0,59.1056,11.57
26,Service,5,South Atlantic,4,Warm,1200,1,8,45,,6.5133,3320.27
18,Lodging,7,West South Central,7,Withheld for confidentiality,146000,12,6,168,,143.6163,9.01
18,Lodging,6,East South Central,7,Withheld for confidentiality,1700000,18,7,168,,50.2244,15.65
91,Other,2,Middle Atlantic,2,Cool,160000,9,2,168,,130.136,8.76
2,Office,7,West South Central,3,Mixed mild,270000,12,8,11,95.0,40.9462,14.9
25,Retail other than mall,9,Pacific,2,Cool,210000,1,7,168,,97.833,14.7
25,Retail other than mall,4,West North Central,2,Cool,205000,1,8,168,,123.0128,62.92
6,Food sales,5,South Atlantic,3,Mixed mild,6200,1,8,168,,336.0373,1218.03
14,Education,2,Middle Atlantic,3,Mixed mild,180000,2,7,65,,51.2568,8.84
5,Nonrefrigerated warehouse,6,East South Central,4,Warm,245000,1,6,72,,20.9338,27.17
13,Public assembly,3,East North Central,2,Cool,265000,3,8,168,,146.3924,49.37
5,Nonrefrigerated warehouse,3,East North Central,2,Cool,1200,1,3,25,,60.1167,11224.38
2,Office,9,Pacific,4,Warm,240000,7,6,50,85.0,39.6636,15.06
12,Religious worship,4,West North Central,2,Cool,50000,2,8,80,,39.6129,623.52
5,Nonrefrigerated warehouse,2,Middle Atlantic,3,Mixed mild,75000,4,9,112,,28.5126,637.32
14,Education,8,Mountain,2,Cool,69000,1,9,50,,50.2241,383.99
17,Nursing,4,West North Central,3,Mixed mild,40000,1,4,168,,26.3673,15.52
8,Outpatient health care,8,Mountain,2,Cool,98000,7,6,23,84.0,35.3126,137.69
13,Public assembly,9,Pacific,2,Cool,100000,5,5,104,,149.8822,286.39
12,Religious worship,2,Middle Atlantic,2,Cool,20250,1,5,9,,43.1054,1489.41
2,Office,6,East South Central,4,Warm,40500,3,5,40,100.0,113.5434,14.67
18,Lodging,5,South Atlantic,4,Warm,12000,2,6,168,,96.2201,1214.38
91,Other,6,East South Central,3,Mixed mild,1550,1,5,168,,85.7232,2990.63
12,Religious worship,6,East South Central,4,Warm,2000,1,3,2,,25.4785,2990.63
5,Nonrefrigerated warehouse,9,Pacific,4,Warm,90000,1,6,60,,35.4744,249.3
5,Nonrefrigerated warehouse,5,South Atlantic,5,Hot or very hot,360000,2,7,168,,23.2706,14.9
2,Office,5,South Atlantic,4,Warm,1400,1,7,40,50.0,30.0014,2990.63
25,Retail other than mall,3,East North Central,2,Cool,9600,2,3,83,,67.7395,678.39
13,Public assembly,4,West North Central,1,Cold or very cold,98000,8,3,40,,136.6726,14.9
2,Office,2,Middle Atlantic,2,Cool,280000,12,4,42,100.0,91.0223,137.69
2,Office,5,South Atlantic,4,Warm,2000,1,2,40,100.0,61.069,2990.63
5,Nonrefrigerated warehouse,9,Pacific,4,Warm,100000,1,5,75,,1.7884,125.92
6,Food sales,3,East North Central,2,Cool,1400,1,4,126,,372.4464,9754.84
2,Office,3,East North Central,2,Cool,55000,1,7,60,100.0,98.8235,118.55
2,Office,7,West South Central,4,Warm,5700,1,6,40,100.0,72.2474,2990.63
12,Religious worship,3,East North Central,2,Cool,34500,2,8,80,,54.2331,338.72
15,Food service,9,Pacific,4,Warm,3100,1,2,105,,235.7626,1265.79
13,Public assembly,2,Middle Atlantic,3,Mixed mild,82000,4,8,102,,77.3343,345.93
16,Inpatient health care,5,South Atlantic,7,Withheld for confidentiality,35000,1,8,168,,141.0398,460.21
12,Religious worship,9,Pacific,4,Warm,22000,1,3,14,,35.131,3075.23
14,Education,3,East North Central,2,Cool,700000,4,8,112,,71.8502,51.34
2,Office,2,Middle Atlantic,3,Mixed mild,500000,18,2,168,100.0,125.3849,14.9
14,Education,5,South Atlantic,5,Hot or very hot,200001,1,5,40,,56.708,8.84
2,Office,7,West South Central,5,Hot or very hot,33000,3,5,40,100.0,103.6477,621.37
15,Food service,9,Pacific,3,Mixed mild,24250,2,9,98,,345.9747,451.56
14,Education,5,South Atlantic,3,Mixed mild,79000,1,4,72,,133.7275,288.37
18,Lodging,5,South Atlantic,7,Withheld for confidentiality,600000,18,7,168,,27.6487,11.69
2,Office,4,West North Central,2,Cool,41500,2,5,40,50.0,43.2418,621.37
16,Inpatient health care,3,East North Central,7,Withheld for confidentiality,1800000,9,8,168,,167.5386,9.01
26,Service,8,Mountain,5,Hot or very hot,2800,1,4,45,,146.8893,2934.43
24,Enclosed mall,8,Mountain,7,Withheld for confidentiality,240000,2,5,84,100.0,54.9959,14.9
14,Education,8,Mountain,2,Cool,100000,1,7,45,,40.6195,99.38
6,Food sales,7,West South Central,5,Hot or very hot,2000,1,6,168,,308.9665,2990.63
6,Food sales,4,West North Central,1,Cold or very cold,24500,1,8,48,,476.9258,2990.63
5,Nonrefrigerated warehouse,2,Middle Atlantic,3,Mixed mild,260000,1,7,50,,12.4707,31.35
14,Education,4,West North Central,1,Cold or very cold,380000,3,8,106,,74.3881,51.3
18,Lodging,4,West North Central,7,Withheld for confidentiality,4300,3,6,168,,112.6363,2089.92
4,Laboratory,5,South Atlantic,3,Mixed mild,210000,8,7,168,,234.801,52.53
5,Nonrefrigerated warehouse,1,New England,2,Cool,170000,1,8,90,,47.2914,27.28
13,Public assembly,4,West North Central,3,Mixed mild,28500,3,7,90,,154.3154,329.67
13,Public assembly,8,Mountain,2,Cool,39000,1,5,73,,41.916,1489.41
2,Office,2,Middle Atlantic,2,Cool,53000,8,2,45,100.0,89.3046,14.9
2,Office,9,Pacific,4,Warm,315000,12,8,54,83.0,35.2846,15.06
5,Nonrefrigerated warehouse,1,New England,3,Mixed mild,118000,1,8,50,,27.0797,68.56
16,Inpatient health care,4,West North Central,7,Withheld for confidentiality,192000,2,8,168,,178.9457,18.75
18,Lodging,2,Middle Atlantic,7,Withheld for confidentiality,200000,5,6,168,,116.9726,8.84
26,Service,4,West North Central,2,Cool,2400,1,8,168,,12.1317,2990.63
17,Nursing,4,West North Central,3,Mixed mild,400000,4,8,168,,101.9123,44.64
5,Nonrefrigerated warehouse,7,West South Central,5,Hot or very hot,4500,1,3,55,,3.9767,1489.41
26,Service,5,South Atlantic,3,Mixed mild,3500,1,3,168,,135.2157,2990.63
14,Education,8,Mountain,5,Hot or very hot,77000,2,6,45,,15.7336,324.59
13,Public assembly,3,East North Central,2,Cool,4250,3,2,40,,69.3671,1472.45
2,Office,7,West South Central,3,Mixed mild,25001,1,7,45,96.0,51.9611,591.56
2,Office,3,East North Central,3,Mixed mild,1600,1,4,36,80.0,91.7781,2934.43
5,Nonrefrigerated warehouse,2,Middle Atlantic,7,Withheld for confidentiality,1500000,1,9,168,,31.2329,69.6
5,Nonrefrigerated warehouse,4,West North Central,2,Cool,1600,1,6,50,,6.705,3780.32
4,Laboratory,1,New England,1,Cold or very cold,186000,4,5,168,,217.1891,50.29
2,Office,4,West North Central,3,Mixed mild,60000,3,8,50,60.0,28.029,589.53
5,Nonrefrigerated warehouse,6,East South Central,4,Warm,265000,2,5,168,,36.6495,27.17
2,Office,7,West South Central,5,Hot or very hot,146000,5,3,60,90.0,69.2211,63.71
5,Nonrefrigerated warehouse,5,South Atlantic,4,Warm,70000,2,5,40,,30.0743,32.47
14,Education,7,West South Central,3,Mixed mild,66000,1,8,65,,131.0773,330.8
5,Nonrefrigerated warehouse,8,Mountain,2,Cool,5000,2,3,40,,22.9966,1779.2
18,Lodging,6,East South Central,4,Warm,36000,2,8,168,,57.7032,495.15
18,Lodging,9,Pacific,7,Withheld for confidentiality,500001,9,7,168,,56.1755,9.11
18,Lodging,3,East North Central,7,Withheld for confidentiality,73000,4,8,168,,143.8736,10.55
26,Service,7,West South Central,5,Hot or very hot,160000,1,5,45,,7.0291,247.57
14,Education,9,Pacific,3,Mixed mild,8800,1,4,40,,18.9844,1399.59
5,Nonrefrigerated warehouse,3,East North Central,3,Mixed mild,350000,2,8,12,,50.6211,43.03
2,Office,2,Middle Atlantic,3,Mixed mild,10500,3,6,60,100.0,68.9583,14.9
5,Nonrefrigerated warehouse,9,Pacific,5,Hot or very hot,40500,1,8,60,,7.6828,227.11
14,Education,3,East North Central,2,Cool,485000,4,5,107,,109.3681,100.08
2,Office,2,Middle Atlantic,3,Mixed mild,22000,2,8,60,75.0,37.7633,1421.48
16,Inpatient health care,9,Pacific,7,Withheld for confidentiality,800000,7,8,168,,218.6682,10.92
18,Lodging,7,West South Central,4,Warm,38000,2,4,168,,112.2333,1421.48
2,Office,2,Middle Atlantic,2,Cool,8900,1,8,45,100.0,74.6227,9.81
26,Service,7,West South Central,5,Hot or very hot,20000,2,2,45,,45.4118,1489.41
18,Lodging,9,Pacific,7,Withheld for confidentiality,4500,2,9,168,,100.0584,4384.99
25,Retail other than mall,8,Mountain,5,Hot or very hot,205000,1,8,126,,103.6177,14.67
25,Retail other than mall,5,South Atlantic,5,Hot or very hot,200000,1,8,168,,130.0422,14.9
2,Office,7,West South Central,4,Warm,33500,3,5,45,25.0,26.9253,589.53
23,Strip shopping center,9,Pacific,4,Warm,34000,1,6,55,64.0,110.9443,406.08
26,Service,8,Mountain,4,Warm,4000,1,3,40,,14.7702,451.66
18,Lodging,9,Pacific,7,Withheld for confidentiality,120000,18,5,168,,115.1701,9.11
17,Nursing,4,West North Central,2,Cool,12000,1,5,168,,211.3246,460.21
8,Outpatient health care,4,West North Central,1,Cold or very cold,134000,4,9,60,90.0,100.7501,53.61
13,Public assembly,7,West South Central,5,Hot or very hot,220000,6,9,58,,24.738,58.26
18,Lodging,6,East South Central,4,Warm,15000,3,2,168,,68.0991,1399.59
15,Food service,9,Pacific,3,Mixed mild,2800,2,3,21,,370.0639,1265.79
2,Office,5,South Atlantic,3,Mixed mild,800000,12,8,64,68.0,33.0247,58.26
14,Education,4,West North Central,2,Cool,410000,2,7,85,,66.2623,9.18
5,Nonrefrigerated warehouse,5,South Atlantic,3,Mixed mild,600000,2,3,96,,11.1529,32.47
5,Nonrefrigerated warehouse,4,West North Central,2,Cool,14000,1,8,50,,15.116,1489.41
12,Religious worship,3,East North Central,3,Mixed mild,250000,2,2,168,,36.0062,19.68
2,Office,4,West North Central,2,Cool,6500,2,6,50,50.0,44.0908,2990.63
14,Education,3,East North Central,2,Cool,150000,3,2,60,,58.6874,100.08
12,Religious worship,5,South Atlantic,4,Warm,22000,2,6,40,,11.692,1408.23
25,Retail other than mall,3,East North Central,2,Cool,122000,1,7,133,,129.7785,125.92
5,Nonrefrigerated warehouse,5,South Atlantic,4,Warm,80000,1,5,50,,2.5275,213.58
25,Retail other than mall,6,East South Central,4,Warm,25000,1,8,69,,87.0146,591.56
18,Lodging,1,New England,7,Withheld for confidentiality,240000,18,7,168,,109.5428,8.91
13,Public assembly,8,Mountain,1,Cold or very cold,40000,1,9,80,,263.6816,605.33
12,Religious worship,2,Middle Atlantic,3,Mixed mild,7000,4,4,16,,34.787,2934.43
15,Food service,7,West South Central,5,Hot or very hot,7200,4,2,14,,230.5344,687.8
5,Nonrefrigerated warehouse,3,East North Central,2,Cool,12000,1,8,50,,6.7573,1531.55
5,Nonrefrigerated warehouse,5,South Atlantic,4,Warm,260000,2,7,45,,2.954,32.47
16,Inpatient health care,4,West North Central,7,Withheld for confidentiality,112000,3,8,168,,175.0086,66.02
5,Nonrefrigerated warehouse,5,South Atlantic,5,Hot or very hot,1600,1,8,40,,48.4925,1218.03
13,Public assembly,9,Pacific,4,Warm,73000,4,3,106,,71.9639,15.06
12,Religious worship,2,Middle Atlantic,3,Mixed mild,11000,2,3,20,,35.8524,2934.43
23,Strip shopping center,5,South Atlantic,4,Warm,75000,1,9,75,58.0,71.4763,395.28
26,Service,4,West North Central,2,Cool,8000,1,9,12,,6.4412,1779.2
26,Service,7,West South Central,5,Hot or very hot,2400,2,5,38,,16.4312,2990.63
25,Retail other than mall,9,Pacific,2,Cool,10000,3,8,80,,197.9863,717.24
5,Nonrefrigerated warehouse,2,Middle Atlantic,3,Mixed mild,50000,1,6,60,,50.2357,224.76
2,Office,5,South Atlantic,3,Mixed mild,325000,18,5,68,100.0,55.8143,14.9
5,Nonrefrigerated warehouse,7,West South Central,5,Hot or very hot,65000,1,8,50,,20.8873,245.01
5,Nonrefrigerated warehouse,9,Pacific,4,Warm,24000,1,8,119,,1.6865,1899.96
14,Education,8,Mountain,7,Withheld for confidentiality,66000,1,6,40,,99.0383,97.52
12,Religious worship,5,South Atlantic,4,Warm,100000,3,7,45,,40.2326,591.56
5,Nonrefrigerated warehouse,8,Mountain,2,Cool,700000,1,4,60,,38.7506,4.5
14,Education,9,Pacific,4,Warm,54000,2,2,55,,34.3552,386.68
23,Strip shopping center,9,Pacific,4,Warm,3250,1,5,31,100.0,61.9197,1930.83
2,Office,3,East North Central,2,Cool,500000,18,2,45,80.0,49.0812,43.03
18,Lodging,5,South Atlantic,7,Withheld for confidentiality,68000,3,8,168,,37.9623,303.46
8,Outpatient health care,6,East South Central,4,Warm,24000,3,7,63,90.0,26.1127,451.56
2,Office,5,South Atlantic,5,Hot or very hot,54000,2,7,168,100.0,103.4518,297.13
8,Outpatient health care,7,West South Central,3,Mixed mild,3500,1,5,36,100.0,65.8789,687.8
5,Nonrefrigerated warehouse,2,Middle Atlantic,3,Mixed mild,112000,2,3,40,,36.108,247.57
5,Nonrefrigerated warehouse,1,New England,2,Cool,65000,2,6,70,,60.6453,27.28
5,Nonrefrigerated warehouse,2,Middle Atlantic,3,Mixed mild,20000,1,2,50,,23.2943,589.53
17,Nursing,3,East North Central,2,Cool,67000,3,8,168,,156.2106,306.64
8,Outpatient health care,1,New England,2,Cool,162000,7,7,40,100.0,33.9001,69.38
2,Office,9,Pacific,4,Warm,430000,18,7,55,100.0,41.1979,15.06
14,Education,2,Middle Atlantic,2,Cool,17250,2,6,32,,34.4274,1484.29
2,Office,5,South Atlantic,3,Mixed mild,3000,1,8,42,100.0,37.742,2990.63
7,Public order and safety,6,East South Central,3,Mixed mild,4800,1,9,5,,75.2827,2089.32
2,Office,3,East North Central,2,Cool,36500,1,7,25,50.0,64.0458,227.11
2,Office,2,Middle Atlantic,3,Mixed mild,500000,6,7,40,65.0,38.1598,58.26
16,Inpatient health care,3,East North Central,7,Withheld for confidentiality,122000,2,8,168,,252.4603,77.1
13,Public assembly,8,Mountain,2,Cool,2300,1,6,7,,68.3004,1380.94
2,Office,3,East North Central,2,Cool,500001,18,6,72,42.0,61.1704,43.03
26,Service,6,East South Central,4,Warm,3000,1,8,40,,73.4497,2990.63
7,Public order and safety,3,East North Central,7,Withheld for confidentiality,50000,5,2,42,,90.2786,332.94
5,Nonrefrigerated warehouse,2,Middle Atlantic,3,Mixed mild,325000,2,6,48,,20.4868,48.85
5,Nonrefrigerated warehouse,5,South Atlantic,4,Warm,4800,2,6,45,,49.951,3320.27
6,Food sales,3,East North Central,1,Cold or very cold,1400,1,6,100,,260.3586,3075.23
2,Office,4,West North Central,3,Mixed mild,5700,3,8,50,100.0,37.5753,2934.43
14,Education,7,West South Central,7,Withheld for confidentiality,50000,2,8,68,,51.2546,502.9
6,Food sales,5,South Atlantic,5,Hot or very hot,5500,2,3,168,,276.0765,1118.9
2,Office,9,Pacific,3,Mixed mild,700000,18,6,50,90.0,47.0701,15.06
13,Public assembly,4,West North Central,2,Cool,27000,2,6,168,,94.6031,1489.41
91,Other,2,Middle Atlantic,3,Mixed mild,5000,1,4,168,,140.8172,1218.03
2,Office,5,South Atlantic,3,Mixed mild,200000,2,3,100,98.0,32.6703,99.04
23,Strip shopping center,5,South Atlantic,5,Hot or very hot,122000,1,7,71,92.0,134.362,175.02
5,Nonrefrigerated warehouse,5,South Atlantic,4,Warm,61000,1,4,45,,29.7115,552.0
18,Lodging,5,South Atlantic,7,Withheld for confidentiality,73000,4,5,168,,38.6621,411.48
5,Nonrefrigerated warehouse,3,East North Central,2,Cool,245000,2,9,65,,66.0256,190.64
14,Education,1,New England,3,Mixed mild,330000,3,5,40,,38.3167,44.12
14,Education,2,Middle Atlantic,3,Mixed mild,170000,3,8,80,,63.3828,50.03
18,Lodging,4,West North Central,1,Cold or very cold,20000,2,5,168,,113.1884,1421.48
4,Laboratory,5,South Atlantic,4,Warm,210000,6,4,168,,270.336,71.98
8,Outpatient health care,9,Pacific,3,Mixed mild,15750,2,6,55,100.0,101.2037,717.24
26,Service,3,East North Central,2,Cool,15000,1,3,40,,32.8039,3554.88
12,Religious worship,5,South Atlantic,4,Warm,7200,2,5,6,,33.3854,2990.63
13,Public assembly,2,Middle Atlantic,3,Mixed mild,900000,7,7,168,,225.0911,14.9
24,Enclosed mall,6,East South Central,7,Withheld for confidentiality,375000,1,7,50,75.0,13.416,52.07
5,Nonrefrigerated warehouse,6,East South Central,4,Warm,5000,1,5,30,,9.6948,690.18
26,Service,5,South Atlantic,4,Warm,2700,1,7,40,,6.8237,4501.94
14,Education,3,East North Central,7,Withheld for confidentiality,600000,8,7,80,,65.0254,18.29
25,Retail other than mall,6,East South Central,4,Warm,10000,1,4,50,,44.812,7753.17
16,Inpatient health care,3,East North Central,7,Withheld for confidentiality,1800000,18,2,168,,204.9121,9.01
25,Retail other than mall,8,Mountain,2,Cool,60000,2,5,68,,51.3142,245.01
5,Nonrefrigerated warehouse,7,West South Central,5,Hot or very hot,26000,1,7,60,,14.9938,1030.4
14,Education,3,East North Central,2,Cool,176000,2,8,60,,56.3644,50.45
17,Nursing,5,South Atlantic,4,Warm,142000,4,9,168,,96.9626,44.64
14,Education,3,East North Central,2,Cool,86000,1,8,75,,61.4721,100.08
26,Service,2,Middle Atlantic,2,Cool,7000,1,7,50,,34.3673,2990.63
7,Public order and safety,2,Middle Atlantic,7,Withheld for confidentiality,265000,12,8,50,,68.2235,7.84
2,Office,7,West South Central,5,Hot or very hot,300000,18,6,45,85.0,52.5017,14.9
5,Nonrefrigerated warehouse,7,West South Central,4,Warm,45000,1,3,40,,6.4529,611.8
25,Retail other than mall,8,Mountain,5,Hot or very hot,225000,1,8,126,,100.7916,14.67
14,Education,1,New England,2,Cool,144000,4,2,55,,20.1663,324.59
14,Education,3,East North Central,2,Cool,198000,2,8,65,,83.346,110.84
5,Nonrefrigerated warehouse,5,South Atlantic,3,Mixed mild,20000,1,7,50,,5.0936,3420.76
13,Public assembly,2,Middle Atlantic,3,Mixed mild,1000000,3,2,80,,51.4041,67.1
25,Retail other than mall,4,West North Central,2,Cool,8500,1,4,46,,10.5584,9486.49
16,Inpatient health care,9,Pacific,7,Withheld for confidentiality,700000,5,5,168,,224.0963,9.01
5,Nonrefrigerated warehouse,4,West North Central,2,Cool,8000,2,3,12,,28.2399,1632.49
6,Food sales,3,East North Central,2,Cool,1650,2,2,30,,46.4655,1420.0
26,Service,3,East North Central,2,Cool,30000,2,4,60,,103.5418,611.8
14,Education,3,East North Central,2,Cool,120000,4,2,55,,35.5474,8.93
5,Nonrefrigerated warehouse,6,East South Central,4,Warm,1450,1,5,20,,2.5007,1025.09
18,Lodging,5,South Atlantic,7,Withheld for confidentiality,108000,5,9,168,,92.6475,9.01
13,Public assembly,1,New England,3,Mixed mild,150000,1,8,75,,72.0267,115.51
13,Public assembly,3,East North Central,2,Cool,450000,6,4,90,,143.5713,59.79
2,Office,7,West South Central,3,Mixed mild,12250,1,4,56,50.0,54.0118,1413.09
5,Nonrefrigerated warehouse,5,South Atlantic,5,Hot or very hot,600000,2,6,152,,42.1362,32.47
14,Education,9,Pacific,1,Cold or very cold,49000,1,7,60,,16.1874,386.68
18,Lodging,5,South Atlantic,3,Mixed mild,142000,7,5,168,,46.4553,10.6
23,Strip shopping center,8,Mountain,2,Cool,96000,2,6,117,97.0,148.3811,175.02
5,Nonrefrigerated warehouse,6,East South Central,7,Withheld for confidentiality,1700000,1,6,120,,25.391,27.17
13,Public assembly,9,Pacific,4,Warm,500000,9,8,80,,83.9451,15.06
14,Education,6,East South Central,7,Withheld for confidentiality,250000,7,7,168,,132.6694,5.89
5,Nonrefrigerated warehouse,6,East South Central,4,Warm,17250,2,8,45,,59.9432,1128.33
14,Education,9,Pacific,7,Withheld for confidentiality,9900,1,7,168,,48.9101,1486.89
17,Nursing,3,East North Central,2,Cool,29500,1,8,168,,62.5486,3998.83
18,Lodging,5,South Atlantic,7,Withheld for confidentiality,600000,7,6,168,,49.3656,8.84
25,Retail other than mall,6,East South Central,5,Hot or very hot,205000,1,7,168,,98.9668,18.35
16,Inpatient health care,2,Middle Atlantic,7,Withheld for confidentiality,330000,5,5,168,,175.2067,10.07
14,Education,7,West South Central,3,Mixed mild,57000,3,2,45,,55.3357,99.04
2,Office,2,Middle Atlantic,3,Mixed mild,240000,18,6,12,96.0,81.9287,9.01
23,Strip shopping center,2,Middle Atlantic,2,Cool,116000,1,3,75,100.0,168.9225,175.02
14,Education,7,West South Central,5,Hot or very hot,8800,1,7,60,,88.1474,1426.39
2,Office,7,West South Central,5,Hot or very hot,61000,1,6,168,100.0,104.7632,330.8
2,Office,7,West South Central,5,Hot or very hot,60000,4,5,65,90.0,55.5647,8.76
26,Service,1,New England,2,Cool,1600,2,3,60,,50.1019,2934.43
15,Food service,5,South Atlantic,5,Hot or very hot,10750,2,4,168,,362.6835,429.63
5,Nonrefrigerated warehouse,5,South Atlantic,4,Warm,60000,1,9,60,,30.4219,552.0
8,Outpatient health care,2,Middle Atlantic,3,Mixed mild,31000,2,6,61,75.0,180.7221,116.06
14,Education,5,South Atlantic,4,Warm,53000,2,4,105,,145.7768,288.37
14,Education,5,South Atlantic,4,Warm,18000,1,9,55,,34.9177,1218.58
23,Strip shopping center,5,South Atlantic,4,Warm,76000,1,6,75,90.0,126.5688,395.28
14,Education,7,West South Central,5,Hot or very hot,160000,1,6,55,,59.3397,99.38
23,Strip shopping center,6,East South Central,4,Warm,16750,1,8,46,100.0,111.5351,2009.74
13,Public assembly,2,Middle Atlantic,3,Mixed mild,30500,1,3,16,,106.5567,224.76
14,Education,5,South Atlantic,4,Warm,140000,1,7,52,,37.5982,99.04
2,Office,2,Middle Atlantic,3,Mixed mild,25000,3,5,48,90.0,35.6052,8.76
5,Nonrefrigerated warehouse,5,South Atlantic,5,Hot or very hot,150000,2,5,60,,7.7727,802.75
23,Strip shopping center,8,Mountain,5,Hot or very hot,190000,1,8,50,100.0,71.3621,72.88
8,Outpatient health care,6,East South Central,4,Warm,10000,1,7,72,100.0,84.0436,690.18
16,Inpatient health care,7,West South Central,7,Withheld for confidentiality,800000,12,4,168,,143.5069,8.92
5,Nonrefrigerated warehouse,7,West South Central,5,Hot or very hot,73000,1,4,98,,8.6351,14.9
12,Religious worship,8,Mountain,2,Cool,11500,2,8,8,,35.127,1489.41
26,Service,7,West South Central,4,Warm,4000,1,6,45,,61.8965,2990.63
25,Retail other than mall,9,Pacific,2,Cool,41000,1,8,66,,31.3021,1011.03
18,Lodging,1,New England,7,Withheld for confidentiality,5700,1,4,49,,48.0477,4384.99
2,Office,5,South Atlantic,3,Mixed mild,240000,12,6,60,60.0,25.0248,69.64
14,Education,3,East North Central,2,Cool,150000,2,4,68,,98.7154,157.78
5,Nonrefrigerated warehouse,7,West South Central,4,Warm,325000,1,7,168,,68.6929,69.6
2,Office,3,East North Central,3,Mixed mild,3100,1,4,100,100.0,106.8323,3075.23
5,Nonrefrigerated warehouse,3,East North Central,2,Cool,485000,3,2,168,,43.6378,15.06
5,Nonrefrigerated warehouse,2,Middle Atlantic,2,Cool,210000,4,2,80,,12.5765,246.72
4,Laboratory,2,Middle Atlantic,3,Mixed mild,315000,2,5,102,,112.7412,52.3
16,Inpatient health care,3,East North Central,7,Withheld for confidentiality,900000,12,5,168,,219.5371,8.44
14,Education,5,South Atlantic,4,Warm,40000,2,7,100,,64.942,14.9
25,Retail other than mall,8,Mountain,5,Hot or very hot,2000,1,3,114,,112.3135,2934.43
2,Office,8,Mountain,2,Cool,63000,2,8,85,80.0,65.5259,8.84
2,Office,3,East North Central,1,Cold or very cold,12250,3,2,36,100.0,56.1413,1265.79
4,Laboratory,9,Pacific,4,Warm,188000,8,8,93,,311.8605,100.08
25,Retail other than mall,7,West South Central,5,Hot or very hot,3000,1,4,55,,28.1393,2990.63
14,Education,9,Pacific,4,Warm,1900,1,8,60,,76.8158,4384.99
25,Retail other than mall,6,East South Central,3,Mixed mild,12000,1,8,58,,42.6928,1413.09
12,Religious worship,5,South Atlantic,4,Warm,7000,2,5,12,,6.3509,2990.63
2,Office,2,Middle Atlantic,2,Cool,100000,7,2,14,100.0,59.7174,267.28
14,Education,2,Middle Atlantic,3,Mixed mild,134000,7,3,54,,55.8463,8.84
14,Education,7,West South Central,5,Hot or very hot,65000,1,9,56,,42.2285,330.8
2,Office,7,West South Central,3,Mixed mild,5000,1,8,32,100.0,58.5028,2990.63
18,Lodging,8,Mountain,7,Withheld for confidentiality,102000,5,8,168,,77.69,50.03
26,Service,3,East North Central,2,Cool,166000,2,8,50,,46.9547,16.83
5,Nonrefrigerated warehouse,6,East South Central,3,Mixed mild,100000,1,4,49,,10.7394,125.93
2,Office,3,East North Central,2,Cool,240000,2,9,45,75.0,25.4983,66.72
26,Service,5,South Atlantic,5,Hot or very hot,12750,1,5,40,,39.0145,621.37
2,Office,9,Pacific,4,Warm,136000,7,6,55,81.0,46.2556,15.06
8,Outpatient health care,8,Mountain,2,Cool,43500,3,9,47,99.0,62.8674,458.62
23,Strip shopping center,2,Middle Atlantic,3,Mixed mild,67000,1,7,76,100.0,127.9591,395.28
13,Public assembly,3,East North Central,3,Mixed mild,30000,1,8,168,,122.8649,1658.42
13,Public assembly,7,West South Central,5,Hot or very hot,32500,1,5,40,,34.9255,244.16
14,Education,1,New England,2,Cool,8000,2,2,60,,61.0308,4384.99
2,Office,9,Pacific,4,Warm,61000,2,7,50,100.0,51.7321,1135.57
23,Strip shopping center,2,Middle Atlantic,2,Cool,32500,1,7,75,100.0,76.9805,841.34
2,Office,1,New England,2,Cool,50000,3,6,70,90.0,96.7675,240.4
12,Religious worship,3,East North Central,1,Cold or very cold,25000,1,6,11,,35.0161,611.8
18,Lodging,2,Middle Atlantic,7,Withheld for confidentiality,250000,18,6,168,,134.174,8.84
5,Nonrefrigerated warehouse,7,West South Central,4,Warm,8100,1,6,72,,73.5253,1413.09
2,Office,2,Middle Atlantic,3,Mixed mild,800000,12,8,60,90.0,97.6603,14.9
12,Religious worship,4,West North Central,2,Cool,5000,3,2,1,,13.813,1662.63
14,Education,4,West North Central,7,Withheld for confidentiality,27500,2,5,65,,59.6389,1426.39
5,Nonrefrigerated warehouse,7,West South Central,5,Hot or very hot,55000,1,4,46,,38.1607,245.01
13,Public assembly,3,East North Central,3,Mixed mild,9000,1,4,45,,105.3961,1290.29
8,Outpatient health care,5,South Atlantic,4,Warm,4000,1,8,40,100.0,21.1382,1218.03
2,Office,2,Middle Atlantic,3,Mixed mild,166000,4,7,40,100.0,52.7346,224.76
15,Food service,6,East South Central,4,Warm,3250,1,8,135,,327.928,1218.03
23,Strip shopping center,2,Middle Atlantic,2,Cool,118000,1,8,71,79.0,146.1557,23.34
5,Nonrefrigerated warehouse,2,Middle Atlantic,2,Cool,700000,7,3,80,,58.7209,8.84
14,Education,4,West North Central,1,Cold or very cold,215000,2,7,90,,71.5498,8.84
2,Office,4,West North Central,3,Mixed mild,275000,5,6,50,95.0,65.357,14.9
8,Outpatient health care,1,New England,2,Cool,500001,18,8,80,100.0,196.0045,14.73
5,Nonrefrigerated warehouse,2,Middle Atlantic,3,Mixed mild,300000,6,4,60,,44.0547,102.73
14,Education,3,East North Central,2,Cool,34000,1,4,43,,53.3448,456.48
14,Education,2,Middle Atlantic,2,Cool,21000,2,8,64,,26.718,3320.27
13,Public assembly,9,Pacific,3,Mixed mild,10750,1,4,126,,26.4615,3075.23
5,Nonrefrigerated warehouse,9,Pacific,4,Warm,80000,1,6,45,,5.8038,215.07
26,Service,9,Pacific,2,Cool,5000,1,8,84,,43.5254,5963.95
23,Strip shopping center,2,Middle Atlantic,3,Mixed mild,56000,1,6,98,100.0,192.263,395.28
13,Public assembly,9,Pacific,5,Hot or very hot,55000,1,8,100,,68.2559,118.55
5,Nonrefrigerated warehouse,5,South Atlantic,4,Warm,20000,1,7,1,,28.9404,1871.1
25,Retail other than mall,2,Middle Atlantic,3,Mixed mild,15000,1,4,60,,37.6671,1489.41
14,Education,7,West South Central,3,Mixed mild,94000,1,3,40,,36.4439,8.7
91,Other,4,West North Central,1,Cold or very cold,1500,1,7,18,,200.2633,6659.94
15,Food service,9,Pacific,3,Mixed mild,6200,1,8,126,,495.9942,1265.79
7,Public order and safety,5,South Atlantic,5,Hot or very hot,192000,1,6,168,,121.3865,49.93
7,Public order and safety,8,Mountain,7,Withheld for confidentiality,154000,9,8,50,,35.5927,97.52
26,Service,3,East North Central,2,Cool,2950,1,2,60,,13.6393,15.06
6,Food sales,5,South Atlantic,4,Warm,1900,1,6,112,,375.1663,2990.63
2,Office,9,Pacific,2,Cool,156000,8,2,40,80.0,60.5455,126.81
16,Inpatient health care,3,East North Central,7,Withheld for confidentiality,152000,4,2,168,,276.4596,26.29
2,Office,9,Pacific,4,Warm,240000,6,6,60,95.0,57.1474,9.11
14,Education,7,West South Central,7,Withheld for confidentiality,15500,3,5,70,,89.4208,589.53
16,Inpatient health care,3,East North Central,7,Withheld for confidentiality,700000,12,3,168,,286.7444,4.3
8,Outpatient health care,5,South Atlantic,4,Warm,118000,4,8,12,100.0,125.2548,82.75
5,Nonrefrigerated warehouse,9,Pacific,4,Warm,186000,1,8,60,,15.1763,249.3
26,Service,9,Pacific,2,Cool,2650,1,6,168,,58.8574,1420.0
18,Lodging,3,East North Central,7,Withheld for confidentiality,300000,18,5,168,,120.7041,10.62
91,Other,5,South Atlantic,4,Warm,205000,4,8,116,,121.4094,61.03
2,Office,9,Pacific,3,Mixed mild,1400,1,5,40,100.0,37.7257,3075.23
2,Office,8,Mountain,5,Hot or very hot,158000,4,7,45,100.0,31.1438,68.29
2,Office,5,South Atlantic,3,Mixed mild,305000,7,8,60,100.0,105.1061,68.33
2,Office,4,West North Central,1,Cold or very cold,600000,18,6,60,80.0,62.8326,14.9
5,Nonrefrigerated warehouse,9,Pacific,3,Mixed mild,270000,1,5,40,,16.4539,70.08
13,Public assembly,5,South Atlantic,5,Hot or very hot,40500,2,5,40,,111.8633,431.11
18,Lodging,5,South Atlantic,5,Hot or very hot,385000,3,8,168,,115.7874,5.89
8,Outpatient health care,3,East North Central,3,Mixed mild,365000,6,8,68,100.0,126.8142,3.95
8,Outpatient health care,3,East North Central,3,Mixed mild,7200,1,8,60,100.0,82.4647,1195.14
15,Food service,8,Mountain,2,Cool,4250,1,9,65,,226.4341,1417.97
2,Office,7,West South Central,4,Warm,82000,6,6,50,100.0,40.9802,137.69
16,Inpatient health care,7,West South Central,7,Withheld for confidentiality,150000,3,3,168,,202.4586,10.07
18,Lodging,7,West South Central,5,Hot or very hot,235000,4,9,168,,68.9397,7.36
7,Public order and safety,5,South Atlantic,7,Withheld for confidentiality,1700000,12,3,63,,59.0766,6.52
25,Retail other than mall,3,East North Central,2,Cool,2100,2,2,35,,36.8757,2747.83
5,Nonrefrigerated warehouse,3,East North Central,1,Cold or very cold,30000,1,8,55,,20.0341,3554.88
12,Religious worship,6,East South Central,4,Warm,80000,3,4,60,,14.1342,580.45
5,Nonrefrigerated warehouse,5,South Atlantic,4,Warm,330000,1,7,45,,23.811,25.2
2,Office,5,South Atlantic,4,Warm,5600,1,6,40,100.0,48.523,690.18
26,Service,8,Mountain,2,Cool,7500,2,7,54,,53.7737,2800.45
14,Education,4,West North Central,7,Withheld for confidentiality,23000,2,6,40,,76.5769,1426.39
2,Office,7,West South Central,5,Hot or very hot,28500,1,8,40,70.0,45.5411,621.37
23,Strip shopping center,9,Pacific,3,Mixed mild,42000,1,9,55,100.0,87.003,395.28
2,Office,7,West South Central,5,Hot or very hot,56000,6,8,50,60.0,68.5407,137.69
5,Nonrefrigerated warehouse,5,South Atlantic,4,Warm,180000,1,6,50,,71.9387,66.26
2,Office,5,South Atlantic,4,Warm,28000,2,7,40,100.0,53.406,589.53
14,Education,5,South Atlantic,3,Mixed mild,58000,2,4,55,,73.5372,303.46
26,Service,2,Middle Atlantic,3,Mixed mild,260000,4,6,168,,58.0615,14.9
25,Retail other than mall,4,West North Central,3,Mixed mild,148000,1,8,168,,116.7414,125.04
12,Religious worship,3,East North Central,3,Mixed mild,1250,1,2,4,,39.832,3075.23
2,Office,6,East South Central,4,Warm,215000,5,6,55,95.0,54.696,14.67
26,Service,8,Mountain,2,Cool,1800,1,5,40,,72.3406,582.23
14,Education,2,Middle Atlantic,1,Cold or very cold,415000,3,3,80,,74.3225,9.96
25,Retail other than mall,7,West South Central,5,Hot or very hot,220000,1,8,168,,100.7043,14.9
16,Inpatient health care,5,South Atlantic,7,Withheld for confidentiality,1700000,8,5,168,,111.5661,8.78
5,Nonrefrigerated warehouse,2,Middle Atlantic,2,Cool,180000,1,7,70,,43.0652,14.9
23,Strip shopping center,2,Middle Atlantic,2,Cool,74000,1,8,75,61.0,139.221,395.28
6,Food sales,7,West South Central,5,Hot or very hot,3000,1,9,168,,350.452,2990.63
16,Inpatient health care,3,East North Central,7,Withheld for confidentiality,700000,5,8,168,,279.3479,10.17
25,Retail other than mall,3,East North Central,1,Cold or very cold,148000,2,7,80,,47.7971,125.92
5,Nonrefrigerated warehouse,3,East North Central,1,Cold or very cold,22000,1,4,48,,36.6044,3554.88
16,Inpatient health care,3,East North Central,7,Withheld for confidentiality,250000,7,5,168,,173.6354,10.17
2,Office,1,New England,3,Mixed mild,35000,2,6,60,70.0,23.7712,611.8
12,Religious worship,2,Middle Atlantic,2,Cool,14500,3,4,3,,50.1873,1484.29
5,Nonrefrigerated warehouse,4,West North Central,3,Mixed mild,600000,2,4,168,,21.5274,27.6
2,Office,4,West North Central,1,Cold or very cold,250000,12,6,60,75.0,61.6036,14.9
13,Public assembly,3,East North Central,2,Cool,16000,1,2,50,,31.7079,461.19
2,Office,5,South Atlantic,3,Mixed mild,500001,12,4,60,100.0,70.0531,6.52
14,Education,9,Pacific,4,Warm,48000,4,4,55,,31.4637,495.15
2,Office,7,West South Central,4,Warm,1450,1,8,40,100.0,132.3731,2990.63
5,Nonrefrigerated warehouse,8,Mountain,3,Mixed mild,600000,1,8,90,,49.1564,14.9
5,Nonrefrigerated warehouse,8,Mountain,3,Mixed mild,270000,1,9,12,,7.8765,69.36
5,Nonrefrigerated warehouse,5,South Atlantic,4,Warm,32000,2,6,168,,5.9368,591.56
12,Religious worship,7,West South Central,5,Hot or very hot,11500,1,7,11,,19.0238,1484.29
2,Office,6,East South Central,4,Warm,2600,2,4,168,100.0,145.4042,2990.63
2,Office,5,South Atlantic,3,Mixed mild,305000,18,6,60,80.0,120.4139,14.9
2,Office,7,West South Central,5,Hot or very hot,500001,18,6,55,73.0,34.9116,14.9
2,Office,5,South Atlantic,4,Warm,98000,3,5,50,95.0,50.5579,303.46
25,Retail other than mall,7,West South Central,5,Hot or very hot,205000,1,7,168,,108.6703,14.9
2,Office,2,Middle Atlantic,3,Mixed mild,100001,18,7,70,100.0,96.2805,137.69
18,Lodging,5,South Atlantic,3,Mixed mild,230000,12,2,168,,42.2097,5.52
25,Retail other than mall,2,Middle Atlantic,3,Mixed mild,250000,3,3,77,,76.9735,48.85
14,Education,3,East North Central,2,Cool,100000,2,7,45,,35.0775,100.08
2,Office,5,South Atlantic,5,Hot or very hot,330000,18,8,85,95.0,117.3812,14.9
14,Education,6,East South Central,3,Mixed mild,56000,1,5,40,,60.3313,330.8
25,Retail other than mall,6,East South Central,4,Warm,12000,1,4,45,,41.1282,1413.09
26,Service,3,East North Central,3,Mixed mild,3200,1,5,40,,115.8072,1386.54
2,Office,9,Pacific,4,Warm,340000,18,5,54,85.0,41.2786,15.06
14,Education,2,Middle Atlantic,3,Mixed mild,430000,2,8,60,,44.8018,44.64
14,Education,7,West South Central,5,Hot or very hot,62000,1,3,45,,50.8733,330.8
6,Food sales,3,East North Central,3,Mixed mild,2000,1,3,133,,411.1295,2934.43
2,Office,2,Middle Atlantic,2,Cool,3600,2,2,40,100.0,61.4356,1745.76
18,Lodging,5,South Atlantic,7,Withheld for confidentiality,250000,3,6,168,,138.0512,99.04
7,Public order and safety,5,South Atlantic,5,Hot or very hot,162000,2,7,168,,80.3445,124.34
5,Nonrefrigerated warehouse,5,South Atlantic,4,Warm,24000,1,8,50,,29.5779,1413.09
14,Education,2,Middle Atlantic,3,Mixed mild,30000,1,4,50,,113.7496,504.63
5,Nonrefrigerated warehouse,6,East South Central,4,Warm,126000,1,8,20,,4.2434,15.65
13,Public assembly,3,East North Central,3,Mixed mild,59000,2,8,60,,28.7957,222.37
14,Education,2,Middle Atlantic,3,Mixed mild,68000,4,3,61,,79.2859,99.04
14,Education,3,East North Central,7,Withheld for confidentiality,240000,18,4,168,,167.8288,16.17
14,Education,2,Middle Atlantic,7,Withheld for confidentiality,1500000,4,8,78,,35.5388,13.73
14,Education,1,New England,1,Cold or very cold,69000,1,5,55,,84.2437,97.52
14,Education,6,East South Central,7,Withheld for confidentiality,62000,2,7,60,,67.332,245.01
2,Office,9,Pacific,4,Warm,67000,2,7,45,95.0,25.9643,422.29
5,Nonrefrigerated warehouse,2,Middle Atlantic,3,Mixed mild,325000,2,5,60,,18.0387,31.35
18,Lodging,8,Mountain,7,Withheld for confidentiality,200000,12,9,168,,92.5189,97.52
14,Education,6,East South Central,3,Mixed mild,75000,2,7,75,,42.7926,97.52
2,Office,2,Middle Atlantic,3,Mixed mild,4400,1,5,45,100.0,33.5755,1779.2
25,Retail other than mall,3,East North Central,2,Cool,1200,1,6,72,,29.2808,3075.23
2,Office,2,Middle Atlantic,2,Cool,5800,1,5,40,100.0,72.2334,2990.63
2,Office,2,Middle Atlantic,7,Withheld for confidentiality,1500000,18,7,168,95.0,143.3044,14.9
2,Office,6,East South Central,3,Mixed mild,1600,1,7,40,100.0,56.8506,2990.63
2,Office,7,West South Central,4,Warm,11000,1,4,40,100.0,88.69,17.47
13,Public assembly,1,New England,1,Cold or very cold,44000,2,3,105,,60.5335,240.4
2,Office,3,East North Central,1,Cold or very cold,70000,2,7,50,100.0,64.9283,215.07
2,Office,2,Middle Atlantic,2,Cool,16750,2,5,50,100.0,17.4936,1484.29
2,Office,7,West South Central,4,Warm,1500,1,8,40,100.0,29.3733,2990.63
15,Food service,4,West North Central,3,Mixed mild,5700,2,8,85,,95.277,1195.14
5,Nonrefrigerated warehouse,9,Pacific,4,Warm,440000,1,8,11,,5.7303,49.37
6,Food sales,6,East South Central,4,Warm,6800,1,6,168,,312.346,1218.03
8,Outpatient health care,9,Pacific,4,Warm,6000,2,6,53,100.0,29.233,3075.23
25,Retail other than mall,3,East North Central,3,Mixed mild,205000,1,8,168,,108.0542,73.63
26,Service,5,South Atlantic,4,Warm,10000,1,4,40,,17.9889,6659.94
16,Inpatient health care,2,Middle Atlantic,7,Withheld for confidentiality,445000,18,6,168,,188.6796,11.7
18,Lodging,7,West South Central,7,Withheld for confidentiality,450000,18,6,168,,176.2893,8.84
14,Education,7,West South Central,5,Hot or very hot,146000,1,9,40,,16.8413,54.9
2,Office,2,Middle Atlantic,3,Mixed mild,170000,1,3,40,100.0,59.3935,423.26
7,Public order and safety,9,Pacific,4,Warm,490000,12,8,168,,76.7782,26.02
26,Service,3,East North Central,2,Cool,2950,2,2,45,,45.5556,3075.23
8,Outpatient health care,2,Middle Atlantic,3,Mixed mild,3100,2,7,50,100.0,38.7581,1391.33
18,Lodging,9,Pacific,7,Withheld for confidentiality,61000,2,4,168,,78.7183,306.64
23,Strip shopping center,5,South Atlantic,4,Warm,124000,2,8,88,100.0,147.7205,406.08
2,Office,9,Pacific,4,Warm,116000,4,8,65,80.0,38.4392,9.11
26,Service,3,East North Central,3,Mixed mild,12000,1,5,55,,116.2708,611.8
14,Education,4,West North Central,3,Mixed mild,140000,4,9,60,,30.8389,329.67
5,Nonrefrigerated warehouse,2,Middle Atlantic,2,Cool,300000,2,5,130,,78.8498,14.9
18,Lodging,9,Pacific,3,Mixed mild,106000,4,9,168,,30.3488,100.08
2,Office,9,Pacific,4,Warm,6500,2,7,60,90.0,39.6249,3075.23
16,Inpatient health care,9,Pacific,7,Withheld for confidentiality,225000,4,2,168,,139.2234,10.17
2,Office,5,South Atlantic,4,Warm,1100,1,4,24,100.0,39.2709,1218.03
18,Lodging,7,West South Central,4,Warm,33000,2,4,168,,81.9037,1421.48
2,Office,3,East North Central,2,Cool,245000,4,5,16,69.0,109.3628,146.69
2,Office,5,South Atlantic,3,Mixed mild,245000,12,9,55,65.0,49.1571,58.26
5,Nonrefrigerated warehouse,5,South Atlantic,3,Mixed mild,70000,2,6,60,,22.6145,224.76
2,Office,7,West South Central,5,Hot or very hot,112000,4,8,40,75.0,48.885,97.52
2,Office,7,West South Central,5,Hot or very hot,225000,12,5,65,95.0,66.9745,9.01
5,Nonrefrigerated warehouse,5,South Atlantic,4,Warm,72000,2,4,40,,27.1396,14.9
12,Religious worship,9,Pacific,4,Warm,8000,3,8,20,,46.0358,1531.55
2,Office,4,West North Central,2,Cool,7100,2,7,45,100.0,32.031,2934.43
14,Education,8,Mountain,1,Cold or very cold,75000,1,7,40,,61.5834,383.99
2,Office,5,South Atlantic,5,Hot or very hot,60000,1,6,36,50.0,34.6048,310.59
2,Office,7,West South Central,4,Warm,320000,5,7,168,70.0,105.8032,17.47
13,Public assembly,3,East North Central,3,Mixed mild,1200,1,8,14,,11.8583,6534.79
13,Public assembly,3,East North Central,2,Cool,485000,5,2,78,,56.7793,49.37
5,Nonrefrigerated warehouse,5,South Atlantic,4,Warm,38000,2,3,45,,14.5187,1026.85
25,Retail other than mall,9,Pacific,2,Cool,200000,1,7,168,,106.1369,122.69
14,Education,2,Middle Atlantic,3,Mixed mild,7300,1,6,45,,56.0212,964.3
14,Education,3,East North Central,3,Mixed mild,225000,2,5,72,,58.2134,61.22
25,Retail other than mall,9,Pacific,2,Cool,215000,1,7,168,,117.7752,15.06
5,Nonrefrigerated warehouse,9,Pacific,3,Mixed mild,150000,2,8,45,,5.1232,249.3
13,Public assembly,2,Middle Atlantic,3,Mixed mild,1500,3,2,49,,189.304,3257.88
16,Inpatient health care,5,South Atlantic,7,Withheld for confidentiality,88000,1,6,168,,268.9928,28.53
14,Education,6,East South Central,7,Withheld for confidentiality,31000,1,5,64,,68.103,324.59
26,Service,7,West South Central,4,Warm,1600,1,8,40,,32.5944,2990.63
2,Office,5,South Atlantic,5,Hot or very hot,102000,4,7,62,97.0,71.4062,137.69
91,Other,1,New England,1,Cold or very cold,164000,2,6,50,,48.8368,58.57
8,Outpatient health care,3,East North Central,2,Cool,116000,3,7,168,95.0,119.635,64.41
15,Food service,8,Mountain,5,Hot or very hot,1750,1,3,60,,142.4549,1195.14
2,Office,8,Mountain,2,Cool,305000,12,8,40,98.0,38.0192,8.76
14,Education,2,Middle Atlantic,3,Mixed mild,156000,3,5,88,,62.4464,44.64
11,Refrigerated warehouse,2,Middle Atlantic,3,Mixed mild,150000,2,5,50,,53.8219,14.9
5,Nonrefrigerated warehouse,9,Pacific,4,Warm,162000,1,3,40,,6.5293,249.3
24,Enclosed mall,2,Middle Atlantic,7,Withheld for confidentiality,1500000,1,5,73,75.0,34.2318,11.95
16,Inpatient health care,2,Middle Atlantic,7,Withheld for confidentiality,260000,8,8,168,,245.0164,8.78
5,Nonrefrigerated warehouse,7,West South Central,5,Hot or very hot,30000,1,6,45,,23.402,633.24
7,Public order and safety,7,West South Central,5,Hot or very hot,270000,2,7,168,,72.6497,44.64
25,Retail other than mall,4,West North Central,3,Mixed mild,12000,3,6,50,,87.5338,1408.23
2,Office,2,Middle Atlantic,3,Mixed mild,190000,7,3,168,100.0,188.1705,14.9
16,Inpatient health care,7,West South Central,7,Withheld for confidentiality,800000,7,4,168,,112.5867,14.06
14,Education,9,Pacific,3,Mixed mild,102000,2,8,72,,37.6039,118.55
15,Food service,5,South Atlantic,4,Warm,2800,1,3,60,,263.7261,1218.03
5,Nonrefrigerated warehouse,9,Pacific,4,Warm,186000,1,8,40,,13.1879,70.08
5,Nonrefrigerated warehouse,9,Pacific,4,Warm,66000,2,5,55,,14.1911,215.07
18,Lodging,2,Middle Atlantic,7,Withheld for confidentiality,1000000,18,4,168,,210.0816,14.9
16,Inpatient health care,9,Pacific,7,Withheld for confidentiality,375000,6,7,168,,392.6214,3.95
12,Religious worship,5,South Atlantic,5,Hot or very hot,1400,1,8,11,,46.5557,1779.2
14,Education,3,East North Central,3,Mixed mild,81000,2,6,54,,63.1283,282.95
91,Other,7,West South Central,3,Mixed mild,11000,2,9,0,,27.6807,1218.03
12,Religious worship,5,South Atlantic,5,Hot or very hot,17500,1,6,40,,52.6174,1489.41
18,Lodging,4,West North Central,7,Withheld for confidentiality,96000,5,6,168,,122.2868,329.67
17,Nursing,3,East North Central,2,Cool,12500,3,6,168,,194.8288,1399.59
18,Lodging,2,Middle Atlantic,7,Withheld for confidentiality,460000,18,6,168,,167.2811,50.03
6,Food sales,3,East North Central,3,Mixed mild,9500,1,8,168,,235.7074,1195.14
16,Inpatient health care,7,West South Central,7,Withheld for confidentiality,435000,8,8,168,,163.0288,8.78
26,Service,3,East North Central,2,Cool,2500,1,5,168,,30.6128,1472.45
17,Nursing,2,Middle Atlantic,3,Mixed mild,100000,3,9,168,,94.1438,99.04
5,Nonrefrigerated warehouse,3,East North Central,2,Cool,12000,1,5,10,,55.2425,1531.55
18,Lodging,2,Middle Atlantic,7,Withheld for confidentiality,295000,12,4,168,,58.779,8.84
18,Lodging,5,South Atlantic,7,Withheld for confidentiality,210000,8,6,168,,96.7877,8.84
18,Lodging,2,Middle Atlantic,7,Withheld for confidentiality,400000,4,6,168,,114.7056,8.84
7,Public order and safety,7,West South Central,3,Mixed mild,51000,1,8,168,,64.0781,504.63
2,Office,6,East South Central,4,Warm,11500,1,6,40,100.0,66.1414,1489.41
2,Office,2,Middle Atlantic,7,Withheld for confidentiality,1500000,18,4,168,98.0,93.8542,14.9
5,Nonrefrigerated warehouse,3,East North Central,1,Cold or very cold,5100,1,8,168,,1.9827,6921.06
2,Office,8,Mountain,3,Mixed mild,1200,1,6,45,100.0,99.2383,736.22
14,Education,2,Middle Atlantic,3,Mixed mild,140000,6,2,50,,68.2562,332.94
14,Education,5,South Atlantic,5,Hot or very hot,116000,2,8,50,,36.2353,99.04
16,Inpatient health care,9,Pacific,7,Withheld for confidentiality,260000,5,4,168,,286.0667,55.73
14,Education,5,South Atlantic,4,Warm,41500,1,6,40,,55.3177,288.37
23,Strip shopping center,2,Middle Atlantic,3,Mixed mild,128000,2,2,75,93.0,138.1361,175.02
14,Education,7,West South Central,5,Hot or very hot,45500,1,6,60,,41.2314,504.63
13,Public assembly,5,South Atlantic,7,Withheld for confidentiality,1700000,4,8,16,,89.5881,19.43
2,Office,1,New England,2,Cool,700000,12,6,50,90.0,43.707,7.75
13,Public assembly,5,South Atlantic,3,Mixed mild,4000,1,8,10,,16.664,4468.96
2,Office,9,Pacific,4,Warm,235000,12,6,65,100.0,51.7834,15.06
2,Office,2,Middle Atlantic,2,Cool,22500,1,6,55,70.0,73.1769,1489.41
2,Office,5,South Atlantic,4,Warm,49500,2,7,50,100.0,60.2769,224.76
12,Religious worship,3,East North Central,2,Cool,30000,2,6,8,,22.0722,1531.55
15,Food service,4,West North Central,3,Mixed mild,2700,1,8,112,,732.8359,1218.03
5,Nonrefrigerated warehouse,7,West South Central,5,Hot or very hot,120000,2,8,50,,24.1219,115.69
18,Lodging,3,East North Central,7,Withheld for confidentiality,500001,18,4,168,,103.9947,8.93
25,Retail other than mall,5,South Atlantic,3,Mixed mild,2000,1,6,10,,38.346,2990.63
7,Public order and safety,2,Middle Atlantic,2,Cool,10250,2,8,168,,100.6585,4384.99
2,Office,7,West South Central,3,Mixed mild,15250,1,7,40,90.0,34.9125,1413.09
2,Office,2,Middle Atlantic,1,Cold or very cold,2400,1,3,168,100.0,60.6008,2990.63
12,Religious worship,6,East South Central,3,Mixed mild,20250,1,7,40,,5.5289,1413.09
14,Education,2,Middle Atlantic,3,Mixed mild,45000,5,2,80,,55.6399,589.53
26,Service,8,Mountain,5,Hot or very hot,2500,1,7,60,,40.87,2934.43
14,Education,6,East South Central,4,Warm,56000,1,2,50,,83.5714,330.8
25,Retail other than mall,5,South Atlantic,4,Warm,6500,1,5,45,,46.1549,1413.09
25,Retail other than mall,8,Mountain,2,Cool,184000,1,8,168,,109.4999,107.76
16,Inpatient health care,3,East North Central,7,Withheld for confidentiality,900000,9,4,168,,142.4857,16.25
25,Retail other than mall,6,East South Central,4,Warm,8500,1,8,60,,70.3119,2577.06
2,Office,2,Middle Atlantic,3,Mixed mild,41500,2,2,60,100.0,49.3063,1684.37
2,Office,7,West South Central,5,Hot or very hot,1500,1,3,40,100.0,51.1027,2990.63
7,Public order and safety,7,West South Central,4,Warm,250000,3,3,168,,145.892,99.04
18,Lodging,1,New England,1,Cold or very cold,2200,1,7,168,,115.8227,4384.99
17,Nursing,3,East North Central,1,Cold or very cold,5500,1,7,168,,185.8753,1399.59
26,Service,5,South Atlantic,4,Warm,2000,1,6,40,,36.2245,1779.2
12,Religious worship,9,Pacific,3,Mixed mild,4500,1,5,8,,17.2042,3075.23
25,Retail other than mall,5,South Atlantic,5,Hot or very hot,41000,1,9,126,,165.1915,623.52
13,Public assembly,7,West South Central,4,Warm,365000,8,4,134,,110.5415,8.44
2,Office,9,Pacific,4,Warm,160000,4,6,60,75.0,43.4624,15.06
26,Service,7,West South Central,3,Mixed mild,28000,2,7,60,,2.8065,589.53
2,Office,6,East South Central,4,Warm,250000,8,5,65,85.0,68.7317,14.67
12,Religious worship,3,East North Central,2,Cool,10000,2,4,3,,18.0042,2747.83
16,Inpatient health care,8,Mountain,7,Withheld for confidentiality,600000,7,6,168,,133.3345,8.78
16,Inpatient health care,8,Mountain,7,Withheld for confidentiality,350000,6,6,168,,238.1632,16.62
24,Enclosed mall,2,Middle Atlantic,7,Withheld for confidentiality,370000,5,8,86,50.0,7.1566,48.85
13,Public assembly,5,South Atlantic,5,Hot or very hot,43000,1,9,37,,98.006,417.91
2,Office,2,Middle Atlantic,3,Mixed mild,375000,18,2,60,85.0,59.7297,14.9
16,Inpatient health care,4,West North Central,7,Withheld for confidentiality,350000,6,3,168,,301.1032,17.04
2,Office,5,South Atlantic,5,Hot or very hot,168000,9,4,168,70.0,32.3761,14.9
14,Education,9,Pacific,4,Warm,130000,1,3,45,,10.8764,100.08
5,Nonrefrigerated warehouse,3,East North Central,2,Cool,325000,1,9,80,,18.3142,66.72
2,Office,8,Mountain,5,Hot or very hot,17250,4,8,40,100.0,106.7466,14.67
5,Nonrefrigerated warehouse,1,New England,1,Cold or very cold,265000,1,6,50,,4.74,27.28
2,Office,5,South Atlantic,4,Warm,18000,1,3,40,100.0,47.7804,431.11
14,Education,1,New England,1,Cold or very cold,80000,3,8,72,,72.7182,97.52
18,Lodging,5,South Atlantic,7,Withheld for confidentiality,160000,12,6,168,,94.3842,8.84
18,Lodging,5,South Atlantic,7,Withheld for confidentiality,375000,5,6,168,,23.4657,11.3
25,Retail other than mall,2,Middle Atlantic,2,Cool,205000,1,8,168,,125.3101,14.9
2,Office,4,West North Central,1,Cold or very cold,300000,12,2,65,100.0,61.0517,14.9
14,Education,3,East North Central,2,Cool,285000,3,2,100,,92.7209,9.11
13,Public assembly,4,West North Central,2,Cool,9500,1,3,0,,33.1289,1260.11
2,Office,9,Pacific,4,Warm,156000,9,6,65,100.0,155.3772,51.4
91,Other,5,South Atlantic,3,Mixed mild,19000,1,6,168,,3.7143,1971.93
2,Office,2,Middle Atlantic,3,Mixed mild,395000,18,5,168,90.0,104.1865,58.26
23,Strip shopping center,3,East North Central,2,Cool,81000,1,9,105,100.0,194.9015,175.02
2,Office,8,Mountain,5,Hot or very hot,255000,18,4,65,65.0,43.9695,14.67
13,Public assembly,3,East North Central,2,Cool,315000,2,6,112,,206.7132,29.27
23,Strip shopping center,1,New England,2,Cool,98000,1,6,112,96.0,164.9472,395.28
17,Nursing,3,East North Central,2,Cool,12000,1,8,168,,123.6782,1399.59
5,Nonrefrigerated warehouse,4,West North Central,2,Cool,2200,1,9,50,,28.7523,6659.94
2,Office,9,Pacific,4,Warm,63000,2,7,55,80.0,37.6632,15.06
12,Religious worship,3,East North Central,2,Cool,85000,3,8,84,,88.4582,614.49
26,Service,8,Mountain,2,Cool,8000,1,7,50,,7.6004,2990.63
13,Public assembly,3,East North Central,3,Mixed mild,85000,2,8,100,,220.8588,221.3
26,Service,4,West North Central,1,Cold or very cold,2500,2,6,50,,65.568,6659.94
14,Education,4,West North Central,2,Cool,27000,1,3,50,,77.2705,473.86
5,Nonrefrigerated warehouse,3,East North Central,3,Mixed mild,40500,1,5,42,,94.28,349.71
13,Public assembly,9,Pacific,2,Cool,60000,4,2,70,,68.2609,286.39
2,Office,9,Pacific,4,Warm,85000,4,5,40,100.0,76.6933,15.06
2,Office,9,Pacific,3,Mixed mild,3000,1,5,45,100.0,20.7167,1265.79
12,Religious worship,7,West South Central,4,Warm,20250,1,7,40,,31.7861,1413.09
5,Nonrefrigerated warehouse,9,Pacific,4,Warm,7900,1,8,40,,8.137,1829.53
13,Public assembly,4,West North Central,3,Mixed mild,15000,1,2,37,,8.0834,1408.23
2,Office,2,Middle Atlantic,3,Mixed mild,700000,18,6,70,100.0,112.9679,14.9
13,Public assembly,3,East North Central,2,Cool,6400,1,4,14,,113.1159,3075.23
14,Education,2,Middle Atlantic,3,Mixed mild,142000,2,3,45,,67.7338,288.37
25,Retail other than mall,2,Middle Atlantic,3,Mixed mild,380000,2,8,66,,43.64,48.85
2,Office,3,East North Central,2,Cool,108000,5,5,67,65.0,69.3636,15.06
2,Office,2,Middle Atlantic,2,Cool,275000,8,2,50,80.0,49.0363,63.15
16,Inpatient health care,9,Pacific,7,Withheld for confidentiality,55000,2,4,168,,109.8815,8.93
14,Education,2,Middle Atlantic,3,Mixed mild,97000,4,4,90,,90.0026,97.52
12,Religious worship,4,West North Central,1,Cold or very cold,2450,2,2,2,,22.4833,2990.63
13,Public assembly,5,South Atlantic,5,Hot or very hot,80000,2,9,88,,147.054,14.9
16,Inpatient health care,9,Pacific,7,Withheld for confidentiality,205000,3,8,168,,252.6663,11.65
26,Service,2,Middle Atlantic,3,Mixed mild,4000,1,4,46,,24.1468,2990.63
8,Outpatient health care,2,Middle Atlantic,3,Mixed mild,96000,3,6,72,100.0,126.8418,117.32
15,Food service,6,East South Central,4,Warm,7200,1,8,71,,259.7722,1218.03
2,Office,6,East South Central,3,Mixed mild,3000,1,9,50,33.0,22.0237,1500.65
2,Office,7,West South Central,5,Hot or very hot,500001,18,6,60,85.0,48.2628,14.9
2,Office,6,East South Central,4,Warm,600000,9,3,70,97.0,34.3584,6.42
14,Education,8,Mountain,2,Cool,275000,2,6,60,,36.2582,8.84
5,Nonrefrigerated warehouse,5,South Atlantic,5,Hot or very hot,350000,1,5,55,,7.1904,14.9
5,Nonrefrigerated warehouse,3,East North Central,2,Cool,16000,1,2,45,,35.3948,717.24
2,Office,2,Middle Atlantic,2,Cool,225000,18,5,50,100.0,63.0576,626.52
14,Education,5,South Atlantic,3,Mixed mild,390000,4,4,72,,49.5646,44.64
2,Office,8,Mountain,2,Cool,144000,7,5,40,98.0,19.4736,58.26
2,Office,9,Pacific,4,Warm,2100,1,8,40,100.0,13.889,1829.53
13,Public assembly,5,South Atlantic,4,Warm,29500,1,7,98,,103.0265,591.56
5,Nonrefrigerated warehouse,7,West South Central,5,Hot or very hot,13000,1,6,50,,3.935,1489.41
25,Retail other than mall,3,East North Central,2,Cool,7800,2,2,39,,26.8913,3075.23
2,Office,8,Mountain,5,Hot or very hot,235000,4,8,60,90.0,41.25,14.67
2,Office,4,West North Central,3,Mixed mild,91000,2,6,50,100.0,47.8041,14.9
18,Lodging,5,South Atlantic,7,Withheld for confidentiality,30000,3,4,168,,67.823,429.63
13,Public assembly,8,Mountain,4,Warm,9000,1,7,65,,25.5722,1195.14
15,Food service,9,Pacific,4,Warm,1500,1,6,98,,346.0693,1265.79
17,Nursing,6,East South Central,4,Warm,15500,1,8,168,,38.5618,1426.39
15,Food service,5,South Atlantic,4,Warm,1700,1,8,168,,474.15,1218.03
18,Lodging,9,Pacific,4,Warm,200000,8,5,168,,76.9523,51.34
15,Food service,5,South Atlantic,5,Hot or very hot,3000,1,6,70,,454.2327,1218.03
2,Office,2,Middle Atlantic,3,Mixed mild,114000,4,6,50,65.0,55.046,14.9
2,Office,9,Pacific,3,Mixed mild,430000,18,6,64,85.0,38.7174,15.06
2,Office,3,East North Central,2,Cool,385000,4,2,12,100.0,56.1415,14.93
14,Education,4,West North Central,2,Cool,126000,2,7,40,,73.2755,44.64
12,Religious worship,7,West South Central,5,Hot or very hot,19000,2,8,45,,47.8503,3320.27
5,Nonrefrigerated warehouse,2,Middle Atlantic,2,Cool,350000,2,6,168,,62.0942,31.35
18,Lodging,7,West South Central,5,Hot or very hot,210000,7,9,168,,115.8565,6.63
5,Nonrefrigerated warehouse,6,East South Central,4,Warm,2500,1,2,30,,2.9736,2990.63
2,Office,2,Middle Atlantic,2,Cool,265000,18,5,60,99.0,78.5487,14.9
26,Service,2,Middle Atlantic,3,Mixed mild,10500,1,8,96,,52.5527,4037.4
2,Office,5,South Atlantic,4,Warm,54000,3,2,65,100.0,90.958,429.63
18,Lodging,1,New England,3,Mixed mild,132000,5,8,168,,45.1689,97.52
14,Education,8,Mountain,2,Cool,130000,3,4,60,,50.1033,330.8
2,Office,5,South Atlantic,4,Warm,122000,5,6,168,95.0,96.3482,14.9
23,Strip shopping center,5,South Atlantic,4,Warm,15000,1,5,60,100.0,79.7327,2009.74
14,Education,2,Middle Atlantic,7,Withheld for confidentiality,188000,7,5,80,,68.2543,5.89
